compliance_id,project_id,requirement,status,due_date,verified_date,remarks
CMP-00001,MPL-0001,Sanction Order,Present,27-10-2026,02-10-2026,Prototype compliance record
CMP-00002,MPL-0001,Progress Update,Present,27-10-2026,12-08-2026,Prototype compliance record
CMP-00003,MPL-0001,Inspection Report,Present,27-10-2026,30-06-2026,Prototype compliance record
CMP-00004,MPL-0001,Payment Support,Missing,27-10-2026,,Prototype compliance record
CMP-00005,MPL-0001,Completion Certificate,Present,27-10-2026,22-08-2026,Prototype compliance record
CMP-00006,MPL-0002,Sanction Order,Present,03-02-2027,26-04-2026,Prototype compliance record
CMP-00007,MPL-0002,Progress Update,Present,03-02-2027,02-05-2026,Prototype compliance record
CMP-00008,MPL-0002,Inspection Report,Present,03-02-2027,19-11-2026,Prototype compliance record
CMP-00009,MPL-0002,Payment Support,Present,03-02-2027,22-04-2026,Prototype compliance record
CMP-00010,MPL-0002,Completion Certificate,Present,03-02-2027,04-11-2026,Prototype compliance record
CMP-00011,MPL-0003,Sanction Order,Present,20-02-2027,21-11-2026,Prototype compliance record
CMP-00012,MPL-0003,Progress Update,Present,20-02-2027,09-08-2026,Prototype compliance record
CMP-00013,MPL-0003,Inspection Report,Present,20-02-2027,10-09-2026,Prototype compliance record
CMP-00014,MPL-0003,Payment Support,Present,20-02-2027,29-12-2026,Prototype compliance record
CMP-00015,MPL-0003,Completion Certificate,Present,20-02-2027,19-05-2026,Prototype compliance record
CMP-00016,MPL-0004,Sanction Order,Present,18-06-2027,17-12-2026,Prototype compliance record
CMP-00017,MPL-0004,Progress Update,Present,18-06-2027,28-02-2027,Prototype compliance record
CMP-00018,MPL-0004,Inspection Report,Present,18-06-2027,21-02-2027,Prototype compliance record
CMP-00019,MPL-0004,Payment Support,Present,18-06-2027,07-08-2026,Prototype compliance record
CMP-00020,MPL-0004,Completion Certificate,Present,18-06-2027,17-09-2026,Prototype compliance record
CMP-00021,MPL-0005,Sanction Order,Present,15-01-2027,17-04-2026,Prototype compliance record
CMP-00022,MPL-0005,Progress Update,Present,15-01-2027,16-06-2026,Prototype compliance record
CMP-00023,MPL-0005,Inspection Report,Present,15-01-2027,01-10-2026,Prototype compliance record
CMP-00024,MPL-0005,Payment Support,Present,15-01-2027,15-08-2026,Prototype compliance record
CMP-00025,MPL-0005,Completion Certificate,Present,15-01-2027,29-06-2026,Prototype compliance record
CMP-00026,MPL-0006,Sanction Order,Present,12-12-2026,22-03-2026,Prototype compliance record
CMP-00027,MPL-0006,Progress Update,Missing,12-12-2026,,Prototype compliance record
CMP-00028,MPL-0006,Inspection Report,Present,12-12-2026,13-08-2026,Prototype compliance record
CMP-00029,MPL-0006,Payment Support,Present,12-12-2026,02-12-2026,Prototype compliance record
CMP-00030,MPL-0006,Completion Certificate,Present,12-12-2026,07-07-2026,Prototype compliance record
CMP-00031,MPL-0007,Sanction Order,Present,17-02-2027,30-05-2026,Prototype compliance record
CMP-00032,MPL-0007,Progress Update,Present,17-02-2027,23-12-2026,Prototype compliance record
CMP-00033,MPL-0007,Inspection Report,Present,17-02-2027,08-05-2026,Prototype compliance record
CMP-00034,MPL-0007,Payment Support,Present,17-02-2027,10-05-2026,Prototype compliance record
CMP-00035,MPL-0007,Completion Certificate,Present,17-02-2027,21-07-2026,Prototype compliance record
CMP-00036,MPL-0008,Sanction Order,Missing,26-12-2026,,Prototype compliance record
CMP-00037,MPL-0008,Progress Update,Present,26-12-2026,07-04-2026,Prototype compliance record
CMP-00038,MPL-0008,Inspection Report,Missing,26-12-2026,,Prototype compliance record
CMP-00039,MPL-0008,Payment Support,Present,26-12-2026,29-03-2026,Prototype compliance record
CMP-00040,MPL-0008,Completion Certificate,Present,26-12-2026,28-06-2026,Prototype compliance record
CMP-00041,MPL-0009,Sanction Order,Present,02-09-2026,02-11-2026,Prototype compliance record
CMP-00042,MPL-0009,Progress Update,Present,02-09-2026,05-07-2026,Prototype compliance record
CMP-00043,MPL-0009,Inspection Report,Present,02-09-2026,13-11-2026,Prototype compliance record
CMP-00044,MPL-0009,Payment Support,Present,02-09-2026,28-10-2026,Prototype compliance record
CMP-00045,MPL-0009,Completion Certificate,Present,02-09-2026,02-10-2026,Prototype compliance record
CMP-00046,MPL-0010,Sanction Order,Missing,10-10-2026,,Prototype compliance record
CMP-00047,MPL-0010,Progress Update,Present,10-10-2026,02-09-2026,Prototype compliance record
CMP-00048,MPL-0010,Inspection Report,Present,10-10-2026,06-05-2026,Prototype compliance record
CMP-00049,MPL-0010,Payment Support,Present,10-10-2026,16-08-2026,Prototype compliance record
CMP-00050,MPL-0010,Completion Certificate,Present,10-10-2026,14-03-2026,Prototype compliance record
CMP-00051,MPL-0011,Sanction Order,Present,10-02-2027,11-10-2026,Prototype compliance record
CMP-00052,MPL-0011,Progress Update,Present,10-02-2027,24-10-2026,Prototype compliance record
CMP-00053,MPL-0011,Inspection Report,Present,10-02-2027,25-01-2027,Prototype compliance record
CMP-00054,MPL-0011,Payment Support,Present,10-02-2027,16-11-2026,Prototype compliance record
CMP-00055,MPL-0011,Completion Certificate,Present,10-02-2027,05-06-2026,Prototype compliance record
CMP-00056,MPL-0012,Sanction Order,Present,20-11-2026,15-04-2026,Prototype compliance record
CMP-00057,MPL-0012,Progress Update,Present,20-11-2026,17-10-2026,Prototype compliance record
CMP-00058,MPL-0012,Inspection Report,Present,20-11-2026,26-08-2026,Prototype compliance record
CMP-00059,MPL-0012,Payment Support,Present,20-11-2026,07-05-2026,Prototype compliance record
CMP-00060,MPL-0012,Completion Certificate,Missing,20-11-2026,,Prototype compliance record
CMP-00061,MPL-0013,Sanction Order,Present,24-12-2026,28-02-2027,Prototype compliance record
CMP-00062,MPL-0013,Progress Update,Present,24-12-2026,16-01-2027,Prototype compliance record
CMP-00063,MPL-0013,Inspection Report,Present,24-12-2026,04-06-2026,Prototype compliance record
CMP-00064,MPL-0013,Payment Support,Present,24-12-2026,28-01-2027,Prototype compliance record
CMP-00065,MPL-0013,Completion Certificate,Present,24-12-2026,01-07-2026,Prototype compliance record
CMP-00066,MPL-0014,Sanction Order,Present,07-09-2026,21-11-2026,Prototype compliance record
CMP-00067,MPL-0014,Progress Update,Missing,07-09-2026,,Prototype compliance record
CMP-00068,MPL-0014,Inspection Report,Present,07-09-2026,31-10-2026,Prototype compliance record
CMP-00069,MPL-0014,Payment Support,Missing,07-09-2026,,Prototype compliance record
CMP-00070,MPL-0014,Completion Certificate,Present,07-09-2026,22-05-2026,Prototype compliance record
CMP-00071,MPL-0015,Sanction Order,Present,27-01-2027,30-11-2026,Prototype compliance record
CMP-00072,MPL-0015,Progress Update,Present,27-01-2027,22-06-2026,Prototype compliance record
CMP-00073,MPL-0015,Inspection Report,Present,27-01-2027,16-07-2026,Prototype compliance record
CMP-00074,MPL-0015,Payment Support,Present,27-01-2027,17-10-2026,Prototype compliance record
CMP-00075,MPL-0015,Completion Certificate,Present,27-01-2027,11-12-2026,Prototype compliance record
CMP-00076,MPL-0016,Sanction Order,Present,27-10-2026,14-05-2026,Prototype compliance record
CMP-00077,MPL-0016,Progress Update,Present,27-10-2026,29-05-2026,Prototype compliance record
CMP-00078,MPL-0016,Inspection Report,Missing,27-10-2026,,Prototype compliance record
CMP-00079,MPL-0016,Payment Support,Present,27-10-2026,28-03-2026,Prototype compliance record
CMP-00080,MPL-0016,Completion Certificate,Present,27-10-2026,05-02-2026,Prototype compliance record
CMP-00081,MPL-0017,Sanction Order,Present,19-12-2026,28-06-2026,Prototype compliance record
CMP-00082,MPL-0017,Progress Update,Present,19-12-2026,08-08-2026,Prototype compliance record
CMP-00083,MPL-0017,Inspection Report,Present,19-12-2026,28-09-2026,Prototype compliance record
CMP-00084,MPL-0017,Payment Support,Present,19-12-2026,16-10-2026,Prototype compliance record
CMP-00085,MPL-0017,Completion Certificate,Missing,19-12-2026,,Prototype compliance record
CMP-00086,MPL-0018,Sanction Order,Present,05-08-2026,24-06-2026,Prototype compliance record
CMP-00087,MPL-0018,Progress Update,Present,05-08-2026,13-07-2026,Prototype compliance record
CMP-00088,MPL-0018,Inspection Report,Present,05-08-2026,23-04-2026,Prototype compliance record
CMP-00089,MPL-0018,Payment Support,Present,05-08-2026,03-09-2026,Prototype compliance record
CMP-00090,MPL-0018,Completion Certificate,Present,05-08-2026,07-05-2026,Prototype compliance record
CMP-00091,MPL-0019,Sanction Order,Present,16-04-2027,30-08-2026,Prototype compliance record
CMP-00092,MPL-0019,Progress Update,Present,16-04-2027,18-07-2026,Prototype compliance record
CMP-00093,MPL-0019,Inspection Report,Present,16-04-2027,11-01-2027,Prototype compliance record
CMP-00094,MPL-0019,Payment Support,Present,16-04-2027,10-01-2027,Prototype compliance record
CMP-00095,MPL-0019,Completion Certificate,Present,16-04-2027,17-02-2027,Prototype compliance record
CMP-00096,MPL-0020,Sanction Order,Present,09-10-2026,28-11-2026,Prototype compliance record
CMP-00097,MPL-0020,Progress Update,Missing,09-10-2026,,Prototype compliance record
CMP-00098,MPL-0020,Inspection Report,Present,09-10-2026,30-09-2026,Prototype compliance record
CMP-00099,MPL-0020,Payment Support,Missing,09-10-2026,,Prototype compliance record
CMP-00100,MPL-0020,Completion Certificate,Present,09-10-2026,31-05-2026,Prototype compliance record
CMP-00101,MPL-0021,Sanction Order,Present,22-01-2027,30-11-2026,Prototype compliance record
CMP-00102,MPL-0021,Progress Update,Present,22-01-2027,08-08-2026,Prototype compliance record
CMP-00103,MPL-0021,Inspection Report,Missing,22-01-2027,,Prototype compliance record
CMP-00104,MPL-0021,Payment Support,Missing,22-01-2027,,Prototype compliance record
CMP-00105,MPL-0021,Completion Certificate,Missing,22-01-2027,,Prototype compliance record
CMP-00106,MPL-0022,Sanction Order,Present,19-10-2026,06-09-2026,Prototype compliance record
CMP-00107,MPL-0022,Progress Update,Present,19-10-2026,22-10-2026,Prototype compliance record
CMP-00108,MPL-0022,Inspection Report,Missing,19-10-2026,,Prototype compliance record
CMP-00109,MPL-0022,Payment Support,Present,19-10-2026,11-04-2026,Prototype compliance record
CMP-00110,MPL-0022,Completion Certificate,Present,19-10-2026,10-10-2026,Prototype compliance record
CMP-00111,MPL-0023,Sanction Order,Present,24-06-2027,18-04-2027,Prototype compliance record
CMP-00112,MPL-0023,Progress Update,Present,24-06-2027,13-10-2026,Prototype compliance record
CMP-00113,MPL-0023,Inspection Report,Present,24-06-2027,10-11-2026,Prototype compliance record
CMP-00114,MPL-0023,Payment Support,Present,24-06-2027,20-09-2026,Prototype compliance record
CMP-00115,MPL-0023,Completion Certificate,Present,24-06-2027,15-11-2026,Prototype compliance record
CMP-00116,MPL-0024,Sanction Order,Present,20-12-2026,15-11-2026,Prototype compliance record
CMP-00117,MPL-0024,Progress Update,Present,20-12-2026,17-11-2026,Prototype compliance record
CMP-00118,MPL-0024,Inspection Report,Present,20-12-2026,11-10-2026,Prototype compliance record
CMP-00119,MPL-0024,Payment Support,Missing,20-12-2026,,Prototype compliance record
CMP-00120,MPL-0024,Completion Certificate,Present,20-12-2026,14-08-2026,Prototype compliance record
CMP-00121,MPL-0025,Sanction Order,Present,11-02-2027,29-08-2026,Prototype compliance record
CMP-00122,MPL-0025,Progress Update,Present,11-02-2027,30-12-2026,Prototype compliance record
CMP-00123,MPL-0025,Inspection Report,Present,11-02-2027,14-08-2026,Prototype compliance record
CMP-00124,MPL-0025,Payment Support,Present,11-02-2027,26-01-2027,Prototype compliance record
CMP-00125,MPL-0025,Completion Certificate,Present,11-02-2027,31-01-2027,Prototype compliance record
CMP-00126,MPL-0026,Sanction Order,Present,11-11-2026,23-08-2026,Prototype compliance record
CMP-00127,MPL-0026,Progress Update,Present,11-11-2026,04-09-2026,Prototype compliance record
CMP-00128,MPL-0026,Inspection Report,Present,11-11-2026,12-09-2026,Prototype compliance record
CMP-00129,MPL-0026,Payment Support,Present,11-11-2026,23-06-2026,Prototype compliance record
CMP-00130,MPL-0026,Completion Certificate,Present,11-11-2026,05-08-2026,Prototype compliance record
CMP-00131,MPL-0027,Sanction Order,Present,27-11-2026,12-07-2026,Prototype compliance record
CMP-00132,MPL-0027,Progress Update,Present,27-11-2026,09-11-2026,Prototype compliance record
CMP-00133,MPL-0027,Inspection Report,Missing,27-11-2026,,Prototype compliance record
CMP-00134,MPL-0027,Payment Support,Present,27-11-2026,15-10-2026,Prototype compliance record
CMP-00135,MPL-0027,Completion Certificate,Present,27-11-2026,28-12-2026,Prototype compliance record
CMP-00136,MPL-0028,Sanction Order,Present,10-04-2027,22-08-2026,Prototype compliance record
CMP-00137,MPL-0028,Progress Update,Present,10-04-2027,07-01-2027,Prototype compliance record
CMP-00138,MPL-0028,Inspection Report,Present,10-04-2027,05-08-2026,Prototype compliance record
CMP-00139,MPL-0028,Payment Support,Present,10-04-2027,08-10-2026,Prototype compliance record
CMP-00140,MPL-0028,Completion Certificate,Present,10-04-2027,15-11-2026,Prototype compliance record
CMP-00141,MPL-0029,Sanction Order,Present,14-03-2027,13-08-2026,Prototype compliance record
CMP-00142,MPL-0029,Progress Update,Present,14-03-2027,27-07-2026,Prototype compliance record
CMP-00143,MPL-0029,Inspection Report,Present,14-03-2027,25-02-2027,Prototype compliance record
CMP-00144,MPL-0029,Payment Support,Present,14-03-2027,07-08-2026,Prototype compliance record
CMP-00145,MPL-0029,Completion Certificate,Present,14-03-2027,25-12-2026,Prototype compliance record
CMP-00146,MPL-0030,Sanction Order,Present,26-01-2027,15-03-2027,Prototype compliance record
CMP-00147,MPL-0030,Progress Update,Present,26-01-2027,25-12-2026,Prototype compliance record
CMP-00148,MPL-0030,Inspection Report,Present,26-01-2027,21-09-2026,Prototype compliance record
CMP-00149,MPL-0030,Payment Support,Present,26-01-2027,27-07-2026,Prototype compliance record
CMP-00150,MPL-0030,Completion Certificate,Present,26-01-2027,25-02-2027,Prototype compliance record
CMP-00151,MPL-0031,Sanction Order,Present,01-01-2027,05-09-2026,Prototype compliance record
CMP-00152,MPL-0031,Progress Update,Missing,01-01-2027,,Prototype compliance record
CMP-00153,MPL-0031,Inspection Report,Present,01-01-2027,20-07-2026,Prototype compliance record
CMP-00154,MPL-0031,Payment Support,Present,01-01-2027,29-08-2026,Prototype compliance record
CMP-00155,MPL-0031,Completion Certificate,Present,01-01-2027,25-09-2026,Prototype compliance record
CMP-00156,MPL-0032,Sanction Order,Present,08-02-2027,23-11-2026,Prototype compliance record
CMP-00157,MPL-0032,Progress Update,Present,08-02-2027,28-09-2026,Prototype compliance record
CMP-00158,MPL-0032,Inspection Report,Present,08-02-2027,20-05-2026,Prototype compliance record
CMP-00159,MPL-0032,Payment Support,Missing,08-02-2027,,Prototype compliance record
CMP-00160,MPL-0032,Completion Certificate,Present,08-02-2027,10-12-2026,Prototype compliance record
CMP-00161,MPL-0033,Sanction Order,Present,13-01-2027,15-09-2026,Prototype compliance record
CMP-00162,MPL-0033,Progress Update,Present,13-01-2027,26-07-2026,Prototype compliance record
CMP-00163,MPL-0033,Inspection Report,Present,13-01-2027,15-11-2026,Prototype compliance record
CMP-00164,MPL-0033,Payment Support,Present,13-01-2027,09-07-2026,Prototype compliance record
CMP-00165,MPL-0033,Completion Certificate,Present,13-01-2027,14-04-2026,Prototype compliance record
CMP-00166,MPL-0034,Sanction Order,Present,24-05-2027,31-03-2027,Prototype compliance record
CMP-00167,MPL-0034,Progress Update,Present,24-05-2027,18-11-2026,Prototype compliance record
CMP-00168,MPL-0034,Inspection Report,Present,24-05-2027,28-10-2026,Prototype compliance record
CMP-00169,MPL-0034,Payment Support,Present,24-05-2027,23-12-2026,Prototype compliance record
CMP-00170,MPL-0034,Completion Certificate,Present,24-05-2027,26-12-2026,Prototype compliance record
CMP-00171,MPL-0035,Sanction Order,Present,27-11-2026,24-08-2026,Prototype compliance record
CMP-00172,MPL-0035,Progress Update,Present,27-11-2026,11-06-2026,Prototype compliance record
CMP-00173,MPL-0035,Inspection Report,Present,27-11-2026,01-06-2026,Prototype compliance record
CMP-00174,MPL-0035,Payment Support,Present,27-11-2026,28-08-2026,Prototype compliance record
CMP-00175,MPL-0035,Completion Certificate,Present,27-11-2026,28-09-2026,Prototype compliance record
CMP-00176,MPL-0036,Sanction Order,Present,27-12-2026,26-10-2026,Prototype compliance record
CMP-00177,MPL-0036,Progress Update,Present,27-12-2026,19-11-2026,Prototype compliance record
CMP-00178,MPL-0036,Inspection Report,Present,27-12-2026,23-12-2026,Prototype compliance record
CMP-00179,MPL-0036,Payment Support,Present,27-12-2026,26-04-2026,Prototype compliance record
CMP-00180,MPL-0036,Completion Certificate,Present,27-12-2026,08-11-2026,Prototype compliance record
CMP-00181,MPL-0037,Sanction Order,Present,02-03-2027,07-04-2026,Prototype compliance record
CMP-00182,MPL-0037,Progress Update,Present,02-03-2027,12-10-2026,Prototype compliance record
CMP-00183,MPL-0037,Inspection Report,Present,02-03-2027,14-06-2026,Prototype compliance record
CMP-00184,MPL-0037,Payment Support,Present,02-03-2027,06-05-2026,Prototype compliance record
CMP-00185,MPL-0037,Completion Certificate,Present,02-03-2027,16-07-2026,Prototype compliance record
CMP-00186,MPL-0038,Sanction Order,Present,08-02-2027,29-09-2026,Prototype compliance record
CMP-00187,MPL-0038,Progress Update,Present,08-02-2027,06-01-2027,Prototype compliance record
CMP-00188,MPL-0038,Inspection Report,Present,08-02-2027,24-08-2026,Prototype compliance record
CMP-00189,MPL-0038,Payment Support,Present,08-02-2027,18-08-2026,Prototype compliance record
CMP-00190,MPL-0038,Completion Certificate,Present,08-02-2027,12-03-2027,Prototype compliance record
CMP-00191,MPL-0039,Sanction Order,Present,12-03-2027,25-12-2026,Prototype compliance record
CMP-00192,MPL-0039,Progress Update,Present,12-03-2027,07-05-2026,Prototype compliance record
CMP-00193,MPL-0039,Inspection Report,Present,12-03-2027,26-04-2026,Prototype compliance record
CMP-00194,MPL-0039,Payment Support,Present,12-03-2027,31-12-2026,Prototype compliance record
CMP-00195,MPL-0039,Completion Certificate,Present,12-03-2027,03-01-2027,Prototype compliance record
CMP-00196,MPL-0040,Sanction Order,Present,03-02-2027,23-10-2026,Prototype compliance record
CMP-00197,MPL-0040,Progress Update,Present,03-02-2027,14-12-2026,Prototype compliance record
CMP-00198,MPL-0040,Inspection Report,Present,03-02-2027,24-10-2026,Prototype compliance record
CMP-00199,MPL-0040,Payment Support,Present,03-02-2027,20-12-2026,Prototype compliance record
CMP-00200,MPL-0040,Completion Certificate,Present,03-02-2027,21-03-2027,Prototype compliance record
CMP-00201,MPL-0041,Sanction Order,Present,01-10-2026,17-06-2026,Prototype compliance record
CMP-00202,MPL-0041,Progress Update,Present,01-10-2026,04-11-2026,Prototype compliance record
CMP-00203,MPL-0041,Inspection Report,Present,01-10-2026,18-09-2026,Prototype compliance record
CMP-00204,MPL-0041,Payment Support,Present,01-10-2026,20-11-2026,Prototype compliance record
CMP-00205,MPL-0041,Completion Certificate,Present,01-10-2026,13-08-2026,Prototype compliance record
CMP-00206,MPL-0042,Sanction Order,Present,30-01-2027,17-12-2026,Prototype compliance record
CMP-00207,MPL-0042,Progress Update,Present,30-01-2027,21-12-2026,Prototype compliance record
CMP-00208,MPL-0042,Inspection Report,Present,30-01-2027,08-08-2026,Prototype compliance record
CMP-00209,MPL-0042,Payment Support,Present,30-01-2027,23-03-2027,Prototype compliance record
CMP-00210,MPL-0042,Completion Certificate,Present,30-01-2027,04-03-2027,Prototype compliance record
CMP-00211,MPL-0043,Sanction Order,Present,25-07-2026,28-09-2026,Prototype compliance record
CMP-00212,MPL-0043,Progress Update,Present,25-07-2026,28-06-2026,Prototype compliance record
CMP-00213,MPL-0043,Inspection Report,Present,25-07-2026,17-05-2026,Prototype compliance record
CMP-00214,MPL-0043,Payment Support,Present,25-07-2026,22-04-2026,Prototype compliance record
CMP-00215,MPL-0043,Completion Certificate,Present,25-07-2026,02-01-2027,Prototype compliance record
CMP-00216,MPL-0044,Sanction Order,Present,21-04-2027,30-08-2026,Prototype compliance record
CMP-00217,MPL-0044,Progress Update,Present,21-04-2027,22-12-2026,Prototype compliance record
CMP-00218,MPL-0044,Inspection Report,Present,21-04-2027,04-08-2026,Prototype compliance record
CMP-00219,MPL-0044,Payment Support,Present,21-04-2027,12-09-2026,Prototype compliance record
CMP-00220,MPL-0044,Completion Certificate,Present,21-04-2027,28-08-2026,Prototype compliance record
CMP-00221,MPL-0045,Sanction Order,Present,04-12-2026,10-09-2026,Prototype compliance record
CMP-00222,MPL-0045,Progress Update,Present,04-12-2026,20-08-2026,Prototype compliance record
CMP-00223,MPL-0045,Inspection Report,Present,04-12-2026,19-02-2027,Prototype compliance record
CMP-00224,MPL-0045,Payment Support,Present,04-12-2026,04-03-2027,Prototype compliance record
CMP-00225,MPL-0045,Completion Certificate,Present,04-12-2026,27-08-2026,Prototype compliance record
CMP-00226,MPL-0046,Sanction Order,Present,29-04-2027,19-09-2026,Prototype compliance record
CMP-00227,MPL-0046,Progress Update,Present,29-04-2027,25-08-2026,Prototype compliance record
CMP-00228,MPL-0046,Inspection Report,Present,29-04-2027,15-10-2026,Prototype compliance record
CMP-00229,MPL-0046,Payment Support,Present,29-04-2027,02-02-2027,Prototype compliance record
CMP-00230,MPL-0046,Completion Certificate,Missing,29-04-2027,,Prototype compliance record
CMP-00231,MPL-0047,Sanction Order,Present,08-03-2027,25-11-2026,Prototype compliance record
CMP-00232,MPL-0047,Progress Update,Present,08-03-2027,30-08-2026,Prototype compliance record
CMP-00233,MPL-0047,Inspection Report,Missing,08-03-2027,,Prototype compliance record
CMP-00234,MPL-0047,Payment Support,Present,08-03-2027,25-06-2026,Prototype compliance record
CMP-00235,MPL-0047,Completion Certificate,Present,08-03-2027,07-05-2026,Prototype compliance record
CMP-00236,MPL-0048,Sanction Order,Present,02-03-2027,20-09-2026,Prototype compliance record
CMP-00237,MPL-0048,Progress Update,Present,02-03-2027,21-09-2026,Prototype compliance record
CMP-00238,MPL-0048,Inspection Report,Present,02-03-2027,28-06-2026,Prototype compliance record
CMP-00239,MPL-0048,Payment Support,Present,02-03-2027,04-11-2026,Prototype compliance record
CMP-00240,MPL-0048,Completion Certificate,Present,02-03-2027,10-01-2027,Prototype compliance record
CMP-00241,MPL-0049,Sanction Order,Present,12-11-2026,17-04-2026,Prototype compliance record
CMP-00242,MPL-0049,Progress Update,Present,12-11-2026,21-03-2026,Prototype compliance record
CMP-00243,MPL-0049,Inspection Report,Present,12-11-2026,25-10-2026,Prototype compliance record
CMP-00244,MPL-0049,Payment Support,Present,12-11-2026,18-03-2026,Prototype compliance record
CMP-00245,MPL-0049,Completion Certificate,Present,12-11-2026,19-04-2026,Prototype compliance record
CMP-00246,MPL-0050,Sanction Order,Present,29-11-2026,17-06-2026,Prototype compliance record
CMP-00247,MPL-0050,Progress Update,Present,29-11-2026,30-03-2026,Prototype compliance record
CMP-00248,MPL-0050,Inspection Report,Present,29-11-2026,15-03-2026,Prototype compliance record
CMP-00249,MPL-0050,Payment Support,Present,29-11-2026,06-08-2026,Prototype compliance record
CMP-00250,MPL-0050,Completion Certificate,Present,29-11-2026,24-06-2026,Prototype compliance record
CMP-00251,MPL-0051,Sanction Order,Present,24-03-2027,29-12-2026,Prototype compliance record
CMP-00252,MPL-0051,Progress Update,Present,24-03-2027,29-09-2026,Prototype compliance record
CMP-00253,MPL-0051,Inspection Report,Present,24-03-2027,31-08-2026,Prototype compliance record
CMP-00254,MPL-0051,Payment Support,Present,24-03-2027,20-12-2026,Prototype compliance record
CMP-00255,MPL-0051,Completion Certificate,Present,24-03-2027,28-09-2026,Prototype compliance record
CMP-00256,MPL-0052,Sanction Order,Present,02-03-2027,04-12-2026,Prototype compliance record
CMP-00257,MPL-0052,Progress Update,Present,02-03-2027,29-04-2026,Prototype compliance record
CMP-00258,MPL-0052,Inspection Report,Present,02-03-2027,13-05-2026,Prototype compliance record
CMP-00259,MPL-0052,Payment Support,Present,02-03-2027,10-10-2026,Prototype compliance record
CMP-00260,MPL-0052,Completion Certificate,Present,02-03-2027,16-07-2026,Prototype compliance record
CMP-00261,MPL-0053,Sanction Order,Present,13-11-2026,04-11-2026,Prototype compliance record
CMP-00262,MPL-0053,Progress Update,Missing,13-11-2026,,Prototype compliance record
CMP-00263,MPL-0053,Inspection Report,Present,13-11-2026,14-09-2026,Prototype compliance record
CMP-00264,MPL-0053,Payment Support,Present,13-11-2026,10-08-2026,Prototype compliance record
CMP-00265,MPL-0053,Completion Certificate,Present,13-11-2026,29-01-2027,Prototype compliance record
CMP-00266,MPL-0054,Sanction Order,Present,10-03-2027,19-08-2026,Prototype compliance record
CMP-00267,MPL-0054,Progress Update,Present,10-03-2027,04-09-2026,Prototype compliance record
CMP-00268,MPL-0054,Inspection Report,Present,10-03-2027,27-10-2026,Prototype compliance record
CMP-00269,MPL-0054,Payment Support,Present,10-03-2027,30-07-2026,Prototype compliance record
CMP-00270,MPL-0054,Completion Certificate,Present,10-03-2027,10-02-2027,Prototype compliance record
CMP-00271,MPL-0055,Sanction Order,Missing,25-02-2027,,Prototype compliance record
CMP-00272,MPL-0055,Progress Update,Present,25-02-2027,25-02-2027,Prototype compliance record
CMP-00273,MPL-0055,Inspection Report,Present,25-02-2027,11-01-2027,Prototype compliance record
CMP-00274,MPL-0055,Payment Support,Present,25-02-2027,15-03-2027,Prototype compliance record
CMP-00275,MPL-0055,Completion Certificate,Present,25-02-2027,28-12-2026,Prototype compliance record
CMP-00276,MPL-0056,Sanction Order,Present,08-04-2027,18-10-2026,Prototype compliance record
CMP-00277,MPL-0056,Progress Update,Present,08-04-2027,17-11-2026,Prototype compliance record
CMP-00278,MPL-0056,Inspection Report,Present,08-04-2027,12-01-2027,Prototype compliance record
CMP-00279,MPL-0056,Payment Support,Missing,08-04-2027,,Prototype compliance record
CMP-00280,MPL-0056,Completion Certificate,Present,08-04-2027,20-03-2027,Prototype compliance record
CMP-00281,MPL-0057,Sanction Order,Present,06-10-2026,03-10-2026,Prototype compliance record
CMP-00282,MPL-0057,Progress Update,Present,06-10-2026,24-02-2026,Prototype compliance record
CMP-00283,MPL-0057,Inspection Report,Present,06-10-2026,03-11-2026,Prototype compliance record
CMP-00284,MPL-0057,Payment Support,Present,06-10-2026,22-09-2026,Prototype compliance record
CMP-00285,MPL-0057,Completion Certificate,Present,06-10-2026,06-03-2026,Prototype compliance record
CMP-00286,MPL-0058,Sanction Order,Present,01-10-2026,13-03-2026,Prototype compliance record
CMP-00287,MPL-0058,Progress Update,Present,01-10-2026,29-04-2026,Prototype compliance record
CMP-00288,MPL-0058,Inspection Report,Present,01-10-2026,03-06-2026,Prototype compliance record
CMP-00289,MPL-0058,Payment Support,Present,01-10-2026,31-05-2026,Prototype compliance record
CMP-00290,MPL-0058,Completion Certificate,Present,01-10-2026,16-04-2026,Prototype compliance record
CMP-00291,MPL-0059,Sanction Order,Present,15-01-2027,30-07-2026,Prototype compliance record
CMP-00292,MPL-0059,Progress Update,Present,15-01-2027,28-06-2026,Prototype compliance record
CMP-00293,MPL-0059,Inspection Report,Present,15-01-2027,20-07-2026,Prototype compliance record
CMP-00294,MPL-0059,Payment Support,Present,15-01-2027,16-03-2026,Prototype compliance record
CMP-00295,MPL-0059,Completion Certificate,Present,15-01-2027,26-05-2026,Prototype compliance record
CMP-00296,MPL-0060,Sanction Order,Present,18-12-2026,12-12-2026,Prototype compliance record
CMP-00297,MPL-0060,Progress Update,Present,18-12-2026,21-10-2026,Prototype compliance record
CMP-00298,MPL-0060,Inspection Report,Present,18-12-2026,20-06-2026,Prototype compliance record
CMP-00299,MPL-0060,Payment Support,Present,18-12-2026,20-10-2026,Prototype compliance record
CMP-00300,MPL-0060,Completion Certificate,Present,18-12-2026,07-07-2026,Prototype compliance record
CMP-00301,MPL-0061,Sanction Order,Present,15-12-2026,04-10-2026,Prototype compliance record
CMP-00302,MPL-0061,Progress Update,Present,15-12-2026,12-09-2026,Prototype compliance record
CMP-00303,MPL-0061,Inspection Report,Present,15-12-2026,26-04-2026,Prototype compliance record
CMP-00304,MPL-0061,Payment Support,Present,15-12-2026,20-07-2026,Prototype compliance record
CMP-00305,MPL-0061,Completion Certificate,Present,15-12-2026,19-08-2026,Prototype compliance record
CMP-00306,MPL-0062,Sanction Order,Present,17-07-2026,22-02-2026,Prototype compliance record
CMP-00307,MPL-0062,Progress Update,Present,17-07-2026,31-08-2026,Prototype compliance record
CMP-00308,MPL-0062,Inspection Report,Present,17-07-2026,30-06-2026,Prototype compliance record
CMP-00309,MPL-0062,Payment Support,Present,17-07-2026,22-05-2026,Prototype compliance record
CMP-00310,MPL-0062,Completion Certificate,Present,17-07-2026,10-06-2026,Prototype compliance record
CMP-00311,MPL-0063,Sanction Order,Present,18-12-2026,27-05-2026,Prototype compliance record
CMP-00312,MPL-0063,Progress Update,Present,18-12-2026,09-07-2026,Prototype compliance record
CMP-00313,MPL-0063,Inspection Report,Present,18-12-2026,27-05-2026,Prototype compliance record
CMP-00314,MPL-0063,Payment Support,Present,18-12-2026,11-05-2026,Prototype compliance record
CMP-00315,MPL-0063,Completion Certificate,Missing,18-12-2026,,Prototype compliance record
CMP-00316,MPL-0064,Sanction Order,Present,20-02-2027,25-11-2026,Prototype compliance record
CMP-00317,MPL-0064,Progress Update,Present,20-02-2027,27-09-2026,Prototype compliance record
CMP-00318,MPL-0064,Inspection Report,Present,20-02-2027,16-10-2026,Prototype compliance record
CMP-00319,MPL-0064,Payment Support,Present,20-02-2027,17-07-2026,Prototype compliance record
CMP-00320,MPL-0064,Completion Certificate,Present,20-02-2027,30-06-2026,Prototype compliance record
CMP-00321,MPL-0065,Sanction Order,Present,22-02-2027,10-10-2026,Prototype compliance record
CMP-00322,MPL-0065,Progress Update,Present,22-02-2027,10-11-2026,Prototype compliance record
CMP-00323,MPL-0065,Inspection Report,Present,22-02-2027,30-06-2026,Prototype compliance record
CMP-00324,MPL-0065,Payment Support,Present,22-02-2027,22-06-2026,Prototype compliance record
CMP-00325,MPL-0065,Completion Certificate,Present,22-02-2027,02-01-2027,Prototype compliance record
CMP-00326,MPL-0066,Sanction Order,Present,10-12-2026,07-05-2026,Prototype compliance record
CMP-00327,MPL-0066,Progress Update,Present,10-12-2026,04-09-2026,Prototype compliance record
CMP-00328,MPL-0066,Inspection Report,Present,10-12-2026,19-08-2026,Prototype compliance record
CMP-00329,MPL-0066,Payment Support,Present,10-12-2026,06-04-2026,Prototype compliance record
CMP-00330,MPL-0066,Completion Certificate,Present,10-12-2026,14-08-2026,Prototype compliance record
CMP-00331,MPL-0067,Sanction Order,Present,19-04-2027,12-10-2026,Prototype compliance record
CMP-00332,MPL-0067,Progress Update,Present,19-04-2027,22-12-2026,Prototype compliance record
CMP-00333,MPL-0067,Inspection Report,Present,19-04-2027,19-08-2026,Prototype compliance record
CMP-00334,MPL-0067,Payment Support,Present,19-04-2027,30-09-2026,Prototype compliance record
CMP-00335,MPL-0067,Completion Certificate,Present,19-04-2027,07-08-2026,Prototype compliance record
CMP-00336,MPL-0068,Sanction Order,Present,16-02-2027,20-06-2026,Prototype compliance record
CMP-00337,MPL-0068,Progress Update,Present,16-02-2027,26-08-2026,Prototype compliance record
CMP-00338,MPL-0068,Inspection Report,Present,16-02-2027,04-07-2026,Prototype compliance record
CMP-00339,MPL-0068,Payment Support,Present,16-02-2027,17-09-2026,Prototype compliance record
CMP-00340,MPL-0068,Completion Certificate,Present,16-02-2027,16-07-2026,Prototype compliance record
CMP-00341,MPL-0069,Sanction Order,Present,27-12-2026,23-11-2026,Prototype compliance record
CMP-00342,MPL-0069,Progress Update,Present,27-12-2026,28-09-2026,Prototype compliance record
CMP-00343,MPL-0069,Inspection Report,Present,27-12-2026,29-04-2026,Prototype compliance record
CMP-00344,MPL-0069,Payment Support,Present,27-12-2026,19-05-2026,Prototype compliance record
CMP-00345,MPL-0069,Completion Certificate,Present,27-12-2026,11-10-2026,Prototype compliance record
CMP-00346,MPL-0070,Sanction Order,Present,17-09-2026,06-07-2026,Prototype compliance record
CMP-00347,MPL-0070,Progress Update,Missing,17-09-2026,,Prototype compliance record
CMP-00348,MPL-0070,Inspection Report,Present,17-09-2026,31-05-2026,Prototype compliance record
CMP-00349,MPL-0070,Payment Support,Present,17-09-2026,26-07-2026,Prototype compliance record
CMP-00350,MPL-0070,Completion Certificate,Present,17-09-2026,20-05-2026,Prototype compliance record
CMP-00351,MPL-0071,Sanction Order,Present,05-03-2027,25-10-2026,Prototype compliance record
CMP-00352,MPL-0071,Progress Update,Present,05-03-2027,12-09-2026,Prototype compliance record
CMP-00353,MPL-0071,Inspection Report,Missing,05-03-2027,,Prototype compliance record
CMP-00354,MPL-0071,Payment Support,Present,05-03-2027,05-01-2027,Prototype compliance record
CMP-00355,MPL-0071,Completion Certificate,Present,05-03-2027,29-12-2026,Prototype compliance record
CMP-00356,MPL-0072,Sanction Order,Present,27-10-2026,05-06-2026,Prototype compliance record
CMP-00357,MPL-0072,Progress Update,Present,27-10-2026,30-04-2026,Prototype compliance record
CMP-00358,MPL-0072,Inspection Report,Present,27-10-2026,12-04-2026,Prototype compliance record
CMP-00359,MPL-0072,Payment Support,Present,27-10-2026,15-03-2026,Prototype compliance record
CMP-00360,MPL-0072,Completion Certificate,Present,27-10-2026,02-10-2026,Prototype compliance record
CMP-00361,MPL-0073,Sanction Order,Present,10-11-2026,16-10-2026,Prototype compliance record
CMP-00362,MPL-0073,Progress Update,Present,10-11-2026,05-07-2026,Prototype compliance record
CMP-00363,MPL-0073,Inspection Report,Present,10-11-2026,27-04-2026,Prototype compliance record
CMP-00364,MPL-0073,Payment Support,Present,10-11-2026,30-06-2026,Prototype compliance record
CMP-00365,MPL-0073,Completion Certificate,Present,10-11-2026,11-05-2026,Prototype compliance record
CMP-00366,MPL-0074,Sanction Order,Present,11-03-2027,11-01-2027,Prototype compliance record
CMP-00367,MPL-0074,Progress Update,Present,11-03-2027,07-09-2026,Prototype compliance record
CMP-00368,MPL-0074,Inspection Report,Present,11-03-2027,11-10-2026,Prototype compliance record
CMP-00369,MPL-0074,Payment Support,Present,11-03-2027,25-06-2026,Prototype compliance record
CMP-00370,MPL-0074,Completion Certificate,Present,11-03-2027,03-05-2026,Prototype compliance record
CMP-00371,MPL-0075,Sanction Order,Present,22-05-2027,18-03-2027,Prototype compliance record
CMP-00372,MPL-0075,Progress Update,Present,22-05-2027,19-02-2027,Prototype compliance record
CMP-00373,MPL-0075,Inspection Report,Present,22-05-2027,25-01-2027,Prototype compliance record
CMP-00374,MPL-0075,Payment Support,Present,22-05-2027,23-10-2026,Prototype compliance record
CMP-00375,MPL-0075,Completion Certificate,Present,22-05-2027,11-11-2026,Prototype compliance record
CMP-00376,MPL-0076,Sanction Order,Present,30-09-2026,20-11-2026,Prototype compliance record
CMP-00377,MPL-0076,Progress Update,Present,30-09-2026,14-10-2026,Prototype compliance record
CMP-00378,MPL-0076,Inspection Report,Present,30-09-2026,13-05-2026,Prototype compliance record
CMP-00379,MPL-0076,Payment Support,Present,30-09-2026,09-12-2026,Prototype compliance record
CMP-00380,MPL-0076,Completion Certificate,Present,30-09-2026,09-09-2026,Prototype compliance record
CMP-00381,MPL-0077,Sanction Order,Present,18-11-2026,13-10-2026,Prototype compliance record
CMP-00382,MPL-0077,Progress Update,Missing,18-11-2026,,Prototype compliance record
CMP-00383,MPL-0077,Inspection Report,Present,18-11-2026,07-02-2027,Prototype compliance record
CMP-00384,MPL-0077,Payment Support,Present,18-11-2026,25-11-2026,Prototype compliance record
CMP-00385,MPL-0077,Completion Certificate,Present,18-11-2026,01-09-2026,Prototype compliance record
CMP-00386,MPL-0078,Sanction Order,Present,08-10-2026,14-05-2026,Prototype compliance record
CMP-00387,MPL-0078,Progress Update,Present,08-10-2026,30-07-2026,Prototype compliance record
CMP-00388,MPL-0078,Inspection Report,Present,08-10-2026,18-10-2026,Prototype compliance record
CMP-00389,MPL-0078,Payment Support,Present,08-10-2026,15-05-2026,Prototype compliance record
CMP-00390,MPL-0078,Completion Certificate,Missing,08-10-2026,,Prototype compliance record
CMP-00391,MPL-0079,Sanction Order,Present,07-02-2027,09-11-2026,Prototype compliance record
CMP-00392,MPL-0079,Progress Update,Present,07-02-2027,15-07-2026,Prototype compliance record
CMP-00393,MPL-0079,Inspection Report,Present,07-02-2027,08-08-2026,Prototype compliance record
CMP-00394,MPL-0079,Payment Support,Present,07-02-2027,30-09-2026,Prototype compliance record
CMP-00395,MPL-0079,Completion Certificate,Present,07-02-2027,31-05-2026,Prototype compliance record
CMP-00396,MPL-0080,Sanction Order,Present,14-10-2026,07-10-2026,Prototype compliance record
CMP-00397,MPL-0080,Progress Update,Present,14-10-2026,10-06-2026,Prototype compliance record
CMP-00398,MPL-0080,Inspection Report,Present,14-10-2026,16-09-2026,Prototype compliance record
CMP-00399,MPL-0080,Payment Support,Missing,14-10-2026,,Prototype compliance record
CMP-00400,MPL-0080,Completion Certificate,Present,14-10-2026,22-06-2026,Prototype compliance record
CMP-00401,MPL-0081,Sanction Order,Present,11-02-2027,07-10-2026,Prototype compliance record
CMP-00402,MPL-0081,Progress Update,Present,11-02-2027,14-08-2026,Prototype compliance record
CMP-00403,MPL-0081,Inspection Report,Present,11-02-2027,10-10-2026,Prototype compliance record
CMP-00404,MPL-0081,Payment Support,Present,11-02-2027,20-07-2026,Prototype compliance record
CMP-00405,MPL-0081,Completion Certificate,Present,11-02-2027,20-03-2026,Prototype compliance record
CMP-00406,MPL-0082,Sanction Order,Present,16-12-2026,08-07-2026,Prototype compliance record
CMP-00407,MPL-0082,Progress Update,Present,16-12-2026,16-08-2026,Prototype compliance record
CMP-00408,MPL-0082,Inspection Report,Present,16-12-2026,27-05-2026,Prototype compliance record
CMP-00409,MPL-0082,Payment Support,Present,16-12-2026,11-07-2026,Prototype compliance record
CMP-00410,MPL-0082,Completion Certificate,Present,16-12-2026,19-04-2026,Prototype compliance record
CMP-00411,MPL-0083,Sanction Order,Present,18-10-2026,12-10-2026,Prototype compliance record
CMP-00412,MPL-0083,Progress Update,Present,18-10-2026,26-10-2026,Prototype compliance record
CMP-00413,MPL-0083,Inspection Report,Missing,18-10-2026,,Prototype compliance record
CMP-00414,MPL-0083,Payment Support,Present,18-10-2026,13-03-2026,Prototype compliance record
CMP-00415,MPL-0083,Completion Certificate,Present,18-10-2026,04-09-2026,Prototype compliance record
CMP-00416,MPL-0084,Sanction Order,Present,14-10-2026,18-05-2026,Prototype compliance record
CMP-00417,MPL-0084,Progress Update,Present,14-10-2026,23-10-2026,Prototype compliance record
CMP-00418,MPL-0084,Inspection Report,Present,14-10-2026,25-07-2026,Prototype compliance record
CMP-00419,MPL-0084,Payment Support,Present,14-10-2026,14-09-2026,Prototype compliance record
CMP-00420,MPL-0084,Completion Certificate,Present,14-10-2026,01-05-2026,Prototype compliance record
CMP-00421,MPL-0085,Sanction Order,Present,28-02-2027,23-07-2026,Prototype compliance record
CMP-00422,MPL-0085,Progress Update,Present,28-02-2027,28-07-2026,Prototype compliance record
CMP-00423,MPL-0085,Inspection Report,Present,28-02-2027,18-10-2026,Prototype compliance record
CMP-00424,MPL-0085,Payment Support,Present,28-02-2027,25-09-2026,Prototype compliance record
CMP-00425,MPL-0085,Completion Certificate,Present,28-02-2027,13-09-2026,Prototype compliance record
CMP-00426,MPL-0086,Sanction Order,Present,30-12-2026,14-09-2026,Prototype compliance record
CMP-00427,MPL-0086,Progress Update,Present,30-12-2026,01-06-2026,Prototype compliance record
CMP-00428,MPL-0086,Inspection Report,Present,30-12-2026,06-08-2026,Prototype compliance record
CMP-00429,MPL-0086,Payment Support,Present,30-12-2026,17-04-2026,Prototype compliance record
CMP-00430,MPL-0086,Completion Certificate,Present,30-12-2026,15-11-2026,Prototype compliance record
CMP-00431,MPL-0087,Sanction Order,Present,06-12-2026,31-01-2027,Prototype compliance record
CMP-00432,MPL-0087,Progress Update,Present,06-12-2026,09-01-2027,Prototype compliance record
CMP-00433,MPL-0087,Inspection Report,Present,06-12-2026,17-10-2026,Prototype compliance record
CMP-00434,MPL-0087,Payment Support,Present,06-12-2026,26-11-2026,Prototype compliance record
CMP-00435,MPL-0087,Completion Certificate,Missing,06-12-2026,,Prototype compliance record
CMP-00436,MPL-0088,Sanction Order,Present,19-08-2026,06-10-2026,Prototype compliance record
CMP-00437,MPL-0088,Progress Update,Present,19-08-2026,03-04-2026,Prototype compliance record
CMP-00438,MPL-0088,Inspection Report,Present,19-08-2026,15-10-2026,Prototype compliance record
CMP-00439,MPL-0088,Payment Support,Present,19-08-2026,22-09-2026,Prototype compliance record
CMP-00440,MPL-0088,Completion Certificate,Present,19-08-2026,30-11-2026,Prototype compliance record
CMP-00441,MPL-0089,Sanction Order,Present,08-03-2027,14-01-2027,Prototype compliance record
CMP-00442,MPL-0089,Progress Update,Missing,08-03-2027,,Prototype compliance record
CMP-00443,MPL-0089,Inspection Report,Present,08-03-2027,10-11-2026,Prototype compliance record
CMP-00444,MPL-0089,Payment Support,Present,08-03-2027,27-10-2026,Prototype compliance record
CMP-00445,MPL-0089,Completion Certificate,Present,08-03-2027,01-09-2026,Prototype compliance record
CMP-00446,MPL-0090,Sanction Order,Present,16-01-2027,06-02-2027,Prototype compliance record
CMP-00447,MPL-0090,Progress Update,Present,16-01-2027,26-10-2026,Prototype compliance record
CMP-00448,MPL-0090,Inspection Report,Present,16-01-2027,17-10-2026,Prototype compliance record
CMP-00449,MPL-0090,Payment Support,Present,16-01-2027,13-10-2026,Prototype compliance record
CMP-00450,MPL-0090,Completion Certificate,Present,16-01-2027,31-08-2026,Prototype compliance record
CMP-00451,MPL-0091,Sanction Order,Missing,24-12-2026,,Prototype compliance record
CMP-00452,MPL-0091,Progress Update,Present,24-12-2026,22-11-2026,Prototype compliance record
CMP-00453,MPL-0091,Inspection Report,Present,24-12-2026,29-08-2026,Prototype compliance record
CMP-00454,MPL-0091,Payment Support,Present,24-12-2026,13-12-2026,Prototype compliance record
CMP-00455,MPL-0091,Completion Certificate,Present,24-12-2026,23-10-2026,Prototype compliance record
CMP-00456,MPL-0092,Sanction Order,Present,09-01-2027,19-01-2027,Prototype compliance record
CMP-00457,MPL-0092,Progress Update,Present,09-01-2027,28-11-2026,Prototype compliance record
CMP-00458,MPL-0092,Inspection Report,Present,09-01-2027,12-10-2026,Prototype compliance record
CMP-00459,MPL-0092,Payment Support,Present,09-01-2027,26-02-2027,Prototype compliance record
CMP-00460,MPL-0092,Completion Certificate,Present,09-01-2027,18-01-2027,Prototype compliance record
CMP-00461,MPL-0093,Sanction Order,Present,20-12-2026,22-02-2027,Prototype compliance record
CMP-00462,MPL-0093,Progress Update,Present,20-12-2026,09-07-2026,Prototype compliance record
CMP-00463,MPL-0093,Inspection Report,Present,20-12-2026,07-10-2026,Prototype compliance record
CMP-00464,MPL-0093,Payment Support,Present,20-12-2026,19-11-2026,Prototype compliance record
CMP-00465,MPL-0093,Completion Certificate,Present,20-12-2026,16-07-2026,Prototype compliance record
CMP-00466,MPL-0094,Sanction Order,Present,15-03-2027,24-02-2027,Prototype compliance record
CMP-00467,MPL-0094,Progress Update,Present,15-03-2027,19-03-2027,Prototype compliance record
CMP-00468,MPL-0094,Inspection Report,Present,15-03-2027,10-01-2027,Prototype compliance record
CMP-00469,MPL-0094,Payment Support,Present,15-03-2027,02-03-2027,Prototype compliance record
CMP-00470,MPL-0094,Completion Certificate,Missing,15-03-2027,,Prototype compliance record
CMP-00471,MPL-0095,Sanction Order,Missing,13-04-2027,,Prototype compliance record
CMP-00472,MPL-0095,Progress Update,Present,13-04-2027,25-09-2026,Prototype compliance record
CMP-00473,MPL-0095,Inspection Report,Present,13-04-2027,22-09-2026,Prototype compliance record
CMP-00474,MPL-0095,Payment Support,Missing,13-04-2027,,Prototype compliance record
CMP-00475,MPL-0095,Completion Certificate,Present,13-04-2027,11-10-2026,Prototype compliance record
CMP-00476,MPL-0096,Sanction Order,Present,02-05-2027,07-12-2026,Prototype compliance record
CMP-00477,MPL-0096,Progress Update,Present,02-05-2027,01-09-2026,Prototype compliance record
CMP-00478,MPL-0096,Inspection Report,Present,02-05-2027,18-10-2026,Prototype compliance record
CMP-00479,MPL-0096,Payment Support,Present,02-05-2027,16-01-2027,Prototype compliance record
CMP-00480,MPL-0096,Completion Certificate,Present,02-05-2027,11-01-2027,Prototype compliance record
CMP-00481,MPL-0097,Sanction Order,Present,22-11-2026,10-12-2026,Prototype compliance record
CMP-00482,MPL-0097,Progress Update,Present,22-11-2026,06-08-2026,Prototype compliance record
CMP-00483,MPL-0097,Inspection Report,Present,22-11-2026,03-04-2026,Prototype compliance record
CMP-00484,MPL-0097,Payment Support,Present,22-11-2026,26-08-2026,Prototype compliance record
CMP-00485,MPL-0097,Completion Certificate,Present,22-11-2026,04-10-2026,Prototype compliance record
CMP-00486,MPL-0098,Sanction Order,Present,25-02-2027,13-01-2027,Prototype compliance record
CMP-00487,MPL-0098,Progress Update,Present,25-02-2027,12-09-2026,Prototype compliance record
CMP-00488,MPL-0098,Inspection Report,Present,25-02-2027,25-07-2026,Prototype compliance record
CMP-00489,MPL-0098,Payment Support,Present,25-02-2027,28-02-2027,Prototype compliance record
CMP-00490,MPL-0098,Completion Certificate,Present,25-02-2027,25-03-2027,Prototype compliance record
CMP-00491,MPL-0099,Sanction Order,Present,01-01-2027,17-10-2026,Prototype compliance record
CMP-00492,MPL-0099,Progress Update,Present,01-01-2027,09-06-2026,Prototype compliance record
CMP-00493,MPL-0099,Inspection Report,Present,01-01-2027,04-06-2026,Prototype compliance record
CMP-00494,MPL-0099,Payment Support,Present,01-01-2027,27-09-2026,Prototype compliance record
CMP-00495,MPL-0099,Completion Certificate,Present,01-01-2027,22-11-2026,Prototype compliance record
CMP-00496,MPL-0100,Sanction Order,Present,10-02-2027,12-10-2026,Prototype compliance record
CMP-00497,MPL-0100,Progress Update,Present,10-02-2027,19-09-2026,Prototype compliance record
CMP-00498,MPL-0100,Inspection Report,Present,10-02-2027,21-11-2026,Prototype compliance record
CMP-00499,MPL-0100,Payment Support,Present,10-02-2027,02-09-2026,Prototype compliance record
CMP-00500,MPL-0100,Completion Certificate,Present,10-02-2027,13-05-2026,Prototype compliance record
CMP-00501,MPL-0101,Sanction Order,Present,15-03-2027,23-06-2026,Prototype compliance record
CMP-00502,MPL-0101,Progress Update,Present,15-03-2027,27-09-2026,Prototype compliance record
CMP-00503,MPL-0101,Inspection Report,Present,15-03-2027,16-07-2026,Prototype compliance record
CMP-00504,MPL-0101,Payment Support,Present,15-03-2027,11-01-2027,Prototype compliance record
CMP-00505,MPL-0101,Completion Certificate,Present,15-03-2027,12-02-2027,Prototype compliance record
CMP-00506,MPL-0102,Sanction Order,Present,14-11-2026,25-09-2026,Prototype compliance record
CMP-00507,MPL-0102,Progress Update,Present,14-11-2026,27-07-2026,Prototype compliance record
CMP-00508,MPL-0102,Inspection Report,Present,14-11-2026,12-11-2026,Prototype compliance record
CMP-00509,MPL-0102,Payment Support,Present,14-11-2026,21-11-2026,Prototype compliance record
CMP-00510,MPL-0102,Completion Certificate,Present,14-11-2026,15-06-2026,Prototype compliance record
CMP-00511,MPL-0103,Sanction Order,Present,01-11-2026,14-09-2026,Prototype compliance record
CMP-00512,MPL-0103,Progress Update,Present,01-11-2026,07-04-2026,Prototype compliance record
CMP-00513,MPL-0103,Inspection Report,Present,01-11-2026,13-10-2026,Prototype compliance record
CMP-00514,MPL-0103,Payment Support,Present,01-11-2026,22-08-2026,Prototype compliance record
CMP-00515,MPL-0103,Completion Certificate,Present,01-11-2026,05-07-2026,Prototype compliance record
CMP-00516,MPL-0104,Sanction Order,Present,12-04-2027,01-03-2027,Prototype compliance record
CMP-00517,MPL-0104,Progress Update,Present,12-04-2027,19-01-2027,Prototype compliance record
CMP-00518,MPL-0104,Inspection Report,Present,12-04-2027,27-01-2027,Prototype compliance record
CMP-00519,MPL-0104,Payment Support,Present,12-04-2027,08-08-2026,Prototype compliance record
CMP-00520,MPL-0104,Completion Certificate,Present,12-04-2027,04-12-2026,Prototype compliance record
CMP-00521,MPL-0105,Sanction Order,Present,12-03-2027,30-06-2026,Prototype compliance record
CMP-00522,MPL-0105,Progress Update,Present,12-03-2027,05-02-2027,Prototype compliance record
CMP-00523,MPL-0105,Inspection Report,Present,12-03-2027,03-06-2026,Prototype compliance record
CMP-00524,MPL-0105,Payment Support,Present,12-03-2027,01-08-2026,Prototype compliance record
CMP-00525,MPL-0105,Completion Certificate,Present,12-03-2027,10-08-2026,Prototype compliance record
CMP-00526,MPL-0106,Sanction Order,Present,01-12-2026,05-04-2026,Prototype compliance record
CMP-00527,MPL-0106,Progress Update,Missing,01-12-2026,,Prototype compliance record
CMP-00528,MPL-0106,Inspection Report,Present,01-12-2026,29-07-2026,Prototype compliance record
CMP-00529,MPL-0106,Payment Support,Present,01-12-2026,28-09-2026,Prototype compliance record
CMP-00530,MPL-0106,Completion Certificate,Present,01-12-2026,24-08-2026,Prototype compliance record
CMP-00531,MPL-0107,Sanction Order,Missing,11-02-2027,,Prototype compliance record
CMP-00532,MPL-0107,Progress Update,Present,11-02-2027,26-12-2026,Prototype compliance record
CMP-00533,MPL-0107,Inspection Report,Present,11-02-2027,28-01-2027,Prototype compliance record
CMP-00534,MPL-0107,Payment Support,Missing,11-02-2027,,Prototype compliance record
CMP-00535,MPL-0107,Completion Certificate,Present,11-02-2027,17-10-2026,Prototype compliance record
CMP-00536,MPL-0108,Sanction Order,Present,18-02-2027,14-03-2027,Prototype compliance record
CMP-00537,MPL-0108,Progress Update,Present,18-02-2027,04-03-2027,Prototype compliance record
CMP-00538,MPL-0108,Inspection Report,Present,18-02-2027,02-12-2026,Prototype compliance record
CMP-00539,MPL-0108,Payment Support,Present,18-02-2027,17-02-2027,Prototype compliance record
CMP-00540,MPL-0108,Completion Certificate,Present,18-02-2027,12-03-2027,Prototype compliance record
CMP-00541,MPL-0109,Sanction Order,Present,17-01-2027,10-05-2026,Prototype compliance record
CMP-00542,MPL-0109,Progress Update,Present,17-01-2027,26-12-2026,Prototype compliance record
CMP-00543,MPL-0109,Inspection Report,Present,17-01-2027,29-06-2026,Prototype compliance record
CMP-00544,MPL-0109,Payment Support,Present,17-01-2027,07-07-2026,Prototype compliance record
CMP-00545,MPL-0109,Completion Certificate,Present,17-01-2027,31-07-2026,Prototype compliance record
CMP-00546,MPL-0110,Sanction Order,Present,07-08-2026,14-10-2026,Prototype compliance record
CMP-00547,MPL-0110,Progress Update,Present,07-08-2026,06-07-2026,Prototype compliance record
CMP-00548,MPL-0110,Inspection Report,Present,07-08-2026,21-02-2026,Prototype compliance record
CMP-00549,MPL-0110,Payment Support,Present,07-08-2026,02-10-2026,Prototype compliance record
CMP-00550,MPL-0110,Completion Certificate,Present,07-08-2026,30-10-2026,Prototype compliance record
CMP-00551,MPL-0111,Sanction Order,Present,14-06-2026,13-06-2026,Prototype compliance record
CMP-00552,MPL-0111,Progress Update,Present,14-06-2026,09-08-2026,Prototype compliance record
CMP-00553,MPL-0111,Inspection Report,Present,14-06-2026,17-03-2026,Prototype compliance record
CMP-00554,MPL-0111,Payment Support,Present,14-06-2026,07-06-2026,Prototype compliance record
CMP-00555,MPL-0111,Completion Certificate,Present,14-06-2026,06-06-2026,Prototype compliance record
CMP-00556,MPL-0112,Sanction Order,Present,25-04-2027,19-09-2026,Prototype compliance record
CMP-00557,MPL-0112,Progress Update,Present,25-04-2027,09-03-2027,Prototype compliance record
CMP-00558,MPL-0112,Inspection Report,Present,25-04-2027,15-01-2027,Prototype compliance record
CMP-00559,MPL-0112,Payment Support,Missing,25-04-2027,,Prototype compliance record
CMP-00560,MPL-0112,Completion Certificate,Present,25-04-2027,07-12-2026,Prototype compliance record
CMP-00561,MPL-0113,Sanction Order,Present,27-09-2026,07-07-2026,Prototype compliance record
CMP-00562,MPL-0113,Progress Update,Present,27-09-2026,15-04-2026,Prototype compliance record
CMP-00563,MPL-0113,Inspection Report,Present,27-09-2026,24-09-2026,Prototype compliance record
CMP-00564,MPL-0113,Payment Support,Present,27-09-2026,07-09-2026,Prototype compliance record
CMP-00565,MPL-0113,Completion Certificate,Present,27-09-2026,14-03-2026,Prototype compliance record
CMP-00566,MPL-0114,Sanction Order,Present,05-09-2026,25-08-2026,Prototype compliance record
CMP-00567,MPL-0114,Progress Update,Present,05-09-2026,15-09-2026,Prototype compliance record
CMP-00568,MPL-0114,Inspection Report,Missing,05-09-2026,,Prototype compliance record
CMP-00569,MPL-0114,Payment Support,Present,05-09-2026,07-05-2026,Prototype compliance record
CMP-00570,MPL-0114,Completion Certificate,Present,05-09-2026,08-03-2026,Prototype compliance record
CMP-00571,MPL-0115,Sanction Order,Present,16-03-2027,21-10-2026,Prototype compliance record
CMP-00572,MPL-0115,Progress Update,Present,16-03-2027,06-08-2026,Prototype compliance record
CMP-00573,MPL-0115,Inspection Report,Present,16-03-2027,28-10-2026,Prototype compliance record
CMP-00574,MPL-0115,Payment Support,Present,16-03-2027,16-04-2027,Prototype compliance record
CMP-00575,MPL-0115,Completion Certificate,Present,16-03-2027,09-09-2026,Prototype compliance record
CMP-00576,MPL-0116,Sanction Order,Present,22-02-2027,24-06-2026,Prototype compliance record
CMP-00577,MPL-0116,Progress Update,Present,22-02-2027,21-06-2026,Prototype compliance record
CMP-00578,MPL-0116,Inspection Report,Present,22-02-2027,16-09-2026,Prototype compliance record
CMP-00579,MPL-0116,Payment Support,Present,22-02-2027,17-07-2026,Prototype compliance record
CMP-00580,MPL-0116,Completion Certificate,Present,22-02-2027,01-08-2026,Prototype compliance record
CMP-00581,MPL-0117,Sanction Order,Present,01-03-2027,30-01-2027,Prototype compliance record
CMP-00582,MPL-0117,Progress Update,Present,01-03-2027,13-06-2026,Prototype compliance record
CMP-00583,MPL-0117,Inspection Report,Present,01-03-2027,14-11-2026,Prototype compliance record
CMP-00584,MPL-0117,Payment Support,Present,01-03-2027,05-09-2026,Prototype compliance record
CMP-00585,MPL-0117,Completion Certificate,Present,01-03-2027,06-11-2026,Prototype compliance record
CMP-00586,MPL-0118,Sanction Order,Present,30-11-2026,01-10-2026,Prototype compliance record
CMP-00587,MPL-0118,Progress Update,Present,30-11-2026,16-10-2026,Prototype compliance record
CMP-00588,MPL-0118,Inspection Report,Present,30-11-2026,01-08-2026,Prototype compliance record
CMP-00589,MPL-0118,Payment Support,Present,30-11-2026,17-10-2026,Prototype compliance record
CMP-00590,MPL-0118,Completion Certificate,Present,30-11-2026,19-11-2026,Prototype compliance record
CMP-00591,MPL-0119,Sanction Order,Present,17-01-2027,15-03-2026,Prototype compliance record
CMP-00592,MPL-0119,Progress Update,Present,17-01-2027,05-09-2026,Prototype compliance record
CMP-00593,MPL-0119,Inspection Report,Present,17-01-2027,06-10-2026,Prototype compliance record
CMP-00594,MPL-0119,Payment Support,Present,17-01-2027,16-09-2026,Prototype compliance record
CMP-00595,MPL-0119,Completion Certificate,Present,17-01-2027,07-04-2026,Prototype compliance record
CMP-00596,MPL-0120,Sanction Order,Present,04-11-2026,09-12-2026,Prototype compliance record
CMP-00597,MPL-0120,Progress Update,Present,04-11-2026,03-11-2026,Prototype compliance record
CMP-00598,MPL-0120,Inspection Report,Present,04-11-2026,21-07-2026,Prototype compliance record
CMP-00599,MPL-0120,Payment Support,Present,04-11-2026,15-09-2026,Prototype compliance record
CMP-00600,MPL-0120,Completion Certificate,Present,04-11-2026,16-01-2027,Prototype compliance record
CMP-00601,MPL-0121,Sanction Order,Present,30-01-2027,02-10-2026,Prototype compliance record
CMP-00602,MPL-0121,Progress Update,Present,30-01-2027,15-09-2026,Prototype compliance record
CMP-00603,MPL-0121,Inspection Report,Present,30-01-2027,27-07-2026,Prototype compliance record
CMP-00604,MPL-0121,Payment Support,Present,30-01-2027,20-06-2026,Prototype compliance record
CMP-00605,MPL-0121,Completion Certificate,Present,30-01-2027,09-07-2026,Prototype compliance record
CMP-00606,MPL-0122,Sanction Order,Present,19-04-2027,06-03-2027,Prototype compliance record
CMP-00607,MPL-0122,Progress Update,Present,19-04-2027,24-06-2026,Prototype compliance record
CMP-00608,MPL-0122,Inspection Report,Present,19-04-2027,31-12-2026,Prototype compliance record
CMP-00609,MPL-0122,Payment Support,Present,19-04-2027,07-11-2026,Prototype compliance record
CMP-00610,MPL-0122,Completion Certificate,Present,19-04-2027,19-08-2026,Prototype compliance record
CMP-00611,MPL-0123,Sanction Order,Present,10-11-2026,24-12-2026,Prototype compliance record
CMP-00612,MPL-0123,Progress Update,Present,10-11-2026,24-04-2026,Prototype compliance record
CMP-00613,MPL-0123,Inspection Report,Present,10-11-2026,05-08-2026,Prototype compliance record
CMP-00614,MPL-0123,Payment Support,Present,10-11-2026,09-06-2026,Prototype compliance record
CMP-00615,MPL-0123,Completion Certificate,Present,10-11-2026,15-12-2026,Prototype compliance record
CMP-00616,MPL-0124,Sanction Order,Present,30-08-2026,20-03-2026,Prototype compliance record
CMP-00617,MPL-0124,Progress Update,Present,30-08-2026,04-11-2026,Prototype compliance record
CMP-00618,MPL-0124,Inspection Report,Present,30-08-2026,17-05-2026,Prototype compliance record
CMP-00619,MPL-0124,Payment Support,Present,30-08-2026,07-06-2026,Prototype compliance record
CMP-00620,MPL-0124,Completion Certificate,Present,30-08-2026,19-08-2026,Prototype compliance record
CMP-00621,MPL-0125,Sanction Order,Missing,31-12-2026,,Prototype compliance record
CMP-00622,MPL-0125,Progress Update,Present,31-12-2026,14-09-2026,Prototype compliance record
CMP-00623,MPL-0125,Inspection Report,Missing,31-12-2026,,Prototype compliance record
CMP-00624,MPL-0125,Payment Support,Present,31-12-2026,18-06-2026,Prototype compliance record
CMP-00625,MPL-0125,Completion Certificate,Present,31-12-2026,05-07-2026,Prototype compliance record
CMP-00626,MPL-0126,Sanction Order,Present,21-12-2026,26-11-2026,Prototype compliance record
CMP-00627,MPL-0126,Progress Update,Present,21-12-2026,28-07-2026,Prototype compliance record
CMP-00628,MPL-0126,Inspection Report,Present,21-12-2026,03-12-2026,Prototype compliance record
CMP-00629,MPL-0126,Payment Support,Present,21-12-2026,03-10-2026,Prototype compliance record
CMP-00630,MPL-0126,Completion Certificate,Present,21-12-2026,29-01-2027,Prototype compliance record
CMP-00631,MPL-0127,Sanction Order,Present,05-09-2026,21-04-2026,Prototype compliance record
CMP-00632,MPL-0127,Progress Update,Present,05-09-2026,15-04-2026,Prototype compliance record
CMP-00633,MPL-0127,Inspection Report,Present,05-09-2026,26-12-2026,Prototype compliance record
CMP-00634,MPL-0127,Payment Support,Present,05-09-2026,26-09-2026,Prototype compliance record
CMP-00635,MPL-0127,Completion Certificate,Present,05-09-2026,09-07-2026,Prototype compliance record
CMP-00636,MPL-0128,Sanction Order,Present,30-12-2026,17-03-2027,Prototype compliance record
CMP-00637,MPL-0128,Progress Update,Present,30-12-2026,04-09-2026,Prototype compliance record
CMP-00638,MPL-0128,Inspection Report,Missing,30-12-2026,,Prototype compliance record
CMP-00639,MPL-0128,Payment Support,Present,30-12-2026,22-02-2027,Prototype compliance record
CMP-00640,MPL-0128,Completion Certificate,Present,30-12-2026,16-09-2026,Prototype compliance record
CMP-00641,MPL-0129,Sanction Order,Present,09-11-2026,20-08-2026,Prototype compliance record
CMP-00642,MPL-0129,Progress Update,Present,09-11-2026,02-05-2026,Prototype compliance record
CMP-00643,MPL-0129,Inspection Report,Present,09-11-2026,30-08-2026,Prototype compliance record
CMP-00644,MPL-0129,Payment Support,Present,09-11-2026,11-02-2026,Prototype compliance record
CMP-00645,MPL-0129,Completion Certificate,Present,09-11-2026,13-04-2026,Prototype compliance record
CMP-00646,MPL-0130,Sanction Order,Present,25-02-2027,03-08-2026,Prototype compliance record
CMP-00647,MPL-0130,Progress Update,Present,25-02-2027,22-11-2026,Prototype compliance record
CMP-00648,MPL-0130,Inspection Report,Present,25-02-2027,01-07-2026,Prototype compliance record
CMP-00649,MPL-0130,Payment Support,Present,25-02-2027,04-11-2026,Prototype compliance record
CMP-00650,MPL-0130,Completion Certificate,Present,25-02-2027,16-08-2026,Prototype compliance record
CMP-00651,MPL-0131,Sanction Order,Present,06-03-2027,03-11-2026,Prototype compliance record
CMP-00652,MPL-0131,Progress Update,Present,06-03-2027,26-01-2027,Prototype compliance record
CMP-00653,MPL-0131,Inspection Report,Present,06-03-2027,17-10-2026,Prototype compliance record
CMP-00654,MPL-0131,Payment Support,Present,06-03-2027,02-01-2027,Prototype compliance record
CMP-00655,MPL-0131,Completion Certificate,Present,06-03-2027,20-03-2027,Prototype compliance record
CMP-00656,MPL-0132,Sanction Order,Present,02-11-2026,27-04-2026,Prototype compliance record
CMP-00657,MPL-0132,Progress Update,Present,02-11-2026,15-08-2026,Prototype compliance record
CMP-00658,MPL-0132,Inspection Report,Present,02-11-2026,29-05-2026,Prototype compliance record
CMP-00659,MPL-0132,Payment Support,Present,02-11-2026,24-09-2026,Prototype compliance record
CMP-00660,MPL-0132,Completion Certificate,Present,02-11-2026,26-03-2026,Prototype compliance record
CMP-00661,MPL-0133,Sanction Order,Present,01-02-2027,26-08-2026,Prototype compliance record
CMP-00662,MPL-0133,Progress Update,Present,01-02-2027,28-01-2027,Prototype compliance record
CMP-00663,MPL-0133,Inspection Report,Present,01-02-2027,12-06-2026,Prototype compliance record
CMP-00664,MPL-0133,Payment Support,Present,01-02-2027,22-10-2026,Prototype compliance record
CMP-00665,MPL-0133,Completion Certificate,Present,01-02-2027,01-01-2027,Prototype compliance record
CMP-00666,MPL-0134,Sanction Order,Present,04-12-2026,20-06-2026,Prototype compliance record
CMP-00667,MPL-0134,Progress Update,Present,04-12-2026,29-11-2026,Prototype compliance record
CMP-00668,MPL-0134,Inspection Report,Present,04-12-2026,05-01-2027,Prototype compliance record
CMP-00669,MPL-0134,Payment Support,Missing,04-12-2026,,Prototype compliance record
CMP-00670,MPL-0134,Completion Certificate,Present,04-12-2026,18-10-2026,Prototype compliance record
CMP-00671,MPL-0135,Sanction Order,Present,24-07-2026,04-08-2026,Prototype compliance record
CMP-00672,MPL-0135,Progress Update,Present,24-07-2026,30-07-2026,Prototype compliance record
CMP-00673,MPL-0135,Inspection Report,Present,24-07-2026,23-08-2026,Prototype compliance record
CMP-00674,MPL-0135,Payment Support,Present,24-07-2026,28-09-2026,Prototype compliance record
CMP-00675,MPL-0135,Completion Certificate,Present,24-07-2026,04-04-2026,Prototype compliance record
CMP-00676,MPL-0136,Sanction Order,Present,20-01-2027,27-12-2026,Prototype compliance record
CMP-00677,MPL-0136,Progress Update,Present,20-01-2027,05-10-2026,Prototype compliance record
CMP-00678,MPL-0136,Inspection Report,Present,20-01-2027,17-09-2026,Prototype compliance record
CMP-00679,MPL-0136,Payment Support,Present,20-01-2027,02-10-2026,Prototype compliance record
CMP-00680,MPL-0136,Completion Certificate,Present,20-01-2027,01-02-2027,Prototype compliance record
CMP-00681,MPL-0137,Sanction Order,Present,15-01-2027,16-06-2026,Prototype compliance record
CMP-00682,MPL-0137,Progress Update,Present,15-01-2027,04-12-2026,Prototype compliance record
CMP-00683,MPL-0137,Inspection Report,Present,15-01-2027,22-08-2026,Prototype compliance record
CMP-00684,MPL-0137,Payment Support,Present,15-01-2027,05-09-2026,Prototype compliance record
CMP-00685,MPL-0137,Completion Certificate,Present,15-01-2027,07-11-2026,Prototype compliance record
CMP-00686,MPL-0138,Sanction Order,Present,13-01-2027,01-09-2026,Prototype compliance record
CMP-00687,MPL-0138,Progress Update,Present,13-01-2027,18-09-2026,Prototype compliance record
CMP-00688,MPL-0138,Inspection Report,Present,13-01-2027,04-12-2026,Prototype compliance record
CMP-00689,MPL-0138,Payment Support,Present,13-01-2027,15-01-2027,Prototype compliance record
CMP-00690,MPL-0138,Completion Certificate,Present,13-01-2027,17-02-2027,Prototype compliance record
CMP-00691,MPL-0139,Sanction Order,Present,26-12-2026,31-05-2026,Prototype compliance record
CMP-00692,MPL-0139,Progress Update,Present,26-12-2026,29-09-2026,Prototype compliance record
CMP-00693,MPL-0139,Inspection Report,Present,26-12-2026,28-12-2026,Prototype compliance record
CMP-00694,MPL-0139,Payment Support,Present,26-12-2026,22-07-2026,Prototype compliance record
CMP-00695,MPL-0139,Completion Certificate,Present,26-12-2026,19-05-2026,Prototype compliance record
CMP-00696,MPL-0140,Sanction Order,Present,13-01-2027,10-06-2026,Prototype compliance record
CMP-00697,MPL-0140,Progress Update,Present,13-01-2027,21-09-2026,Prototype compliance record
CMP-00698,MPL-0140,Inspection Report,Present,13-01-2027,03-10-2026,Prototype compliance record
CMP-00699,MPL-0140,Payment Support,Present,13-01-2027,11-05-2026,Prototype compliance record
CMP-00700,MPL-0140,Completion Certificate,Missing,13-01-2027,,Prototype compliance record
CMP-00701,MPL-0141,Sanction Order,Present,28-09-2026,05-04-2026,Prototype compliance record
CMP-00702,MPL-0141,Progress Update,Present,28-09-2026,23-09-2026,Prototype compliance record
CMP-00703,MPL-0141,Inspection Report,Present,28-09-2026,22-08-2026,Prototype compliance record
CMP-00704,MPL-0141,Payment Support,Present,28-09-2026,17-05-2026,Prototype compliance record
CMP-00705,MPL-0141,Completion Certificate,Present,28-09-2026,03-07-2026,Prototype compliance record
CMP-00706,MPL-0142,Sanction Order,Present,24-12-2026,27-03-2027,Prototype compliance record
CMP-00707,MPL-0142,Progress Update,Present,24-12-2026,15-02-2027,Prototype compliance record
CMP-00708,MPL-0142,Inspection Report,Present,24-12-2026,20-03-2027,Prototype compliance record
CMP-00709,MPL-0142,Payment Support,Present,24-12-2026,13-03-2027,Prototype compliance record
CMP-00710,MPL-0142,Completion Certificate,Present,24-12-2026,01-02-2027,Prototype compliance record
CMP-00711,MPL-0143,Sanction Order,Present,15-12-2026,04-01-2027,Prototype compliance record
CMP-00712,MPL-0143,Progress Update,Missing,15-12-2026,,Prototype compliance record
CMP-00713,MPL-0143,Inspection Report,Present,15-12-2026,04-10-2026,Prototype compliance record
CMP-00714,MPL-0143,Payment Support,Present,15-12-2026,21-06-2026,Prototype compliance record
CMP-00715,MPL-0143,Completion Certificate,Present,15-12-2026,02-10-2026,Prototype compliance record
CMP-00716,MPL-0144,Sanction Order,Present,01-11-2026,16-07-2026,Prototype compliance record
CMP-00717,MPL-0144,Progress Update,Present,01-11-2026,22-06-2026,Prototype compliance record
CMP-00718,MPL-0144,Inspection Report,Present,01-11-2026,17-06-2026,Prototype compliance record
CMP-00719,MPL-0144,Payment Support,Present,01-11-2026,24-04-2026,Prototype compliance record
CMP-00720,MPL-0144,Completion Certificate,Present,01-11-2026,15-05-2026,Prototype compliance record
CMP-00721,MPL-0145,Sanction Order,Present,19-08-2026,08-04-2026,Prototype compliance record
CMP-00722,MPL-0145,Progress Update,Missing,19-08-2026,,Prototype compliance record
CMP-00723,MPL-0145,Inspection Report,Missing,19-08-2026,,Prototype compliance record
CMP-00724,MPL-0145,Payment Support,Present,19-08-2026,17-11-2026,Prototype compliance record
CMP-00725,MPL-0145,Completion Certificate,Present,19-08-2026,07-06-2026,Prototype compliance record
CMP-00726,MPL-0146,Sanction Order,Present,26-12-2026,03-08-2026,Prototype compliance record
CMP-00727,MPL-0146,Progress Update,Present,26-12-2026,03-12-2026,Prototype compliance record
CMP-00728,MPL-0146,Inspection Report,Present,26-12-2026,24-10-2026,Prototype compliance record
CMP-00729,MPL-0146,Payment Support,Present,26-12-2026,22-11-2026,Prototype compliance record
CMP-00730,MPL-0146,Completion Certificate,Present,26-12-2026,05-08-2026,Prototype compliance record
CMP-00731,MPL-0147,Sanction Order,Present,03-01-2027,31-08-2026,Prototype compliance record
CMP-00732,MPL-0147,Progress Update,Missing,03-01-2027,,Prototype compliance record
CMP-00733,MPL-0147,Inspection Report,Present,03-01-2027,12-03-2027,Prototype compliance record
CMP-00734,MPL-0147,Payment Support,Present,03-01-2027,27-02-2027,Prototype compliance record
CMP-00735,MPL-0147,Completion Certificate,Present,03-01-2027,09-02-2027,Prototype compliance record
CMP-00736,MPL-0148,Sanction Order,Present,03-11-2026,17-08-2026,Prototype compliance record
CMP-00737,MPL-0148,Progress Update,Present,03-11-2026,12-04-2026,Prototype compliance record
CMP-00738,MPL-0148,Inspection Report,Present,03-11-2026,07-02-2026,Prototype compliance record
CMP-00739,MPL-0148,Payment Support,Present,03-11-2026,20-04-2026,Prototype compliance record
CMP-00740,MPL-0148,Completion Certificate,Present,03-11-2026,06-05-2026,Prototype compliance record
CMP-00741,MPL-0149,Sanction Order,Present,10-01-2027,25-07-2026,Prototype compliance record
CMP-00742,MPL-0149,Progress Update,Missing,10-01-2027,,Prototype compliance record
CMP-00743,MPL-0149,Inspection Report,Present,10-01-2027,02-11-2026,Prototype compliance record
CMP-00744,MPL-0149,Payment Support,Present,10-01-2027,20-05-2026,Prototype compliance record
CMP-00745,MPL-0149,Completion Certificate,Present,10-01-2027,09-08-2026,Prototype compliance record
CMP-00746,MPL-0150,Sanction Order,Present,09-01-2027,19-09-2026,Prototype compliance record
CMP-00747,MPL-0150,Progress Update,Present,09-01-2027,15-03-2026,Prototype compliance record
CMP-00748,MPL-0150,Inspection Report,Present,09-01-2027,03-09-2026,Prototype compliance record
CMP-00749,MPL-0150,Payment Support,Present,09-01-2027,04-05-2026,Prototype compliance record
CMP-00750,MPL-0150,Completion Certificate,Present,09-01-2027,10-04-2026,Prototype compliance record
CMP-00751,MPL-0151,Sanction Order,Present,15-01-2027,16-09-2026,Prototype compliance record
CMP-00752,MPL-0151,Progress Update,Present,15-01-2027,15-03-2026,Prototype compliance record
CMP-00753,MPL-0151,Inspection Report,Present,15-01-2027,09-10-2026,Prototype compliance record
CMP-00754,MPL-0151,Payment Support,Present,15-01-2027,08-12-2026,Prototype compliance record
CMP-00755,MPL-0151,Completion Certificate,Present,15-01-2027,31-08-2026,Prototype compliance record
CMP-00756,MPL-0152,Sanction Order,Present,23-09-2026,04-05-2026,Prototype compliance record
CMP-00757,MPL-0152,Progress Update,Present,23-09-2026,13-07-2026,Prototype compliance record
CMP-00758,MPL-0152,Inspection Report,Present,23-09-2026,18-02-2026,Prototype compliance record
CMP-00759,MPL-0152,Payment Support,Present,23-09-2026,22-07-2026,Prototype compliance record
CMP-00760,MPL-0152,Completion Certificate,Present,23-09-2026,17-04-2026,Prototype compliance record
CMP-00761,MPL-0153,Sanction Order,Present,19-02-2027,23-10-2026,Prototype compliance record
CMP-00762,MPL-0153,Progress Update,Present,19-02-2027,20-06-2026,Prototype compliance record
CMP-00763,MPL-0153,Inspection Report,Present,19-02-2027,15-01-2027,Prototype compliance record
CMP-00764,MPL-0153,Payment Support,Present,19-02-2027,22-10-2026,Prototype compliance record
CMP-00765,MPL-0153,Completion Certificate,Present,19-02-2027,02-07-2026,Prototype compliance record
CMP-00766,MPL-0154,Sanction Order,Missing,27-12-2026,,Prototype compliance record
CMP-00767,MPL-0154,Progress Update,Present,27-12-2026,04-12-2026,Prototype compliance record
CMP-00768,MPL-0154,Inspection Report,Present,27-12-2026,20-06-2026,Prototype compliance record
CMP-00769,MPL-0154,Payment Support,Present,27-12-2026,21-09-2026,Prototype compliance record
CMP-00770,MPL-0154,Completion Certificate,Present,27-12-2026,26-10-2026,Prototype compliance record
CMP-00771,MPL-0155,Sanction Order,Present,17-10-2026,02-05-2026,Prototype compliance record
CMP-00772,MPL-0155,Progress Update,Present,17-10-2026,16-04-2026,Prototype compliance record
CMP-00773,MPL-0155,Inspection Report,Present,17-10-2026,08-03-2026,Prototype compliance record
CMP-00774,MPL-0155,Payment Support,Present,17-10-2026,22-10-2026,Prototype compliance record
CMP-00775,MPL-0155,Completion Certificate,Present,17-10-2026,18-05-2026,Prototype compliance record
CMP-00776,MPL-0156,Sanction Order,Present,23-02-2027,03-11-2026,Prototype compliance record
CMP-00777,MPL-0156,Progress Update,Present,23-02-2027,31-10-2026,Prototype compliance record
CMP-00778,MPL-0156,Inspection Report,Present,23-02-2027,03-01-2027,Prototype compliance record
CMP-00779,MPL-0156,Payment Support,Present,23-02-2027,15-03-2027,Prototype compliance record
CMP-00780,MPL-0156,Completion Certificate,Present,23-02-2027,29-07-2026,Prototype compliance record
CMP-00781,MPL-0157,Sanction Order,Present,03-12-2026,07-12-2026,Prototype compliance record
CMP-00782,MPL-0157,Progress Update,Present,03-12-2026,12-11-2026,Prototype compliance record
CMP-00783,MPL-0157,Inspection Report,Present,03-12-2026,28-10-2026,Prototype compliance record
CMP-00784,MPL-0157,Payment Support,Present,03-12-2026,23-07-2026,Prototype compliance record
CMP-00785,MPL-0157,Completion Certificate,Present,03-12-2026,02-05-2026,Prototype compliance record
CMP-00786,MPL-0158,Sanction Order,Present,09-01-2027,12-07-2026,Prototype compliance record
CMP-00787,MPL-0158,Progress Update,Present,09-01-2027,07-03-2027,Prototype compliance record
CMP-00788,MPL-0158,Inspection Report,Present,09-01-2027,18-08-2026,Prototype compliance record
CMP-00789,MPL-0158,Payment Support,Present,09-01-2027,15-08-2026,Prototype compliance record
CMP-00790,MPL-0158,Completion Certificate,Present,09-01-2027,27-07-2026,Prototype compliance record
CMP-00791,MPL-0159,Sanction Order,Present,02-06-2027,01-01-2027,Prototype compliance record
CMP-00792,MPL-0159,Progress Update,Missing,02-06-2027,,Prototype compliance record
CMP-00793,MPL-0159,Inspection Report,Present,02-06-2027,26-09-2026,Prototype compliance record
CMP-00794,MPL-0159,Payment Support,Present,02-06-2027,27-12-2026,Prototype compliance record
CMP-00795,MPL-0159,Completion Certificate,Missing,02-06-2027,,Prototype compliance record
CMP-00796,MPL-0160,Sanction Order,Present,04-01-2027,09-07-2026,Prototype compliance record
CMP-00797,MPL-0160,Progress Update,Present,04-01-2027,20-04-2026,Prototype compliance record
CMP-00798,MPL-0160,Inspection Report,Present,04-01-2027,09-05-2026,Prototype compliance record
CMP-00799,MPL-0160,Payment Support,Present,04-01-2027,30-09-2026,Prototype compliance record
CMP-00800,MPL-0160,Completion Certificate,Present,04-01-2027,25-09-2026,Prototype compliance record
CMP-00801,MPL-0161,Sanction Order,Present,08-09-2026,15-03-2026,Prototype compliance record
CMP-00802,MPL-0161,Progress Update,Present,08-09-2026,23-03-2026,Prototype compliance record
CMP-00803,MPL-0161,Inspection Report,Present,08-09-2026,22-09-2026,Prototype compliance record
CMP-00804,MPL-0161,Payment Support,Present,08-09-2026,22-08-2026,Prototype compliance record
CMP-00805,MPL-0161,Completion Certificate,Present,08-09-2026,10-06-2026,Prototype compliance record
CMP-00806,MPL-0162,Sanction Order,Present,27-11-2026,20-04-2026,Prototype compliance record
CMP-00807,MPL-0162,Progress Update,Present,27-11-2026,16-03-2026,Prototype compliance record
CMP-00808,MPL-0162,Inspection Report,Present,27-11-2026,20-10-2026,Prototype compliance record
CMP-00809,MPL-0162,Payment Support,Missing,27-11-2026,,Prototype compliance record
CMP-00810,MPL-0162,Completion Certificate,Present,27-11-2026,25-06-2026,Prototype compliance record
CMP-00811,MPL-0163,Sanction Order,Present,22-11-2026,07-03-2026,Prototype compliance record
CMP-00812,MPL-0163,Progress Update,Present,22-11-2026,11-08-2026,Prototype compliance record
CMP-00813,MPL-0163,Inspection Report,Present,22-11-2026,30-04-2026,Prototype compliance record
CMP-00814,MPL-0163,Payment Support,Present,22-11-2026,10-03-2026,Prototype compliance record
CMP-00815,MPL-0163,Completion Certificate,Present,22-11-2026,06-07-2026,Prototype compliance record
CMP-00816,MPL-0164,Sanction Order,Present,06-08-2026,17-05-2026,Prototype compliance record
CMP-00817,MPL-0164,Progress Update,Present,06-08-2026,14-03-2026,Prototype compliance record
CMP-00818,MPL-0164,Inspection Report,Present,06-08-2026,13-09-2026,Prototype compliance record
CMP-00819,MPL-0164,Payment Support,Present,06-08-2026,23-05-2026,Prototype compliance record
CMP-00820,MPL-0164,Completion Certificate,Present,06-08-2026,22-03-2026,Prototype compliance record
CMP-00821,MPL-0165,Sanction Order,Present,14-05-2027,02-01-2027,Prototype compliance record
CMP-00822,MPL-0165,Progress Update,Present,14-05-2027,16-01-2027,Prototype compliance record
CMP-00823,MPL-0165,Inspection Report,Present,14-05-2027,15-11-2026,Prototype compliance record
CMP-00824,MPL-0165,Payment Support,Present,14-05-2027,06-07-2026,Prototype compliance record
CMP-00825,MPL-0165,Completion Certificate,Present,14-05-2027,02-07-2026,Prototype compliance record
CMP-00826,MPL-0166,Sanction Order,Present,16-04-2027,28-10-2026,Prototype compliance record
CMP-00827,MPL-0166,Progress Update,Present,16-04-2027,06-11-2026,Prototype compliance record
CMP-00828,MPL-0166,Inspection Report,Missing,16-04-2027,,Prototype compliance record
CMP-00829,MPL-0166,Payment Support,Present,16-04-2027,08-10-2026,Prototype compliance record
CMP-00830,MPL-0166,Completion Certificate,Present,16-04-2027,30-08-2026,Prototype compliance record
CMP-00831,MPL-0167,Sanction Order,Present,26-10-2026,25-09-2026,Prototype compliance record
CMP-00832,MPL-0167,Progress Update,Present,26-10-2026,26-12-2026,Prototype compliance record
CMP-00833,MPL-0167,Inspection Report,Present,26-10-2026,24-06-2026,Prototype compliance record
CMP-00834,MPL-0167,Payment Support,Present,26-10-2026,21-01-2027,Prototype compliance record
CMP-00835,MPL-0167,Completion Certificate,Present,26-10-2026,06-06-2026,Prototype compliance record
CMP-00836,MPL-0168,Sanction Order,Present,11-02-2027,04-03-2027,Prototype compliance record
CMP-00837,MPL-0168,Progress Update,Present,11-02-2027,25-01-2027,Prototype compliance record
CMP-00838,MPL-0168,Inspection Report,Present,11-02-2027,03-03-2027,Prototype compliance record
CMP-00839,MPL-0168,Payment Support,Present,11-02-2027,20-02-2027,Prototype compliance record
CMP-00840,MPL-0168,Completion Certificate,Present,11-02-2027,09-07-2026,Prototype compliance record
CMP-00841,MPL-0169,Sanction Order,Present,08-01-2027,21-04-2026,Prototype compliance record
CMP-00842,MPL-0169,Progress Update,Present,08-01-2027,30-05-2026,Prototype compliance record
CMP-00843,MPL-0169,Inspection Report,Present,08-01-2027,17-05-2026,Prototype compliance record
CMP-00844,MPL-0169,Payment Support,Present,08-01-2027,22-08-2026,Prototype compliance record
CMP-00845,MPL-0169,Completion Certificate,Present,08-01-2027,10-05-2026,Prototype compliance record
CMP-00846,MPL-0170,Sanction Order,Missing,05-04-2027,,Prototype compliance record
CMP-00847,MPL-0170,Progress Update,Present,05-04-2027,24-07-2026,Prototype compliance record
CMP-00848,MPL-0170,Inspection Report,Present,05-04-2027,20-11-2026,Prototype compliance record
CMP-00849,MPL-0170,Payment Support,Missing,05-04-2027,,Prototype compliance record
CMP-00850,MPL-0170,Completion Certificate,Present,05-04-2027,29-09-2026,Prototype compliance record
CMP-00851,MPL-0171,Sanction Order,Present,09-01-2027,19-06-2026,Prototype compliance record
CMP-00852,MPL-0171,Progress Update,Present,09-01-2027,16-12-2026,Prototype compliance record
CMP-00853,MPL-0171,Inspection Report,Present,09-01-2027,26-07-2026,Prototype compliance record
CMP-00854,MPL-0171,Payment Support,Present,09-01-2027,18-12-2026,Prototype compliance record
CMP-00855,MPL-0171,Completion Certificate,Missing,09-01-2027,,Prototype compliance record
CMP-00856,MPL-0172,Sanction Order,Present,06-03-2027,12-10-2026,Prototype compliance record
CMP-00857,MPL-0172,Progress Update,Present,06-03-2027,30-12-2026,Prototype compliance record
CMP-00858,MPL-0172,Inspection Report,Present,06-03-2027,20-03-2027,Prototype compliance record
CMP-00859,MPL-0172,Payment Support,Present,06-03-2027,23-03-2027,Prototype compliance record
CMP-00860,MPL-0172,Completion Certificate,Present,06-03-2027,09-12-2026,Prototype compliance record
CMP-00861,MPL-0173,Sanction Order,Present,13-01-2027,02-10-2026,Prototype compliance record
CMP-00862,MPL-0173,Progress Update,Present,13-01-2027,11-06-2026,Prototype compliance record
CMP-00863,MPL-0173,Inspection Report,Present,13-01-2027,22-07-2026,Prototype compliance record
CMP-00864,MPL-0173,Payment Support,Present,13-01-2027,21-08-2026,Prototype compliance record
CMP-00865,MPL-0173,Completion Certificate,Missing,13-01-2027,,Prototype compliance record
CMP-00866,MPL-0174,Sanction Order,Present,07-09-2026,16-10-2026,Prototype compliance record
CMP-00867,MPL-0174,Progress Update,Present,07-09-2026,27-06-2026,Prototype compliance record
CMP-00868,MPL-0174,Inspection Report,Present,07-09-2026,10-11-2026,Prototype compliance record
CMP-00869,MPL-0174,Payment Support,Present,07-09-2026,07-10-2026,Prototype compliance record
CMP-00870,MPL-0174,Completion Certificate,Present,07-09-2026,24-01-2027,Prototype compliance record
CMP-00871,MPL-0175,Sanction Order,Present,01-10-2026,18-09-2026,Prototype compliance record
CMP-00872,MPL-0175,Progress Update,Present,01-10-2026,18-09-2026,Prototype compliance record
CMP-00873,MPL-0175,Inspection Report,Present,01-10-2026,08-08-2026,Prototype compliance record
CMP-00874,MPL-0175,Payment Support,Present,01-10-2026,02-09-2026,Prototype compliance record
CMP-00875,MPL-0175,Completion Certificate,Present,01-10-2026,27-08-2026,Prototype compliance record
CMP-00876,MPL-0176,Sanction Order,Present,15-12-2026,16-05-2026,Prototype compliance record
CMP-00877,MPL-0176,Progress Update,Present,15-12-2026,22-11-2026,Prototype compliance record
CMP-00878,MPL-0176,Inspection Report,Missing,15-12-2026,,Prototype compliance record
CMP-00879,MPL-0176,Payment Support,Present,15-12-2026,18-05-2026,Prototype compliance record
CMP-00880,MPL-0176,Completion Certificate,Present,15-12-2026,13-01-2027,Prototype compliance record
CMP-00881,MPL-0177,Sanction Order,Present,11-11-2026,16-12-2026,Prototype compliance record
CMP-00882,MPL-0177,Progress Update,Missing,11-11-2026,,Prototype compliance record
CMP-00883,MPL-0177,Inspection Report,Present,11-11-2026,20-01-2027,Prototype compliance record
CMP-00884,MPL-0177,Payment Support,Present,11-11-2026,17-10-2026,Prototype compliance record
CMP-00885,MPL-0177,Completion Certificate,Present,11-11-2026,27-05-2026,Prototype compliance record
CMP-00886,MPL-0178,Sanction Order,Present,26-01-2027,25-07-2026,Prototype compliance record
CMP-00887,MPL-0178,Progress Update,Present,26-01-2027,03-11-2026,Prototype compliance record
CMP-00888,MPL-0178,Inspection Report,Present,26-01-2027,08-07-2026,Prototype compliance record
CMP-00889,MPL-0178,Payment Support,Present,26-01-2027,08-09-2026,Prototype compliance record
CMP-00890,MPL-0178,Completion Certificate,Present,26-01-2027,17-08-2026,Prototype compliance record
CMP-00891,MPL-0179,Sanction Order,Present,21-10-2026,25-09-2026,Prototype compliance record
CMP-00892,MPL-0179,Progress Update,Present,21-10-2026,22-02-2026,Prototype compliance record
CMP-00893,MPL-0179,Inspection Report,Present,21-10-2026,20-04-2026,Prototype compliance record
CMP-00894,MPL-0179,Payment Support,Missing,21-10-2026,,Prototype compliance record
CMP-00895,MPL-0179,Completion Certificate,Present,21-10-2026,12-03-2026,Prototype compliance record
CMP-00896,MPL-0180,Sanction Order,Present,17-11-2026,08-06-2026,Prototype compliance record
CMP-00897,MPL-0180,Progress Update,Present,17-11-2026,15-07-2026,Prototype compliance record
CMP-00898,MPL-0180,Inspection Report,Present,17-11-2026,28-05-2026,Prototype compliance record
CMP-00899,MPL-0180,Payment Support,Present,17-11-2026,27-03-2026,Prototype compliance record
CMP-00900,MPL-0180,Completion Certificate,Present,17-11-2026,05-09-2026,Prototype compliance record
CMP-00901,MPL-0181,Sanction Order,Present,28-10-2026,18-06-2026,Prototype compliance record
CMP-00902,MPL-0181,Progress Update,Present,28-10-2026,29-10-2026,Prototype compliance record
CMP-00903,MPL-0181,Inspection Report,Present,28-10-2026,02-11-2026,Prototype compliance record
CMP-00904,MPL-0181,Payment Support,Present,28-10-2026,11-09-2026,Prototype compliance record
CMP-00905,MPL-0181,Completion Certificate,Present,28-10-2026,04-05-2026,Prototype compliance record
CMP-00906,MPL-0182,Sanction Order,Present,04-02-2027,26-08-2026,Prototype compliance record
CMP-00907,MPL-0182,Progress Update,Present,04-02-2027,13-06-2026,Prototype compliance record
CMP-00908,MPL-0182,Inspection Report,Missing,04-02-2027,,Prototype compliance record
CMP-00909,MPL-0182,Payment Support,Present,04-02-2027,29-12-2026,Prototype compliance record
CMP-00910,MPL-0182,Completion Certificate,Missing,04-02-2027,,Prototype compliance record
CMP-00911,MPL-0183,Sanction Order,Present,07-11-2026,21-12-2026,Prototype compliance record
CMP-00912,MPL-0183,Progress Update,Present,07-11-2026,05-01-2027,Prototype compliance record
CMP-00913,MPL-0183,Inspection Report,Present,07-11-2026,09-10-2026,Prototype compliance record
CMP-00914,MPL-0183,Payment Support,Present,07-11-2026,14-09-2026,Prototype compliance record
CMP-00915,MPL-0183,Completion Certificate,Present,07-11-2026,07-07-2026,Prototype compliance record
CMP-00916,MPL-0184,Sanction Order,Missing,29-11-2026,,Prototype compliance record
CMP-00917,MPL-0184,Progress Update,Present,29-11-2026,11-08-2026,Prototype compliance record
CMP-00918,MPL-0184,Inspection Report,Present,29-11-2026,04-09-2026,Prototype compliance record
CMP-00919,MPL-0184,Payment Support,Present,29-11-2026,05-05-2026,Prototype compliance record
CMP-00920,MPL-0184,Completion Certificate,Present,29-11-2026,28-03-2026,Prototype compliance record
CMP-00921,MPL-0185,Sanction Order,Present,27-08-2026,08-04-2026,Prototype compliance record
CMP-00922,MPL-0185,Progress Update,Present,27-08-2026,24-08-2026,Prototype compliance record
CMP-00923,MPL-0185,Inspection Report,Present,27-08-2026,04-08-2026,Prototype compliance record
CMP-00924,MPL-0185,Payment Support,Present,27-08-2026,01-07-2026,Prototype compliance record
CMP-00925,MPL-0185,Completion Certificate,Present,27-08-2026,30-06-2026,Prototype compliance record
CMP-00926,MPL-0186,Sanction Order,Present,16-09-2026,02-09-2026,Prototype compliance record
CMP-00927,MPL-0186,Progress Update,Present,16-09-2026,02-05-2026,Prototype compliance record
CMP-00928,MPL-0186,Inspection Report,Present,16-09-2026,19-08-2026,Prototype compliance record
CMP-00929,MPL-0186,Payment Support,Present,16-09-2026,21-10-2026,Prototype compliance record
CMP-00930,MPL-0186,Completion Certificate,Present,16-09-2026,09-03-2026,Prototype compliance record
CMP-00931,MPL-0187,Sanction Order,Present,17-02-2027,04-12-2026,Prototype compliance record
CMP-00932,MPL-0187,Progress Update,Present,17-02-2027,07-09-2026,Prototype compliance record
CMP-00933,MPL-0187,Inspection Report,Present,17-02-2027,05-12-2026,Prototype compliance record
CMP-00934,MPL-0187,Payment Support,Present,17-02-2027,11-12-2026,Prototype compliance record
CMP-00935,MPL-0187,Completion Certificate,Present,17-02-2027,15-10-2026,Prototype compliance record
CMP-00936,MPL-0188,Sanction Order,Present,17-06-2026,24-03-2026,Prototype compliance record
CMP-00937,MPL-0188,Progress Update,Present,17-06-2026,07-08-2026,Prototype compliance record
CMP-00938,MPL-0188,Inspection Report,Present,17-06-2026,26-05-2026,Prototype compliance record
CMP-00939,MPL-0188,Payment Support,Present,17-06-2026,02-10-2026,Prototype compliance record
CMP-00940,MPL-0188,Completion Certificate,Missing,17-06-2026,,Prototype compliance record
CMP-00941,MPL-0189,Sanction Order,Present,28-02-2027,24-07-2026,Prototype compliance record
CMP-00942,MPL-0189,Progress Update,Present,28-02-2027,25-12-2026,Prototype compliance record
CMP-00943,MPL-0189,Inspection Report,Missing,28-02-2027,,Prototype compliance record
CMP-00944,MPL-0189,Payment Support,Present,28-02-2027,01-10-2026,Prototype compliance record
CMP-00945,MPL-0189,Completion Certificate,Present,28-02-2027,26-07-2026,Prototype compliance record
CMP-00946,MPL-0190,Sanction Order,Present,26-01-2027,30-05-2026,Prototype compliance record
CMP-00947,MPL-0190,Progress Update,Present,26-01-2027,01-06-2026,Prototype compliance record
CMP-00948,MPL-0190,Inspection Report,Present,26-01-2027,11-05-2026,Prototype compliance record
CMP-00949,MPL-0190,Payment Support,Present,26-01-2027,25-11-2026,Prototype compliance record
CMP-00950,MPL-0190,Completion Certificate,Present,26-01-2027,22-10-2026,Prototype compliance record
CMP-00951,MPL-0191,Sanction Order,Present,21-02-2027,03-12-2026,Prototype compliance record
CMP-00952,MPL-0191,Progress Update,Present,21-02-2027,10-11-2026,Prototype compliance record
CMP-00953,MPL-0191,Inspection Report,Present,21-02-2027,09-01-2027,Prototype compliance record
CMP-00954,MPL-0191,Payment Support,Present,21-02-2027,08-12-2026,Prototype compliance record
CMP-00955,MPL-0191,Completion Certificate,Present,21-02-2027,03-02-2027,Prototype compliance record
CMP-00956,MPL-0192,Sanction Order,Present,27-11-2026,27-10-2026,Prototype compliance record
CMP-00957,MPL-0192,Progress Update,Present,27-11-2026,03-10-2026,Prototype compliance record
CMP-00958,MPL-0192,Inspection Report,Present,27-11-2026,18-12-2026,Prototype compliance record
CMP-00959,MPL-0192,Payment Support,Present,27-11-2026,03-10-2026,Prototype compliance record
CMP-00960,MPL-0192,Completion Certificate,Present,27-11-2026,25-06-2026,Prototype compliance record
CMP-00961,MPL-0193,Sanction Order,Present,05-04-2027,24-07-2026,Prototype compliance record
CMP-00962,MPL-0193,Progress Update,Present,05-04-2027,09-03-2027,Prototype compliance record
CMP-00963,MPL-0193,Inspection Report,Present,05-04-2027,03-01-2027,Prototype compliance record
CMP-00964,MPL-0193,Payment Support,Present,05-04-2027,14-11-2026,Prototype compliance record
CMP-00965,MPL-0193,Completion Certificate,Present,05-04-2027,07-01-2027,Prototype compliance record
CMP-00966,MPL-0194,Sanction Order,Present,03-04-2027,10-01-2027,Prototype compliance record
CMP-00967,MPL-0194,Progress Update,Present,03-04-2027,07-08-2026,Prototype compliance record
CMP-00968,MPL-0194,Inspection Report,Present,03-04-2027,12-09-2026,Prototype compliance record
CMP-00969,MPL-0194,Payment Support,Present,03-04-2027,13-02-2027,Prototype compliance record
CMP-00970,MPL-0194,Completion Certificate,Present,03-04-2027,26-01-2027,Prototype compliance record
CMP-00971,MPL-0195,Sanction Order,Present,10-02-2027,26-07-2026,Prototype compliance record
CMP-00972,MPL-0195,Progress Update,Present,10-02-2027,19-03-2027,Prototype compliance record
CMP-00973,MPL-0195,Inspection Report,Missing,10-02-2027,,Prototype compliance record
CMP-00974,MPL-0195,Payment Support,Present,10-02-2027,24-11-2026,Prototype compliance record
CMP-00975,MPL-0195,Completion Certificate,Present,10-02-2027,24-03-2027,Prototype compliance record
CMP-00976,MPL-0196,Sanction Order,Present,22-01-2027,14-06-2026,Prototype compliance record
CMP-00977,MPL-0196,Progress Update,Present,22-01-2027,02-09-2026,Prototype compliance record
CMP-00978,MPL-0196,Inspection Report,Present,22-01-2027,20-06-2026,Prototype compliance record
CMP-00979,MPL-0196,Payment Support,Present,22-01-2027,22-07-2026,Prototype compliance record
CMP-00980,MPL-0196,Completion Certificate,Missing,22-01-2027,,Prototype compliance record
CMP-00981,MPL-0197,Sanction Order,Present,18-02-2027,13-12-2026,Prototype compliance record
CMP-00982,MPL-0197,Progress Update,Present,18-02-2027,13-07-2026,Prototype compliance record
CMP-00983,MPL-0197,Inspection Report,Present,18-02-2027,19-06-2026,Prototype compliance record
CMP-00984,MPL-0197,Payment Support,Present,18-02-2027,08-12-2026,Prototype compliance record
CMP-00985,MPL-0197,Completion Certificate,Present,18-02-2027,14-06-2026,Prototype compliance record
CMP-00986,MPL-0198,Sanction Order,Present,18-01-2027,07-12-2026,Prototype compliance record
CMP-00987,MPL-0198,Progress Update,Present,18-01-2027,03-06-2026,Prototype compliance record
CMP-00988,MPL-0198,Inspection Report,Present,18-01-2027,21-07-2026,Prototype compliance record
CMP-00989,MPL-0198,Payment Support,Present,18-01-2027,05-08-2026,Prototype compliance record
CMP-00990,MPL-0198,Completion Certificate,Present,18-01-2027,04-01-2027,Prototype compliance record
CMP-00991,MPL-0199,Sanction Order,Present,06-10-2026,07-06-2026,Prototype compliance record
CMP-00992,MPL-0199,Progress Update,Present,06-10-2026,14-10-2026,Prototype compliance record
CMP-00993,MPL-0199,Inspection Report,Present,06-10-2026,03-07-2026,Prototype compliance record
CMP-00994,MPL-0199,Payment Support,Present,06-10-2026,24-05-2026,Prototype compliance record
CMP-00995,MPL-0199,Completion Certificate,Present,06-10-2026,24-08-2026,Prototype compliance record
CMP-00996,MPL-0200,Sanction Order,Present,25-11-2026,21-06-2026,Prototype compliance record
CMP-00997,MPL-0200,Progress Update,Present,25-11-2026,30-08-2026,Prototype compliance record
CMP-00998,MPL-0200,Inspection Report,Missing,25-11-2026,,Prototype compliance record
CMP-00999,MPL-0200,Payment Support,Present,25-11-2026,29-05-2026,Prototype compliance record
CMP-01000,MPL-0200,Completion Certificate,Present,25-11-2026,02-09-2026,Prototype compliance record
CMP-01001,MPL-0201,Sanction Order,Present,19-03-2027,22-09-2026,Prototype compliance record
CMP-01002,MPL-0201,Progress Update,Present,19-03-2027,22-11-2026,Prototype compliance record
CMP-01003,MPL-0201,Inspection Report,Present,19-03-2027,24-11-2026,Prototype compliance record
CMP-01004,MPL-0201,Payment Support,Present,19-03-2027,31-07-2026,Prototype compliance record
CMP-01005,MPL-0201,Completion Certificate,Present,19-03-2027,20-03-2027,Prototype compliance record
CMP-01006,MPL-0202,Sanction Order,Present,06-01-2027,09-03-2026,Prototype compliance record
CMP-01007,MPL-0202,Progress Update,Present,06-01-2027,07-11-2026,Prototype compliance record
CMP-01008,MPL-0202,Inspection Report,Present,06-01-2027,16-08-2026,Prototype compliance record
CMP-01009,MPL-0202,Payment Support,Present,06-01-2027,20-08-2026,Prototype compliance record
CMP-01010,MPL-0202,Completion Certificate,Present,06-01-2027,27-08-2026,Prototype compliance record
CMP-01011,MPL-0203,Sanction Order,Present,20-10-2026,05-11-2026,Prototype compliance record
CMP-01012,MPL-0203,Progress Update,Present,20-10-2026,02-12-2026,Prototype compliance record
CMP-01013,MPL-0203,Inspection Report,Present,20-10-2026,25-05-2026,Prototype compliance record
CMP-01014,MPL-0203,Payment Support,Present,20-10-2026,11-08-2026,Prototype compliance record
CMP-01015,MPL-0203,Completion Certificate,Present,20-10-2026,21-04-2026,Prototype compliance record
CMP-01016,MPL-0204,Sanction Order,Present,16-11-2026,19-11-2026,Prototype compliance record
CMP-01017,MPL-0204,Progress Update,Present,16-11-2026,04-09-2026,Prototype compliance record
CMP-01018,MPL-0204,Inspection Report,Present,16-11-2026,20-07-2026,Prototype compliance record
CMP-01019,MPL-0204,Payment Support,Present,16-11-2026,09-12-2026,Prototype compliance record
CMP-01020,MPL-0204,Completion Certificate,Present,16-11-2026,18-07-2026,Prototype compliance record
CMP-01021,MPL-0205,Sanction Order,Present,21-04-2027,23-02-2027,Prototype compliance record
CMP-01022,MPL-0205,Progress Update,Present,21-04-2027,10-02-2027,Prototype compliance record
CMP-01023,MPL-0205,Inspection Report,Present,21-04-2027,24-07-2026,Prototype compliance record
CMP-01024,MPL-0205,Payment Support,Present,21-04-2027,02-03-2027,Prototype compliance record
CMP-01025,MPL-0205,Completion Certificate,Present,21-04-2027,03-07-2026,Prototype compliance record
CMP-01026,MPL-0206,Sanction Order,Present,10-01-2027,09-02-2027,Prototype compliance record
CMP-01027,MPL-0206,Progress Update,Present,10-01-2027,20-03-2027,Prototype compliance record
CMP-01028,MPL-0206,Inspection Report,Missing,10-01-2027,,Prototype compliance record
CMP-01029,MPL-0206,Payment Support,Present,10-01-2027,20-07-2026,Prototype compliance record
CMP-01030,MPL-0206,Completion Certificate,Present,10-01-2027,20-01-2027,Prototype compliance record
CMP-01031,MPL-0207,Sanction Order,Missing,10-04-2027,,Prototype compliance record
CMP-01032,MPL-0207,Progress Update,Present,10-04-2027,16-08-2026,Prototype compliance record
CMP-01033,MPL-0207,Inspection Report,Present,10-04-2027,06-01-2027,Prototype compliance record
CMP-01034,MPL-0207,Payment Support,Present,10-04-2027,13-04-2027,Prototype compliance record
CMP-01035,MPL-0207,Completion Certificate,Present,10-04-2027,07-10-2026,Prototype compliance record
CMP-01036,MPL-0208,Sanction Order,Present,20-01-2027,03-04-2026,Prototype compliance record
CMP-01037,MPL-0208,Progress Update,Present,20-01-2027,10-03-2026,Prototype compliance record
CMP-01038,MPL-0208,Inspection Report,Present,20-01-2027,21-07-2026,Prototype compliance record
CMP-01039,MPL-0208,Payment Support,Present,20-01-2027,27-04-2026,Prototype compliance record
CMP-01040,MPL-0208,Completion Certificate,Present,20-01-2027,07-07-2026,Prototype compliance record
CMP-01041,MPL-0209,Sanction Order,Missing,06-08-2026,,Prototype compliance record
CMP-01042,MPL-0209,Progress Update,Present,06-08-2026,12-09-2026,Prototype compliance record
CMP-01043,MPL-0209,Inspection Report,Present,06-08-2026,08-08-2026,Prototype compliance record
CMP-01044,MPL-0209,Payment Support,Present,06-08-2026,09-09-2026,Prototype compliance record
CMP-01045,MPL-0209,Completion Certificate,Present,06-08-2026,13-04-2026,Prototype compliance record
CMP-01046,MPL-0210,Sanction Order,Present,24-04-2027,27-07-2026,Prototype compliance record
CMP-01047,MPL-0210,Progress Update,Present,24-04-2027,03-03-2027,Prototype compliance record
CMP-01048,MPL-0210,Inspection Report,Present,24-04-2027,02-08-2026,Prototype compliance record
CMP-01049,MPL-0210,Payment Support,Present,24-04-2027,28-11-2026,Prototype compliance record
CMP-01050,MPL-0210,Completion Certificate,Present,24-04-2027,31-10-2026,Prototype compliance record
CMP-01051,MPL-0211,Sanction Order,Present,04-03-2027,02-12-2026,Prototype compliance record
CMP-01052,MPL-0211,Progress Update,Present,04-03-2027,26-12-2026,Prototype compliance record
CMP-01053,MPL-0211,Inspection Report,Present,04-03-2027,15-10-2026,Prototype compliance record
CMP-01054,MPL-0211,Payment Support,Present,04-03-2027,09-07-2026,Prototype compliance record
CMP-01055,MPL-0211,Completion Certificate,Present,04-03-2027,18-01-2027,Prototype compliance record
CMP-01056,MPL-0212,Sanction Order,Present,27-12-2026,13-11-2026,Prototype compliance record
CMP-01057,MPL-0212,Progress Update,Present,27-12-2026,24-06-2026,Prototype compliance record
CMP-01058,MPL-0212,Inspection Report,Present,27-12-2026,29-06-2026,Prototype compliance record
CMP-01059,MPL-0212,Payment Support,Present,27-12-2026,13-11-2026,Prototype compliance record
CMP-01060,MPL-0212,Completion Certificate,Present,27-12-2026,30-07-2026,Prototype compliance record
CMP-01061,MPL-0213,Sanction Order,Present,30-04-2027,29-07-2026,Prototype compliance record
CMP-01062,MPL-0213,Progress Update,Present,30-04-2027,06-03-2027,Prototype compliance record
CMP-01063,MPL-0213,Inspection Report,Present,30-04-2027,28-11-2026,Prototype compliance record
CMP-01064,MPL-0213,Payment Support,Present,30-04-2027,27-06-2026,Prototype compliance record
CMP-01065,MPL-0213,Completion Certificate,Present,30-04-2027,04-10-2026,Prototype compliance record
CMP-01066,MPL-0214,Sanction Order,Present,08-05-2027,02-02-2027,Prototype compliance record
CMP-01067,MPL-0214,Progress Update,Present,08-05-2027,12-02-2027,Prototype compliance record
CMP-01068,MPL-0214,Inspection Report,Present,08-05-2027,07-09-2026,Prototype compliance record
CMP-01069,MPL-0214,Payment Support,Present,08-05-2027,25-10-2026,Prototype compliance record
CMP-01070,MPL-0214,Completion Certificate,Present,08-05-2027,12-11-2026,Prototype compliance record
CMP-01071,MPL-0215,Sanction Order,Present,22-08-2026,21-04-2026,Prototype compliance record
CMP-01072,MPL-0215,Progress Update,Present,22-08-2026,20-05-2026,Prototype compliance record
CMP-01073,MPL-0215,Inspection Report,Present,22-08-2026,08-04-2026,Prototype compliance record
CMP-01074,MPL-0215,Payment Support,Present,22-08-2026,23-04-2026,Prototype compliance record
CMP-01075,MPL-0215,Completion Certificate,Present,22-08-2026,26-07-2026,Prototype compliance record
CMP-01076,MPL-0216,Sanction Order,Present,06-10-2026,11-09-2026,Prototype compliance record
CMP-01077,MPL-0216,Progress Update,Present,06-10-2026,30-03-2026,Prototype compliance record
CMP-01078,MPL-0216,Inspection Report,Missing,06-10-2026,,Prototype compliance record
CMP-01079,MPL-0216,Payment Support,Missing,06-10-2026,,Prototype compliance record
CMP-01080,MPL-0216,Completion Certificate,Present,06-10-2026,31-10-2026,Prototype compliance record
CMP-01081,MPL-0217,Sanction Order,Present,10-12-2026,31-08-2026,Prototype compliance record
CMP-01082,MPL-0217,Progress Update,Present,10-12-2026,15-09-2026,Prototype compliance record
CMP-01083,MPL-0217,Inspection Report,Present,10-12-2026,11-11-2026,Prototype compliance record
CMP-01084,MPL-0217,Payment Support,Present,10-12-2026,09-11-2026,Prototype compliance record
CMP-01085,MPL-0217,Completion Certificate,Present,10-12-2026,30-08-2026,Prototype compliance record
CMP-01086,MPL-0218,Sanction Order,Present,19-03-2027,09-01-2027,Prototype compliance record
CMP-01087,MPL-0218,Progress Update,Present,19-03-2027,24-01-2027,Prototype compliance record
CMP-01088,MPL-0218,Inspection Report,Present,19-03-2027,04-02-2027,Prototype compliance record
CMP-01089,MPL-0218,Payment Support,Present,19-03-2027,11-02-2027,Prototype compliance record
CMP-01090,MPL-0218,Completion Certificate,Present,19-03-2027,22-07-2026,Prototype compliance record
CMP-01091,MPL-0219,Sanction Order,Present,01-02-2027,06-04-2027,Prototype compliance record
CMP-01092,MPL-0219,Progress Update,Present,01-02-2027,15-03-2027,Prototype compliance record
CMP-01093,MPL-0219,Inspection Report,Present,01-02-2027,06-12-2026,Prototype compliance record
CMP-01094,MPL-0219,Payment Support,Present,01-02-2027,04-04-2027,Prototype compliance record
CMP-01095,MPL-0219,Completion Certificate,Present,01-02-2027,19-08-2026,Prototype compliance record
CMP-01096,MPL-0220,Sanction Order,Present,12-05-2027,06-10-2026,Prototype compliance record
CMP-01097,MPL-0220,Progress Update,Present,12-05-2027,03-11-2026,Prototype compliance record
CMP-01098,MPL-0220,Inspection Report,Present,12-05-2027,01-01-2027,Prototype compliance record
CMP-01099,MPL-0220,Payment Support,Present,12-05-2027,20-02-2027,Prototype compliance record
CMP-01100,MPL-0220,Completion Certificate,Present,12-05-2027,11-11-2026,Prototype compliance record
CMP-01101,MPL-0221,Sanction Order,Present,04-03-2027,27-09-2026,Prototype compliance record
CMP-01102,MPL-0221,Progress Update,Present,04-03-2027,27-11-2026,Prototype compliance record
CMP-01103,MPL-0221,Inspection Report,Present,04-03-2027,29-10-2026,Prototype compliance record
CMP-01104,MPL-0221,Payment Support,Present,04-03-2027,15-08-2026,Prototype compliance record
CMP-01105,MPL-0221,Completion Certificate,Present,04-03-2027,27-11-2026,Prototype compliance record
CMP-01106,MPL-0222,Sanction Order,Present,12-03-2027,12-02-2027,Prototype compliance record
CMP-01107,MPL-0222,Progress Update,Present,12-03-2027,19-08-2026,Prototype compliance record
CMP-01108,MPL-0222,Inspection Report,Present,12-03-2027,24-08-2026,Prototype compliance record
CMP-01109,MPL-0222,Payment Support,Present,12-03-2027,05-10-2026,Prototype compliance record
CMP-01110,MPL-0222,Completion Certificate,Present,12-03-2027,06-02-2027,Prototype compliance record
CMP-01111,MPL-0223,Sanction Order,Present,07-08-2026,25-03-2026,Prototype compliance record
CMP-01112,MPL-0223,Progress Update,Missing,07-08-2026,,Prototype compliance record
CMP-01113,MPL-0223,Inspection Report,Present,07-08-2026,01-09-2026,Prototype compliance record
CMP-01114,MPL-0223,Payment Support,Present,07-08-2026,06-12-2026,Prototype compliance record
CMP-01115,MPL-0223,Completion Certificate,Present,07-08-2026,11-08-2026,Prototype compliance record
CMP-01116,MPL-0224,Sanction Order,Present,18-08-2026,03-12-2026,Prototype compliance record
CMP-01117,MPL-0224,Progress Update,Present,18-08-2026,23-08-2026,Prototype compliance record
CMP-01118,MPL-0224,Inspection Report,Present,18-08-2026,10-09-2026,Prototype compliance record
CMP-01119,MPL-0224,Payment Support,Present,18-08-2026,07-09-2026,Prototype compliance record
CMP-01120,MPL-0224,Completion Certificate,Present,18-08-2026,07-06-2026,Prototype compliance record
CMP-01121,MPL-0225,Sanction Order,Present,23-11-2026,18-10-2026,Prototype compliance record
CMP-01122,MPL-0225,Progress Update,Present,23-11-2026,15-03-2026,Prototype compliance record
CMP-01123,MPL-0225,Inspection Report,Missing,23-11-2026,,Prototype compliance record
CMP-01124,MPL-0225,Payment Support,Present,23-11-2026,31-08-2026,Prototype compliance record
CMP-01125,MPL-0225,Completion Certificate,Present,23-11-2026,10-10-2026,Prototype compliance record
CMP-01126,MPL-0226,Sanction Order,Present,06-02-2027,14-09-2026,Prototype compliance record
CMP-01127,MPL-0226,Progress Update,Present,06-02-2027,07-08-2026,Prototype compliance record
CMP-01128,MPL-0226,Inspection Report,Present,06-02-2027,06-02-2027,Prototype compliance record
CMP-01129,MPL-0226,Payment Support,Present,06-02-2027,16-11-2026,Prototype compliance record
CMP-01130,MPL-0226,Completion Certificate,Present,06-02-2027,25-09-2026,Prototype compliance record
CMP-01131,MPL-0227,Sanction Order,Present,29-01-2027,01-09-2026,Prototype compliance record
CMP-01132,MPL-0227,Progress Update,Present,29-01-2027,03-09-2026,Prototype compliance record
CMP-01133,MPL-0227,Inspection Report,Present,29-01-2027,10-01-2027,Prototype compliance record
CMP-01134,MPL-0227,Payment Support,Present,29-01-2027,20-12-2026,Prototype compliance record
CMP-01135,MPL-0227,Completion Certificate,Present,29-01-2027,25-04-2026,Prototype compliance record
CMP-01136,MPL-0228,Sanction Order,Present,31-10-2026,20-05-2026,Prototype compliance record
CMP-01137,MPL-0228,Progress Update,Present,31-10-2026,02-09-2026,Prototype compliance record
CMP-01138,MPL-0228,Inspection Report,Present,31-10-2026,12-09-2026,Prototype compliance record
CMP-01139,MPL-0228,Payment Support,Missing,31-10-2026,,Prototype compliance record
CMP-01140,MPL-0228,Completion Certificate,Present,31-10-2026,18-07-2026,Prototype compliance record
CMP-01141,MPL-0229,Sanction Order,Present,12-12-2026,09-03-2026,Prototype compliance record
CMP-01142,MPL-0229,Progress Update,Present,12-12-2026,05-10-2026,Prototype compliance record
CMP-01143,MPL-0229,Inspection Report,Missing,12-12-2026,,Prototype compliance record
CMP-01144,MPL-0229,Payment Support,Present,12-12-2026,26-05-2026,Prototype compliance record
CMP-01145,MPL-0229,Completion Certificate,Present,12-12-2026,18-07-2026,Prototype compliance record
CMP-01146,MPL-0230,Sanction Order,Present,28-09-2026,12-08-2026,Prototype compliance record
CMP-01147,MPL-0230,Progress Update,Present,28-09-2026,14-07-2026,Prototype compliance record
CMP-01148,MPL-0230,Inspection Report,Present,28-09-2026,24-10-2026,Prototype compliance record
CMP-01149,MPL-0230,Payment Support,Missing,28-09-2026,,Prototype compliance record
CMP-01150,MPL-0230,Completion Certificate,Missing,28-09-2026,,Prototype compliance record
CMP-01151,MPL-0231,Sanction Order,Present,19-11-2026,23-05-2026,Prototype compliance record
CMP-01152,MPL-0231,Progress Update,Present,19-11-2026,21-08-2026,Prototype compliance record
CMP-01153,MPL-0231,Inspection Report,Missing,19-11-2026,,Prototype compliance record
CMP-01154,MPL-0231,Payment Support,Present,19-11-2026,18-09-2026,Prototype compliance record
CMP-01155,MPL-0231,Completion Certificate,Present,19-11-2026,15-08-2026,Prototype compliance record
CMP-01156,MPL-0232,Sanction Order,Present,30-09-2026,24-02-2026,Prototype compliance record
CMP-01157,MPL-0232,Progress Update,Present,30-09-2026,27-09-2026,Prototype compliance record
CMP-01158,MPL-0232,Inspection Report,Present,30-09-2026,19-10-2026,Prototype compliance record
CMP-01159,MPL-0232,Payment Support,Present,30-09-2026,25-10-2026,Prototype compliance record
CMP-01160,MPL-0232,Completion Certificate,Present,30-09-2026,07-07-2026,Prototype compliance record
CMP-01161,MPL-0233,Sanction Order,Present,22-05-2027,13-10-2026,Prototype compliance record
CMP-01162,MPL-0233,Progress Update,Present,22-05-2027,21-09-2026,Prototype compliance record
CMP-01163,MPL-0233,Inspection Report,Present,22-05-2027,11-02-2027,Prototype compliance record
CMP-01164,MPL-0233,Payment Support,Present,22-05-2027,22-04-2027,Prototype compliance record
CMP-01165,MPL-0233,Completion Certificate,Missing,22-05-2027,,Prototype compliance record
CMP-01166,MPL-0234,Sanction Order,Present,20-08-2026,10-05-2026,Prototype compliance record
CMP-01167,MPL-0234,Progress Update,Present,20-08-2026,17-10-2026,Prototype compliance record
CMP-01168,MPL-0234,Inspection Report,Present,20-08-2026,29-10-2026,Prototype compliance record
CMP-01169,MPL-0234,Payment Support,Present,20-08-2026,26-12-2026,Prototype compliance record
CMP-01170,MPL-0234,Completion Certificate,Present,20-08-2026,04-01-2027,Prototype compliance record
CMP-01171,MPL-0235,Sanction Order,Present,01-09-2026,02-04-2026,Prototype compliance record
CMP-01172,MPL-0235,Progress Update,Present,01-09-2026,06-12-2026,Prototype compliance record
CMP-01173,MPL-0235,Inspection Report,Present,01-09-2026,18-07-2026,Prototype compliance record
CMP-01174,MPL-0235,Payment Support,Present,01-09-2026,04-04-2026,Prototype compliance record
CMP-01175,MPL-0235,Completion Certificate,Present,01-09-2026,18-04-2026,Prototype compliance record
CMP-01176,MPL-0236,Sanction Order,Present,28-05-2027,13-02-2027,Prototype compliance record
CMP-01177,MPL-0236,Progress Update,Missing,28-05-2027,,Prototype compliance record
CMP-01178,MPL-0236,Inspection Report,Present,28-05-2027,12-11-2026,Prototype compliance record
CMP-01179,MPL-0236,Payment Support,Present,28-05-2027,29-07-2026,Prototype compliance record
CMP-01180,MPL-0236,Completion Certificate,Present,28-05-2027,22-08-2026,Prototype compliance record
CMP-01181,MPL-0237,Sanction Order,Present,08-02-2027,30-09-2026,Prototype compliance record
CMP-01182,MPL-0237,Progress Update,Present,08-02-2027,11-12-2026,Prototype compliance record
CMP-01183,MPL-0237,Inspection Report,Present,08-02-2027,29-07-2026,Prototype compliance record
CMP-01184,MPL-0237,Payment Support,Present,08-02-2027,27-12-2026,Prototype compliance record
CMP-01185,MPL-0237,Completion Certificate,Present,08-02-2027,14-11-2026,Prototype compliance record
CMP-01186,MPL-0238,Sanction Order,Present,12-01-2027,23-01-2027,Prototype compliance record
CMP-01187,MPL-0238,Progress Update,Present,12-01-2027,08-02-2027,Prototype compliance record
CMP-01188,MPL-0238,Inspection Report,Present,12-01-2027,21-01-2027,Prototype compliance record
CMP-01189,MPL-0238,Payment Support,Present,12-01-2027,16-12-2026,Prototype compliance record
CMP-01190,MPL-0238,Completion Certificate,Present,12-01-2027,09-08-2026,Prototype compliance record
CMP-01191,MPL-0239,Sanction Order,Present,25-09-2026,22-04-2026,Prototype compliance record
CMP-01192,MPL-0239,Progress Update,Present,25-09-2026,22-10-2026,Prototype compliance record
CMP-01193,MPL-0239,Inspection Report,Present,25-09-2026,11-12-2026,Prototype compliance record
CMP-01194,MPL-0239,Payment Support,Present,25-09-2026,30-06-2026,Prototype compliance record
CMP-01195,MPL-0239,Completion Certificate,Missing,25-09-2026,,Prototype compliance record
CMP-01196,MPL-0240,Sanction Order,Present,23-04-2027,31-08-2026,Prototype compliance record
CMP-01197,MPL-0240,Progress Update,Present,23-04-2027,06-12-2026,Prototype compliance record
CMP-01198,MPL-0240,Inspection Report,Present,23-04-2027,19-03-2027,Prototype compliance record
CMP-01199,MPL-0240,Payment Support,Present,23-04-2027,16-03-2027,Prototype compliance record
CMP-01200,MPL-0240,Completion Certificate,Present,23-04-2027,14-11-2026,Prototype compliance record
CMP-01201,MPL-0241,Sanction Order,Missing,01-10-2026,,Prototype compliance record
CMP-01202,MPL-0241,Progress Update,Present,01-10-2026,03-10-2026,Prototype compliance record
CMP-01203,MPL-0241,Inspection Report,Present,01-10-2026,20-09-2026,Prototype compliance record
CMP-01204,MPL-0241,Payment Support,Present,01-10-2026,05-01-2027,Prototype compliance record
CMP-01205,MPL-0241,Completion Certificate,Missing,01-10-2026,,Prototype compliance record
CMP-01206,MPL-0242,Sanction Order,Present,29-08-2026,13-09-2026,Prototype compliance record
CMP-01207,MPL-0242,Progress Update,Present,29-08-2026,26-07-2026,Prototype compliance record
CMP-01208,MPL-0242,Inspection Report,Present,29-08-2026,06-10-2026,Prototype compliance record
CMP-01209,MPL-0242,Payment Support,Present,29-08-2026,01-08-2026,Prototype compliance record
CMP-01210,MPL-0242,Completion Certificate,Present,29-08-2026,20-06-2026,Prototype compliance record
CMP-01211,MPL-0243,Sanction Order,Present,17-01-2027,02-03-2027,Prototype compliance record
CMP-01212,MPL-0243,Progress Update,Present,17-01-2027,19-07-2026,Prototype compliance record
CMP-01213,MPL-0243,Inspection Report,Present,17-01-2027,19-10-2026,Prototype compliance record
CMP-01214,MPL-0243,Payment Support,Present,17-01-2027,04-11-2026,Prototype compliance record
CMP-01215,MPL-0243,Completion Certificate,Present,17-01-2027,31-08-2026,Prototype compliance record
CMP-01216,MPL-0244,Sanction Order,Present,21-05-2027,12-09-2026,Prototype compliance record
CMP-01217,MPL-0244,Progress Update,Present,21-05-2027,10-04-2027,Prototype compliance record
CMP-01218,MPL-0244,Inspection Report,Present,21-05-2027,11-10-2026,Prototype compliance record
CMP-01219,MPL-0244,Payment Support,Present,21-05-2027,29-01-2027,Prototype compliance record
CMP-01220,MPL-0244,Completion Certificate,Present,21-05-2027,03-01-2027,Prototype compliance record
CMP-01221,MPL-0245,Sanction Order,Present,13-03-2027,06-08-2026,Prototype compliance record
CMP-01222,MPL-0245,Progress Update,Present,13-03-2027,12-10-2026,Prototype compliance record
CMP-01223,MPL-0245,Inspection Report,Present,13-03-2027,18-03-2027,Prototype compliance record
CMP-01224,MPL-0245,Payment Support,Present,13-03-2027,15-11-2026,Prototype compliance record
CMP-01225,MPL-0245,Completion Certificate,Present,13-03-2027,24-09-2026,Prototype compliance record
CMP-01226,MPL-0246,Sanction Order,Present,11-04-2027,07-03-2027,Prototype compliance record
CMP-01227,MPL-0246,Progress Update,Present,11-04-2027,06-07-2026,Prototype compliance record
CMP-01228,MPL-0246,Inspection Report,Present,11-04-2027,18-09-2026,Prototype compliance record
CMP-01229,MPL-0246,Payment Support,Present,11-04-2027,21-07-2026,Prototype compliance record
CMP-01230,MPL-0246,Completion Certificate,Missing,11-04-2027,,Prototype compliance record
CMP-01231,MPL-0247,Sanction Order,Present,23-04-2027,25-01-2027,Prototype compliance record
CMP-01232,MPL-0247,Progress Update,Present,23-04-2027,06-11-2026,Prototype compliance record
CMP-01233,MPL-0247,Inspection Report,Present,23-04-2027,04-02-2027,Prototype compliance record
CMP-01234,MPL-0247,Payment Support,Missing,23-04-2027,,Prototype compliance record
CMP-01235,MPL-0247,Completion Certificate,Present,23-04-2027,10-11-2026,Prototype compliance record
CMP-01236,MPL-0248,Sanction Order,Present,12-03-2027,28-11-2026,Prototype compliance record
CMP-01237,MPL-0248,Progress Update,Present,12-03-2027,24-08-2026,Prototype compliance record
CMP-01238,MPL-0248,Inspection Report,Missing,12-03-2027,,Prototype compliance record
CMP-01239,MPL-0248,Payment Support,Present,12-03-2027,15-11-2026,Prototype compliance record
CMP-01240,MPL-0248,Completion Certificate,Present,12-03-2027,21-09-2026,Prototype compliance record
CMP-01241,MPL-0249,Sanction Order,Present,14-12-2026,11-04-2027,Prototype compliance record
CMP-01242,MPL-0249,Progress Update,Present,14-12-2026,06-08-2026,Prototype compliance record
CMP-01243,MPL-0249,Inspection Report,Present,14-12-2026,01-11-2026,Prototype compliance record
CMP-01244,MPL-0249,Payment Support,Present,14-12-2026,19-08-2026,Prototype compliance record
CMP-01245,MPL-0249,Completion Certificate,Present,14-12-2026,19-08-2026,Prototype compliance record
CMP-01246,MPL-0250,Sanction Order,Present,24-12-2026,29-05-2026,Prototype compliance record
CMP-01247,MPL-0250,Progress Update,Present,24-12-2026,01-10-2026,Prototype compliance record
CMP-01248,MPL-0250,Inspection Report,Present,24-12-2026,15-11-2026,Prototype compliance record
CMP-01249,MPL-0250,Payment Support,Present,24-12-2026,15-08-2026,Prototype compliance record
CMP-01250,MPL-0250,Completion Certificate,Present,24-12-2026,17-01-2027,Prototype compliance record
CMP-01251,MPL-0251,Sanction Order,Present,27-01-2027,10-10-2026,Prototype compliance record
CMP-01252,MPL-0251,Progress Update,Present,27-01-2027,14-09-2026,Prototype compliance record
CMP-01253,MPL-0251,Inspection Report,Present,27-01-2027,27-02-2027,Prototype compliance record
CMP-01254,MPL-0251,Payment Support,Present,27-01-2027,12-09-2026,Prototype compliance record
CMP-01255,MPL-0251,Completion Certificate,Present,27-01-2027,17-01-2027,Prototype compliance record
CMP-01256,MPL-0252,Sanction Order,Present,01-01-2027,22-07-2026,Prototype compliance record
CMP-01257,MPL-0252,Progress Update,Missing,01-01-2027,,Prototype compliance record
CMP-01258,MPL-0252,Inspection Report,Present,01-01-2027,05-05-2026,Prototype compliance record
CMP-01259,MPL-0252,Payment Support,Present,01-01-2027,08-10-2026,Prototype compliance record
CMP-01260,MPL-0252,Completion Certificate,Present,01-01-2027,11-06-2026,Prototype compliance record
CMP-01261,MPL-0253,Sanction Order,Present,10-07-2026,24-12-2026,Prototype compliance record
CMP-01262,MPL-0253,Progress Update,Present,10-07-2026,21-05-2026,Prototype compliance record
CMP-01263,MPL-0253,Inspection Report,Present,10-07-2026,08-06-2026,Prototype compliance record
CMP-01264,MPL-0253,Payment Support,Present,10-07-2026,14-04-2026,Prototype compliance record
CMP-01265,MPL-0253,Completion Certificate,Present,10-07-2026,07-12-2026,Prototype compliance record
CMP-01266,MPL-0254,Sanction Order,Missing,30-03-2027,,Prototype compliance record
CMP-01267,MPL-0254,Progress Update,Present,30-03-2027,24-06-2026,Prototype compliance record
CMP-01268,MPL-0254,Inspection Report,Present,30-03-2027,30-06-2026,Prototype compliance record
CMP-01269,MPL-0254,Payment Support,Present,30-03-2027,12-08-2026,Prototype compliance record
CMP-01270,MPL-0254,Completion Certificate,Present,30-03-2027,20-08-2026,Prototype compliance record
CMP-01271,MPL-0255,Sanction Order,Present,13-01-2027,09-08-2026,Prototype compliance record
CMP-01272,MPL-0255,Progress Update,Present,13-01-2027,23-09-2026,Prototype compliance record
CMP-01273,MPL-0255,Inspection Report,Present,13-01-2027,13-02-2027,Prototype compliance record
CMP-01274,MPL-0255,Payment Support,Present,13-01-2027,06-01-2027,Prototype compliance record
CMP-01275,MPL-0255,Completion Certificate,Present,13-01-2027,15-01-2027,Prototype compliance record
CMP-01276,MPL-0256,Sanction Order,Present,12-04-2027,19-09-2026,Prototype compliance record
CMP-01277,MPL-0256,Progress Update,Present,12-04-2027,09-06-2026,Prototype compliance record
CMP-01278,MPL-0256,Inspection Report,Present,12-04-2027,01-11-2026,Prototype compliance record
CMP-01279,MPL-0256,Payment Support,Present,12-04-2027,15-12-2026,Prototype compliance record
CMP-01280,MPL-0256,Completion Certificate,Present,12-04-2027,10-09-2026,Prototype compliance record
CMP-01281,MPL-0257,Sanction Order,Present,31-10-2026,06-09-2026,Prototype compliance record
CMP-01282,MPL-0257,Progress Update,Present,31-10-2026,15-01-2027,Prototype compliance record
CMP-01283,MPL-0257,Inspection Report,Missing,31-10-2026,,Prototype compliance record
CMP-01284,MPL-0257,Payment Support,Present,31-10-2026,29-09-2026,Prototype compliance record
CMP-01285,MPL-0257,Completion Certificate,Present,31-10-2026,27-08-2026,Prototype compliance record
CMP-01286,MPL-0258,Sanction Order,Present,08-04-2027,20-09-2026,Prototype compliance record
CMP-01287,MPL-0258,Progress Update,Present,08-04-2027,16-11-2026,Prototype compliance record
CMP-01288,MPL-0258,Inspection Report,Present,08-04-2027,22-06-2026,Prototype compliance record
CMP-01289,MPL-0258,Payment Support,Present,08-04-2027,10-11-2026,Prototype compliance record
CMP-01290,MPL-0258,Completion Certificate,Present,08-04-2027,17-06-2026,Prototype compliance record
CMP-01291,MPL-0259,Sanction Order,Present,20-12-2026,17-06-2026,Prototype compliance record
CMP-01292,MPL-0259,Progress Update,Present,20-12-2026,22-08-2026,Prototype compliance record
CMP-01293,MPL-0259,Inspection Report,Present,20-12-2026,21-09-2026,Prototype compliance record
CMP-01294,MPL-0259,Payment Support,Present,20-12-2026,07-10-2026,Prototype compliance record
CMP-01295,MPL-0259,Completion Certificate,Present,20-12-2026,16-01-2027,Prototype compliance record
CMP-01296,MPL-0260,Sanction Order,Present,15-11-2026,22-05-2026,Prototype compliance record
CMP-01297,MPL-0260,Progress Update,Present,15-11-2026,05-09-2026,Prototype compliance record
CMP-01298,MPL-0260,Inspection Report,Present,15-11-2026,02-12-2026,Prototype compliance record
CMP-01299,MPL-0260,Payment Support,Present,15-11-2026,21-05-2026,Prototype compliance record
CMP-01300,MPL-0260,Completion Certificate,Present,15-11-2026,24-07-2026,Prototype compliance record
CMP-01301,MPL-0261,Sanction Order,Present,03-10-2026,06-09-2026,Prototype compliance record
CMP-01302,MPL-0261,Progress Update,Present,03-10-2026,04-07-2026,Prototype compliance record
CMP-01303,MPL-0261,Inspection Report,Present,03-10-2026,07-11-2026,Prototype compliance record
CMP-01304,MPL-0261,Payment Support,Present,03-10-2026,12-10-2026,Prototype compliance record
CMP-01305,MPL-0261,Completion Certificate,Present,03-10-2026,02-05-2026,Prototype compliance record
CMP-01306,MPL-0262,Sanction Order,Present,01-01-2027,23-11-2026,Prototype compliance record
CMP-01307,MPL-0262,Progress Update,Present,01-01-2027,29-11-2026,Prototype compliance record
CMP-01308,MPL-0262,Inspection Report,Present,01-01-2027,10-05-2026,Prototype compliance record
CMP-01309,MPL-0262,Payment Support,Present,01-01-2027,24-06-2026,Prototype compliance record
CMP-01310,MPL-0262,Completion Certificate,Present,01-01-2027,14-09-2026,Prototype compliance record
CMP-01311,MPL-0263,Sanction Order,Present,03-04-2027,10-10-2026,Prototype compliance record
CMP-01312,MPL-0263,Progress Update,Present,03-04-2027,13-02-2027,Prototype compliance record
CMP-01313,MPL-0263,Inspection Report,Present,03-04-2027,23-12-2026,Prototype compliance record
CMP-01314,MPL-0263,Payment Support,Present,03-04-2027,24-10-2026,Prototype compliance record
CMP-01315,MPL-0263,Completion Certificate,Missing,03-04-2027,,Prototype compliance record
CMP-01316,MPL-0264,Sanction Order,Present,14-12-2026,09-10-2026,Prototype compliance record
CMP-01317,MPL-0264,Progress Update,Present,14-12-2026,15-01-2027,Prototype compliance record
CMP-01318,MPL-0264,Inspection Report,Present,14-12-2026,17-01-2027,Prototype compliance record
CMP-01319,MPL-0264,Payment Support,Present,14-12-2026,24-06-2026,Prototype compliance record
CMP-01320,MPL-0264,Completion Certificate,Present,14-12-2026,02-10-2026,Prototype compliance record
CMP-01321,MPL-0265,Sanction Order,Present,28-01-2027,01-11-2026,Prototype compliance record
CMP-01322,MPL-0265,Progress Update,Present,28-01-2027,01-02-2027,Prototype compliance record
CMP-01323,MPL-0265,Inspection Report,Present,28-01-2027,05-09-2026,Prototype compliance record
CMP-01324,MPL-0265,Payment Support,Present,28-01-2027,19-11-2026,Prototype compliance record
CMP-01325,MPL-0265,Completion Certificate,Present,28-01-2027,01-02-2027,Prototype compliance record
CMP-01326,MPL-0266,Sanction Order,Present,30-03-2027,28-09-2026,Prototype compliance record
CMP-01327,MPL-0266,Progress Update,Present,30-03-2027,21-09-2026,Prototype compliance record
CMP-01328,MPL-0266,Inspection Report,Present,30-03-2027,04-11-2026,Prototype compliance record
CMP-01329,MPL-0266,Payment Support,Present,30-03-2027,25-01-2027,Prototype compliance record
CMP-01330,MPL-0266,Completion Certificate,Present,30-03-2027,22-10-2026,Prototype compliance record
CMP-01331,MPL-0267,Sanction Order,Present,28-12-2026,14-08-2026,Prototype compliance record
CMP-01332,MPL-0267,Progress Update,Present,28-12-2026,21-07-2026,Prototype compliance record
CMP-01333,MPL-0267,Inspection Report,Present,28-12-2026,11-12-2026,Prototype compliance record
CMP-01334,MPL-0267,Payment Support,Present,28-12-2026,08-11-2026,Prototype compliance record
CMP-01335,MPL-0267,Completion Certificate,Present,28-12-2026,30-09-2026,Prototype compliance record
CMP-01336,MPL-0268,Sanction Order,Present,08-10-2026,08-10-2026,Prototype compliance record
CMP-01337,MPL-0268,Progress Update,Present,08-10-2026,14-11-2026,Prototype compliance record
CMP-01338,MPL-0268,Inspection Report,Present,08-10-2026,01-11-2026,Prototype compliance record
CMP-01339,MPL-0268,Payment Support,Present,08-10-2026,15-09-2026,Prototype compliance record
CMP-01340,MPL-0268,Completion Certificate,Present,08-10-2026,15-12-2026,Prototype compliance record
CMP-01341,MPL-0269,Sanction Order,Present,30-10-2026,05-05-2026,Prototype compliance record
CMP-01342,MPL-0269,Progress Update,Present,30-10-2026,07-08-2026,Prototype compliance record
CMP-01343,MPL-0269,Inspection Report,Present,30-10-2026,05-11-2026,Prototype compliance record
CMP-01344,MPL-0269,Payment Support,Present,30-10-2026,31-08-2026,Prototype compliance record
CMP-01345,MPL-0269,Completion Certificate,Present,30-10-2026,24-06-2026,Prototype compliance record
CMP-01346,MPL-0270,Sanction Order,Present,04-02-2027,10-10-2026,Prototype compliance record
CMP-01347,MPL-0270,Progress Update,Present,04-02-2027,23-05-2026,Prototype compliance record
CMP-01348,MPL-0270,Inspection Report,Present,04-02-2027,16-12-2026,Prototype compliance record
CMP-01349,MPL-0270,Payment Support,Present,04-02-2027,08-06-2026,Prototype compliance record
CMP-01350,MPL-0270,Completion Certificate,Present,04-02-2027,23-11-2026,Prototype compliance record
CMP-01351,MPL-0271,Sanction Order,Missing,14-10-2026,,Prototype compliance record
CMP-01352,MPL-0271,Progress Update,Missing,14-10-2026,,Prototype compliance record
CMP-01353,MPL-0271,Inspection Report,Present,14-10-2026,10-05-2026,Prototype compliance record
CMP-01354,MPL-0271,Payment Support,Present,14-10-2026,04-04-2026,Prototype compliance record
CMP-01355,MPL-0271,Completion Certificate,Present,14-10-2026,23-03-2026,Prototype compliance record
CMP-01356,MPL-0272,Sanction Order,Present,30-04-2027,28-10-2026,Prototype compliance record
CMP-01357,MPL-0272,Progress Update,Present,30-04-2027,24-07-2026,Prototype compliance record
CMP-01358,MPL-0272,Inspection Report,Present,30-04-2027,04-11-2026,Prototype compliance record
CMP-01359,MPL-0272,Payment Support,Present,30-04-2027,04-02-2027,Prototype compliance record
CMP-01360,MPL-0272,Completion Certificate,Present,30-04-2027,03-07-2026,Prototype compliance record
CMP-01361,MPL-0273,Sanction Order,Present,19-11-2026,24-08-2026,Prototype compliance record
CMP-01362,MPL-0273,Progress Update,Present,19-11-2026,29-07-2026,Prototype compliance record
CMP-01363,MPL-0273,Inspection Report,Present,19-11-2026,02-12-2026,Prototype compliance record
CMP-01364,MPL-0273,Payment Support,Present,19-11-2026,20-06-2026,Prototype compliance record
CMP-01365,MPL-0273,Completion Certificate,Present,19-11-2026,19-06-2026,Prototype compliance record
CMP-01366,MPL-0274,Sanction Order,Present,27-12-2026,15-11-2026,Prototype compliance record
CMP-01367,MPL-0274,Progress Update,Present,27-12-2026,22-10-2026,Prototype compliance record
CMP-01368,MPL-0274,Inspection Report,Present,27-12-2026,05-07-2026,Prototype compliance record
CMP-01369,MPL-0274,Payment Support,Present,27-12-2026,24-01-2027,Prototype compliance record
CMP-01370,MPL-0274,Completion Certificate,Present,27-12-2026,16-12-2026,Prototype compliance record
CMP-01371,MPL-0275,Sanction Order,Present,26-05-2027,13-08-2026,Prototype compliance record
CMP-01372,MPL-0275,Progress Update,Present,26-05-2027,10-02-2027,Prototype compliance record
CMP-01373,MPL-0275,Inspection Report,Present,26-05-2027,01-11-2026,Prototype compliance record
CMP-01374,MPL-0275,Payment Support,Missing,26-05-2027,,Prototype compliance record
CMP-01375,MPL-0275,Completion Certificate,Present,26-05-2027,26-02-2027,Prototype compliance record
CMP-01376,MPL-0276,Sanction Order,Present,10-02-2027,27-02-2027,Prototype compliance record
CMP-01377,MPL-0276,Progress Update,Present,10-02-2027,16-01-2027,Prototype compliance record
CMP-01378,MPL-0276,Inspection Report,Present,10-02-2027,03-02-2027,Prototype compliance record
CMP-01379,MPL-0276,Payment Support,Present,10-02-2027,15-08-2026,Prototype compliance record
CMP-01380,MPL-0276,Completion Certificate,Missing,10-02-2027,,Prototype compliance record
CMP-01381,MPL-0277,Sanction Order,Present,10-11-2026,04-12-2026,Prototype compliance record
CMP-01382,MPL-0277,Progress Update,Present,10-11-2026,06-10-2026,Prototype compliance record
CMP-01383,MPL-0277,Inspection Report,Present,10-11-2026,02-06-2026,Prototype compliance record
CMP-01384,MPL-0277,Payment Support,Present,10-11-2026,21-07-2026,Prototype compliance record
CMP-01385,MPL-0277,Completion Certificate,Present,10-11-2026,06-09-2026,Prototype compliance record
CMP-01386,MPL-0278,Sanction Order,Present,16-01-2027,26-05-2026,Prototype compliance record
CMP-01387,MPL-0278,Progress Update,Missing,16-01-2027,,Prototype compliance record
CMP-01388,MPL-0278,Inspection Report,Present,16-01-2027,16-12-2026,Prototype compliance record
CMP-01389,MPL-0278,Payment Support,Present,16-01-2027,27-08-2026,Prototype compliance record
CMP-01390,MPL-0278,Completion Certificate,Present,16-01-2027,10-01-2027,Prototype compliance record
CMP-01391,MPL-0279,Sanction Order,Present,16-09-2026,26-04-2026,Prototype compliance record
CMP-01392,MPL-0279,Progress Update,Present,16-09-2026,05-12-2026,Prototype compliance record
CMP-01393,MPL-0279,Inspection Report,Present,16-09-2026,02-10-2026,Prototype compliance record
CMP-01394,MPL-0279,Payment Support,Present,16-09-2026,20-09-2026,Prototype compliance record
CMP-01395,MPL-0279,Completion Certificate,Present,16-09-2026,10-11-2026,Prototype compliance record
CMP-01396,MPL-0280,Sanction Order,Present,27-02-2027,01-10-2026,Prototype compliance record
CMP-01397,MPL-0280,Progress Update,Missing,27-02-2027,,Prototype compliance record
CMP-01398,MPL-0280,Inspection Report,Present,27-02-2027,06-09-2026,Prototype compliance record
CMP-01399,MPL-0280,Payment Support,Present,27-02-2027,30-10-2026,Prototype compliance record
CMP-01400,MPL-0280,Completion Certificate,Missing,27-02-2027,,Prototype compliance record
CMP-01401,MPL-0281,Sanction Order,Present,03-12-2026,30-08-2026,Prototype compliance record
CMP-01402,MPL-0281,Progress Update,Present,03-12-2026,19-09-2026,Prototype compliance record
CMP-01403,MPL-0281,Inspection Report,Present,03-12-2026,21-04-2026,Prototype compliance record
CMP-01404,MPL-0281,Payment Support,Present,03-12-2026,20-08-2026,Prototype compliance record
CMP-01405,MPL-0281,Completion Certificate,Present,03-12-2026,06-04-2026,Prototype compliance record
CMP-01406,MPL-0282,Sanction Order,Present,29-09-2026,16-06-2026,Prototype compliance record
CMP-01407,MPL-0282,Progress Update,Present,29-09-2026,16-04-2026,Prototype compliance record
CMP-01408,MPL-0282,Inspection Report,Present,29-09-2026,16-03-2026,Prototype compliance record
CMP-01409,MPL-0282,Payment Support,Present,29-09-2026,11-08-2026,Prototype compliance record
CMP-01410,MPL-0282,Completion Certificate,Present,29-09-2026,24-08-2026,Prototype compliance record
CMP-01411,MPL-0283,Sanction Order,Present,15-10-2026,15-10-2026,Prototype compliance record
CMP-01412,MPL-0283,Progress Update,Present,15-10-2026,16-07-2026,Prototype compliance record
CMP-01413,MPL-0283,Inspection Report,Present,15-10-2026,31-12-2026,Prototype compliance record
CMP-01414,MPL-0283,Payment Support,Present,15-10-2026,05-11-2026,Prototype compliance record
CMP-01415,MPL-0283,Completion Certificate,Present,15-10-2026,08-09-2026,Prototype compliance record
CMP-01416,MPL-0284,Sanction Order,Present,02-11-2026,03-09-2026,Prototype compliance record
CMP-01417,MPL-0284,Progress Update,Present,02-11-2026,17-04-2026,Prototype compliance record
CMP-01418,MPL-0284,Inspection Report,Present,02-11-2026,16-09-2026,Prototype compliance record
CMP-01419,MPL-0284,Payment Support,Missing,02-11-2026,,Prototype compliance record
CMP-01420,MPL-0284,Completion Certificate,Present,02-11-2026,22-09-2026,Prototype compliance record
CMP-01421,MPL-0285,Sanction Order,Present,29-03-2027,07-09-2026,Prototype compliance record
CMP-01422,MPL-0285,Progress Update,Present,29-03-2027,09-10-2026,Prototype compliance record
CMP-01423,MPL-0285,Inspection Report,Present,29-03-2027,01-10-2026,Prototype compliance record
CMP-01424,MPL-0285,Payment Support,Present,29-03-2027,14-12-2026,Prototype compliance record
CMP-01425,MPL-0285,Completion Certificate,Present,29-03-2027,24-08-2026,Prototype compliance record
CMP-01426,MPL-0286,Sanction Order,Present,09-01-2027,14-08-2026,Prototype compliance record
CMP-01427,MPL-0286,Progress Update,Present,09-01-2027,19-09-2026,Prototype compliance record
CMP-01428,MPL-0286,Inspection Report,Present,09-01-2027,20-08-2026,Prototype compliance record
CMP-01429,MPL-0286,Payment Support,Present,09-01-2027,22-05-2026,Prototype compliance record
CMP-01430,MPL-0286,Completion Certificate,Present,09-01-2027,20-10-2026,Prototype compliance record
CMP-01431,MPL-0287,Sanction Order,Present,25-09-2026,29-03-2026,Prototype compliance record
CMP-01432,MPL-0287,Progress Update,Present,25-09-2026,19-10-2026,Prototype compliance record
CMP-01433,MPL-0287,Inspection Report,Present,25-09-2026,27-05-2026,Prototype compliance record
CMP-01434,MPL-0287,Payment Support,Present,25-09-2026,03-04-2026,Prototype compliance record
CMP-01435,MPL-0287,Completion Certificate,Missing,25-09-2026,,Prototype compliance record
CMP-01436,MPL-0288,Sanction Order,Present,02-04-2027,24-01-2027,Prototype compliance record
CMP-01437,MPL-0288,Progress Update,Present,02-04-2027,28-01-2027,Prototype compliance record
CMP-01438,MPL-0288,Inspection Report,Present,02-04-2027,13-11-2026,Prototype compliance record
CMP-01439,MPL-0288,Payment Support,Present,02-04-2027,11-08-2026,Prototype compliance record
CMP-01440,MPL-0288,Completion Certificate,Present,02-04-2027,08-06-2026,Prototype compliance record
CMP-01441,MPL-0289,Sanction Order,Present,22-12-2026,29-07-2026,Prototype compliance record
CMP-01442,MPL-0289,Progress Update,Present,22-12-2026,28-09-2026,Prototype compliance record
CMP-01443,MPL-0289,Inspection Report,Present,22-12-2026,25-09-2026,Prototype compliance record
CMP-01444,MPL-0289,Payment Support,Present,22-12-2026,05-11-2026,Prototype compliance record
CMP-01445,MPL-0289,Completion Certificate,Present,22-12-2026,12-11-2026,Prototype compliance record
CMP-01446,MPL-0290,Sanction Order,Present,01-01-2027,10-03-2027,Prototype compliance record
CMP-01447,MPL-0290,Progress Update,Present,01-01-2027,16-08-2026,Prototype compliance record
CMP-01448,MPL-0290,Inspection Report,Present,01-01-2027,26-02-2027,Prototype compliance record
CMP-01449,MPL-0290,Payment Support,Present,01-01-2027,08-08-2026,Prototype compliance record
CMP-01450,MPL-0290,Completion Certificate,Present,01-01-2027,08-08-2026,Prototype compliance record
CMP-01451,MPL-0291,Sanction Order,Present,20-07-2026,14-04-2026,Prototype compliance record
CMP-01452,MPL-0291,Progress Update,Present,20-07-2026,19-10-2026,Prototype compliance record
CMP-01453,MPL-0291,Inspection Report,Present,20-07-2026,09-10-2026,Prototype compliance record
CMP-01454,MPL-0291,Payment Support,Present,20-07-2026,04-05-2026,Prototype compliance record
CMP-01455,MPL-0291,Completion Certificate,Present,20-07-2026,19-03-2026,Prototype compliance record
CMP-01456,MPL-0292,Sanction Order,Present,29-08-2026,07-04-2026,Prototype compliance record
CMP-01457,MPL-0292,Progress Update,Present,29-08-2026,17-04-2026,Prototype compliance record
CMP-01458,MPL-0292,Inspection Report,Missing,29-08-2026,,Prototype compliance record
CMP-01459,MPL-0292,Payment Support,Present,29-08-2026,22-11-2026,Prototype compliance record
CMP-01460,MPL-0292,Completion Certificate,Present,29-08-2026,31-07-2026,Prototype compliance record
CMP-01461,MPL-0293,Sanction Order,Present,14-09-2026,25-10-2026,Prototype compliance record
CMP-01462,MPL-0293,Progress Update,Present,14-09-2026,01-10-2026,Prototype compliance record
CMP-01463,MPL-0293,Inspection Report,Present,14-09-2026,08-03-2026,Prototype compliance record
CMP-01464,MPL-0293,Payment Support,Present,14-09-2026,12-10-2026,Prototype compliance record
CMP-01465,MPL-0293,Completion Certificate,Present,14-09-2026,16-06-2026,Prototype compliance record
CMP-01466,MPL-0294,Sanction Order,Present,28-01-2027,25-06-2026,Prototype compliance record
CMP-01467,MPL-0294,Progress Update,Present,28-01-2027,01-10-2026,Prototype compliance record
CMP-01468,MPL-0294,Inspection Report,Present,28-01-2027,28-08-2026,Prototype compliance record
CMP-01469,MPL-0294,Payment Support,Missing,28-01-2027,,Prototype compliance record
CMP-01470,MPL-0294,Completion Certificate,Missing,28-01-2027,,Prototype compliance record
CMP-01471,MPL-0295,Sanction Order,Present,29-11-2026,09-03-2026,Prototype compliance record
CMP-01472,MPL-0295,Progress Update,Present,29-11-2026,25-10-2026,Prototype compliance record
CMP-01473,MPL-0295,Inspection Report,Present,29-11-2026,31-07-2026,Prototype compliance record
CMP-01474,MPL-0295,Payment Support,Present,29-11-2026,31-07-2026,Prototype compliance record
CMP-01475,MPL-0295,Completion Certificate,Present,29-11-2026,19-02-2026,Prototype compliance record
CMP-01476,MPL-0296,Sanction Order,Present,23-01-2027,04-05-2026,Prototype compliance record
CMP-01477,MPL-0296,Progress Update,Present,23-01-2027,12-04-2026,Prototype compliance record
CMP-01478,MPL-0296,Inspection Report,Missing,23-01-2027,,Prototype compliance record
CMP-01479,MPL-0296,Payment Support,Present,23-01-2027,08-03-2026,Prototype compliance record
CMP-01480,MPL-0296,Completion Certificate,Present,23-01-2027,26-10-2026,Prototype compliance record
CMP-01481,MPL-0297,Sanction Order,Missing,08-06-2027,,Prototype compliance record
CMP-01482,MPL-0297,Progress Update,Present,08-06-2027,05-12-2026,Prototype compliance record
CMP-01483,MPL-0297,Inspection Report,Present,08-06-2027,07-10-2026,Prototype compliance record
CMP-01484,MPL-0297,Payment Support,Missing,08-06-2027,,Prototype compliance record
CMP-01485,MPL-0297,Completion Certificate,Present,08-06-2027,17-02-2027,Prototype compliance record
CMP-01486,MPL-0298,Sanction Order,Present,04-07-2026,18-06-2026,Prototype compliance record
CMP-01487,MPL-0298,Progress Update,Present,04-07-2026,03-11-2026,Prototype compliance record
CMP-01488,MPL-0298,Inspection Report,Present,04-07-2026,21-04-2026,Prototype compliance record
CMP-01489,MPL-0298,Payment Support,Present,04-07-2026,03-07-2026,Prototype compliance record
CMP-01490,MPL-0298,Completion Certificate,Missing,04-07-2026,,Prototype compliance record
CMP-01491,MPL-0299,Sanction Order,Present,20-08-2026,19-07-2026,Prototype compliance record
CMP-01492,MPL-0299,Progress Update,Present,20-08-2026,28-05-2026,Prototype compliance record
CMP-01493,MPL-0299,Inspection Report,Present,20-08-2026,21-06-2026,Prototype compliance record
CMP-01494,MPL-0299,Payment Support,Missing,20-08-2026,,Prototype compliance record
CMP-01495,MPL-0299,Completion Certificate,Present,20-08-2026,06-04-2026,Prototype compliance record
CMP-01496,MPL-0300,Sanction Order,Present,03-09-2026,17-04-2026,Prototype compliance record
CMP-01497,MPL-0300,Progress Update,Present,03-09-2026,22-05-2026,Prototype compliance record
CMP-01498,MPL-0300,Inspection Report,Present,03-09-2026,03-08-2026,Prototype compliance record
CMP-01499,MPL-0300,Payment Support,Present,03-09-2026,10-07-2026,Prototype compliance record
CMP-01500,MPL-0300,Completion Certificate,Present,03-09-2026,15-05-2026,Prototype compliance record
CMP-01501,MPL-0301,Sanction Order,Present,15-04-2027,23-09-2026,Prototype compliance record
CMP-01502,MPL-0301,Progress Update,Present,15-04-2027,17-03-2027,Prototype compliance record
CMP-01503,MPL-0301,Inspection Report,Present,15-04-2027,24-08-2026,Prototype compliance record
CMP-01504,MPL-0301,Payment Support,Present,15-04-2027,15-09-2026,Prototype compliance record
CMP-01505,MPL-0301,Completion Certificate,Present,15-04-2027,03-11-2026,Prototype compliance record
CMP-01506,MPL-0302,Sanction Order,Present,03-01-2027,10-01-2027,Prototype compliance record
CMP-01507,MPL-0302,Progress Update,Present,03-01-2027,01-12-2026,Prototype compliance record
CMP-01508,MPL-0302,Inspection Report,Present,03-01-2027,16-11-2026,Prototype compliance record
CMP-01509,MPL-0302,Payment Support,Present,03-01-2027,04-01-2027,Prototype compliance record
CMP-01510,MPL-0302,Completion Certificate,Present,03-01-2027,13-11-2026,Prototype compliance record
CMP-01511,MPL-0303,Sanction Order,Present,27-04-2027,11-02-2027,Prototype compliance record
CMP-01512,MPL-0303,Progress Update,Present,27-04-2027,03-10-2026,Prototype compliance record
CMP-01513,MPL-0303,Inspection Report,Present,27-04-2027,26-03-2027,Prototype compliance record
CMP-01514,MPL-0303,Payment Support,Present,27-04-2027,13-10-2026,Prototype compliance record
CMP-01515,MPL-0303,Completion Certificate,Present,27-04-2027,03-08-2026,Prototype compliance record
CMP-01516,MPL-0304,Sanction Order,Present,21-12-2026,25-10-2026,Prototype compliance record
CMP-01517,MPL-0304,Progress Update,Present,21-12-2026,14-12-2026,Prototype compliance record
CMP-01518,MPL-0304,Inspection Report,Present,21-12-2026,24-12-2026,Prototype compliance record
CMP-01519,MPL-0304,Payment Support,Present,21-12-2026,28-08-2026,Prototype compliance record
CMP-01520,MPL-0304,Completion Certificate,Present,21-12-2026,27-10-2026,Prototype compliance record
CMP-01521,MPL-0305,Sanction Order,Present,11-12-2026,05-03-2027,Prototype compliance record
CMP-01522,MPL-0305,Progress Update,Present,11-12-2026,05-01-2027,Prototype compliance record
CMP-01523,MPL-0305,Inspection Report,Present,11-12-2026,23-08-2026,Prototype compliance record
CMP-01524,MPL-0305,Payment Support,Present,11-12-2026,05-10-2026,Prototype compliance record
CMP-01525,MPL-0305,Completion Certificate,Present,11-12-2026,29-01-2027,Prototype compliance record
CMP-01526,MPL-0306,Sanction Order,Present,24-11-2026,03-08-2026,Prototype compliance record
CMP-01527,MPL-0306,Progress Update,Present,24-11-2026,19-03-2026,Prototype compliance record
CMP-01528,MPL-0306,Inspection Report,Present,24-11-2026,01-09-2026,Prototype compliance record
CMP-01529,MPL-0306,Payment Support,Present,24-11-2026,22-08-2026,Prototype compliance record
CMP-01530,MPL-0306,Completion Certificate,Present,24-11-2026,02-11-2026,Prototype compliance record
CMP-01531,MPL-0307,Sanction Order,Missing,23-11-2026,,Prototype compliance record
CMP-01532,MPL-0307,Progress Update,Present,23-11-2026,09-12-2026,Prototype compliance record
CMP-01533,MPL-0307,Inspection Report,Present,23-11-2026,23-09-2026,Prototype compliance record
CMP-01534,MPL-0307,Payment Support,Present,23-11-2026,15-11-2026,Prototype compliance record
CMP-01535,MPL-0307,Completion Certificate,Present,23-11-2026,03-12-2026,Prototype compliance record
CMP-01536,MPL-0308,Sanction Order,Present,12-09-2026,28-09-2026,Prototype compliance record
CMP-01537,MPL-0308,Progress Update,Present,12-09-2026,04-11-2026,Prototype compliance record
CMP-01538,MPL-0308,Inspection Report,Present,12-09-2026,08-08-2026,Prototype compliance record
CMP-01539,MPL-0308,Payment Support,Present,12-09-2026,10-10-2026,Prototype compliance record
CMP-01540,MPL-0308,Completion Certificate,Present,12-09-2026,01-09-2026,Prototype compliance record
CMP-01541,MPL-0309,Sanction Order,Present,01-02-2027,17-11-2026,Prototype compliance record
CMP-01542,MPL-0309,Progress Update,Present,01-02-2027,22-12-2026,Prototype compliance record
CMP-01543,MPL-0309,Inspection Report,Present,01-02-2027,17-11-2026,Prototype compliance record
CMP-01544,MPL-0309,Payment Support,Present,01-02-2027,14-08-2026,Prototype compliance record
CMP-01545,MPL-0309,Completion Certificate,Present,01-02-2027,12-12-2026,Prototype compliance record
CMP-01546,MPL-0310,Sanction Order,Present,01-02-2027,28-09-2026,Prototype compliance record
CMP-01547,MPL-0310,Progress Update,Present,01-02-2027,02-01-2027,Prototype compliance record
CMP-01548,MPL-0310,Inspection Report,Present,01-02-2027,01-10-2026,Prototype compliance record
CMP-01549,MPL-0310,Payment Support,Present,01-02-2027,12-02-2027,Prototype compliance record
CMP-01550,MPL-0310,Completion Certificate,Present,01-02-2027,04-11-2026,Prototype compliance record
CMP-01551,MPL-0311,Sanction Order,Present,09-03-2027,15-11-2026,Prototype compliance record
CMP-01552,MPL-0311,Progress Update,Present,09-03-2027,23-12-2026,Prototype compliance record
CMP-01553,MPL-0311,Inspection Report,Present,09-03-2027,14-01-2027,Prototype compliance record
CMP-01554,MPL-0311,Payment Support,Present,09-03-2027,06-03-2027,Prototype compliance record
CMP-01555,MPL-0311,Completion Certificate,Present,09-03-2027,12-08-2026,Prototype compliance record
CMP-01556,MPL-0312,Sanction Order,Present,05-03-2027,27-08-2026,Prototype compliance record
CMP-01557,MPL-0312,Progress Update,Present,05-03-2027,20-09-2026,Prototype compliance record
CMP-01558,MPL-0312,Inspection Report,Present,05-03-2027,04-03-2027,Prototype compliance record
CMP-01559,MPL-0312,Payment Support,Present,05-03-2027,05-11-2026,Prototype compliance record
CMP-01560,MPL-0312,Completion Certificate,Present,05-03-2027,15-08-2026,Prototype compliance record
CMP-01561,MPL-0313,Sanction Order,Present,10-10-2026,28-11-2026,Prototype compliance record
CMP-01562,MPL-0313,Progress Update,Present,10-10-2026,11-02-2027,Prototype compliance record
CMP-01563,MPL-0313,Inspection Report,Missing,10-10-2026,,Prototype compliance record
CMP-01564,MPL-0313,Payment Support,Present,10-10-2026,18-02-2027,Prototype compliance record
CMP-01565,MPL-0313,Completion Certificate,Present,10-10-2026,22-01-2027,Prototype compliance record
CMP-01566,MPL-0314,Sanction Order,Missing,08-12-2026,,Prototype compliance record
CMP-01567,MPL-0314,Progress Update,Present,08-12-2026,23-12-2026,Prototype compliance record
CMP-01568,MPL-0314,Inspection Report,Present,08-12-2026,11-12-2026,Prototype compliance record
CMP-01569,MPL-0314,Payment Support,Present,08-12-2026,13-05-2026,Prototype compliance record
CMP-01570,MPL-0314,Completion Certificate,Present,08-12-2026,07-07-2026,Prototype compliance record
CMP-01571,MPL-0315,Sanction Order,Present,22-10-2026,11-05-2026,Prototype compliance record
CMP-01572,MPL-0315,Progress Update,Present,22-10-2026,26-09-2026,Prototype compliance record
CMP-01573,MPL-0315,Inspection Report,Present,22-10-2026,11-12-2026,Prototype compliance record
CMP-01574,MPL-0315,Payment Support,Present,22-10-2026,18-05-2026,Prototype compliance record
CMP-01575,MPL-0315,Completion Certificate,Present,22-10-2026,19-07-2026,Prototype compliance record
CMP-01576,MPL-0316,Sanction Order,Present,17-01-2027,16-10-2026,Prototype compliance record
CMP-01577,MPL-0316,Progress Update,Present,17-01-2027,28-07-2026,Prototype compliance record
CMP-01578,MPL-0316,Inspection Report,Present,17-01-2027,30-07-2026,Prototype compliance record
CMP-01579,MPL-0316,Payment Support,Present,17-01-2027,18-12-2026,Prototype compliance record
CMP-01580,MPL-0316,Completion Certificate,Present,17-01-2027,28-10-2026,Prototype compliance record
CMP-01581,MPL-0317,Sanction Order,Present,22-01-2027,21-10-2026,Prototype compliance record
CMP-01582,MPL-0317,Progress Update,Present,22-01-2027,21-08-2026,Prototype compliance record
CMP-01583,MPL-0317,Inspection Report,Present,22-01-2027,21-05-2026,Prototype compliance record
CMP-01584,MPL-0317,Payment Support,Present,22-01-2027,01-06-2026,Prototype compliance record
CMP-01585,MPL-0317,Completion Certificate,Present,22-01-2027,07-08-2026,Prototype compliance record
CMP-01586,MPL-0318,Sanction Order,Present,18-02-2027,03-01-2027,Prototype compliance record
CMP-01587,MPL-0318,Progress Update,Present,18-02-2027,15-09-2026,Prototype compliance record
CMP-01588,MPL-0318,Inspection Report,Present,18-02-2027,31-01-2027,Prototype compliance record
CMP-01589,MPL-0318,Payment Support,Present,18-02-2027,10-11-2026,Prototype compliance record
CMP-01590,MPL-0318,Completion Certificate,Missing,18-02-2027,,Prototype compliance record
CMP-01591,MPL-0319,Sanction Order,Present,07-03-2027,03-10-2026,Prototype compliance record
CMP-01592,MPL-0319,Progress Update,Present,07-03-2027,01-07-2026,Prototype compliance record
CMP-01593,MPL-0319,Inspection Report,Present,07-03-2027,17-07-2026,Prototype compliance record
CMP-01594,MPL-0319,Payment Support,Present,07-03-2027,19-12-2026,Prototype compliance record
CMP-01595,MPL-0319,Completion Certificate,Present,07-03-2027,04-12-2026,Prototype compliance record
CMP-01596,MPL-0320,Sanction Order,Present,05-04-2027,10-03-2027,Prototype compliance record
CMP-01597,MPL-0320,Progress Update,Present,05-04-2027,12-02-2027,Prototype compliance record
CMP-01598,MPL-0320,Inspection Report,Present,05-04-2027,31-07-2026,Prototype compliance record
CMP-01599,MPL-0320,Payment Support,Present,05-04-2027,09-11-2026,Prototype compliance record
CMP-01600,MPL-0320,Completion Certificate,Present,05-04-2027,07-11-2026,Prototype compliance record
CMP-01601,MPL-0321,Sanction Order,Present,02-12-2026,20-07-2026,Prototype compliance record
CMP-01602,MPL-0321,Progress Update,Present,02-12-2026,19-01-2027,Prototype compliance record
CMP-01603,MPL-0321,Inspection Report,Present,02-12-2026,30-12-2026,Prototype compliance record
CMP-01604,MPL-0321,Payment Support,Present,02-12-2026,18-07-2026,Prototype compliance record
CMP-01605,MPL-0321,Completion Certificate,Present,02-12-2026,07-11-2026,Prototype compliance record
CMP-01606,MPL-0322,Sanction Order,Present,06-01-2027,29-08-2026,Prototype compliance record
CMP-01607,MPL-0322,Progress Update,Present,06-01-2027,29-04-2026,Prototype compliance record
CMP-01608,MPL-0322,Inspection Report,Present,06-01-2027,23-05-2026,Prototype compliance record
CMP-01609,MPL-0322,Payment Support,Present,06-01-2027,08-08-2026,Prototype compliance record
CMP-01610,MPL-0322,Completion Certificate,Present,06-01-2027,29-08-2026,Prototype compliance record
CMP-01611,MPL-0323,Sanction Order,Present,15-02-2027,26-01-2027,Prototype compliance record
CMP-01612,MPL-0323,Progress Update,Present,15-02-2027,09-10-2026,Prototype compliance record
CMP-01613,MPL-0323,Inspection Report,Present,15-02-2027,13-11-2026,Prototype compliance record
CMP-01614,MPL-0323,Payment Support,Present,15-02-2027,16-08-2026,Prototype compliance record
CMP-01615,MPL-0323,Completion Certificate,Present,15-02-2027,08-11-2026,Prototype compliance record
CMP-01616,MPL-0324,Sanction Order,Missing,22-11-2026,,Prototype compliance record
CMP-01617,MPL-0324,Progress Update,Missing,22-11-2026,,Prototype compliance record
CMP-01618,MPL-0324,Inspection Report,Missing,22-11-2026,,Prototype compliance record
CMP-01619,MPL-0324,Payment Support,Present,22-11-2026,22-09-2026,Prototype compliance record
CMP-01620,MPL-0324,Completion Certificate,Missing,22-11-2026,,Prototype compliance record
CMP-01621,MPL-0325,Sanction Order,Present,03-10-2026,26-03-2026,Prototype compliance record
CMP-01622,MPL-0325,Progress Update,Present,03-10-2026,13-02-2026,Prototype compliance record
CMP-01623,MPL-0325,Inspection Report,Present,03-10-2026,22-03-2026,Prototype compliance record
CMP-01624,MPL-0325,Payment Support,Present,03-10-2026,04-03-2026,Prototype compliance record
CMP-01625,MPL-0325,Completion Certificate,Present,03-10-2026,01-05-2026,Prototype compliance record
CMP-01626,MPL-0326,Sanction Order,Present,11-08-2026,20-03-2026,Prototype compliance record
CMP-01627,MPL-0326,Progress Update,Present,11-08-2026,30-09-2026,Prototype compliance record
CMP-01628,MPL-0326,Inspection Report,Present,11-08-2026,30-04-2026,Prototype compliance record
CMP-01629,MPL-0326,Payment Support,Present,11-08-2026,17-03-2026,Prototype compliance record
CMP-01630,MPL-0326,Completion Certificate,Present,11-08-2026,07-04-2026,Prototype compliance record
CMP-01631,MPL-0327,Sanction Order,Present,05-05-2027,05-07-2026,Prototype compliance record
CMP-01632,MPL-0327,Progress Update,Present,05-05-2027,27-08-2026,Prototype compliance record
CMP-01633,MPL-0327,Inspection Report,Present,05-05-2027,25-09-2026,Prototype compliance record
CMP-01634,MPL-0327,Payment Support,Present,05-05-2027,30-11-2026,Prototype compliance record
CMP-01635,MPL-0327,Completion Certificate,Present,05-05-2027,26-10-2026,Prototype compliance record
CMP-01636,MPL-0328,Sanction Order,Present,29-12-2026,20-04-2026,Prototype compliance record
CMP-01637,MPL-0328,Progress Update,Present,29-12-2026,30-06-2026,Prototype compliance record
CMP-01638,MPL-0328,Inspection Report,Present,29-12-2026,21-04-2026,Prototype compliance record
CMP-01639,MPL-0328,Payment Support,Present,29-12-2026,09-05-2026,Prototype compliance record
CMP-01640,MPL-0328,Completion Certificate,Present,29-12-2026,11-05-2026,Prototype compliance record
CMP-01641,MPL-0329,Sanction Order,Present,11-12-2026,20-08-2026,Prototype compliance record
CMP-01642,MPL-0329,Progress Update,Present,11-12-2026,21-07-2026,Prototype compliance record
CMP-01643,MPL-0329,Inspection Report,Present,11-12-2026,28-03-2026,Prototype compliance record
CMP-01644,MPL-0329,Payment Support,Present,11-12-2026,22-03-2026,Prototype compliance record
CMP-01645,MPL-0329,Completion Certificate,Present,11-12-2026,06-04-2026,Prototype compliance record
CMP-01646,MPL-0330,Sanction Order,Present,10-02-2027,05-10-2026,Prototype compliance record
CMP-01647,MPL-0330,Progress Update,Present,10-02-2027,16-09-2026,Prototype compliance record
CMP-01648,MPL-0330,Inspection Report,Present,10-02-2027,02-01-2027,Prototype compliance record
CMP-01649,MPL-0330,Payment Support,Present,10-02-2027,05-08-2026,Prototype compliance record
CMP-01650,MPL-0330,Completion Certificate,Present,10-02-2027,30-12-2026,Prototype compliance record
CMP-01651,MPL-0331,Sanction Order,Present,04-12-2026,19-03-2026,Prototype compliance record
CMP-01652,MPL-0331,Progress Update,Present,04-12-2026,08-12-2026,Prototype compliance record
CMP-01653,MPL-0331,Inspection Report,Present,04-12-2026,01-05-2026,Prototype compliance record
CMP-01654,MPL-0331,Payment Support,Present,04-12-2026,17-05-2026,Prototype compliance record
CMP-01655,MPL-0331,Completion Certificate,Present,04-12-2026,07-11-2026,Prototype compliance record
CMP-01656,MPL-0332,Sanction Order,Present,26-01-2027,26-11-2026,Prototype compliance record
CMP-01657,MPL-0332,Progress Update,Present,26-01-2027,01-03-2027,Prototype compliance record
CMP-01658,MPL-0332,Inspection Report,Present,26-01-2027,03-08-2026,Prototype compliance record
CMP-01659,MPL-0332,Payment Support,Present,26-01-2027,13-10-2026,Prototype compliance record
CMP-01660,MPL-0332,Completion Certificate,Present,26-01-2027,24-02-2027,Prototype compliance record
CMP-01661,MPL-0333,Sanction Order,Present,31-03-2027,13-11-2026,Prototype compliance record
CMP-01662,MPL-0333,Progress Update,Present,31-03-2027,06-10-2026,Prototype compliance record
CMP-01663,MPL-0333,Inspection Report,Present,31-03-2027,13-08-2026,Prototype compliance record
CMP-01664,MPL-0333,Payment Support,Present,31-03-2027,08-09-2026,Prototype compliance record
CMP-01665,MPL-0333,Completion Certificate,Present,31-03-2027,18-06-2026,Prototype compliance record
CMP-01666,MPL-0334,Sanction Order,Missing,24-02-2027,,Prototype compliance record
CMP-01667,MPL-0334,Progress Update,Present,24-02-2027,16-09-2026,Prototype compliance record
CMP-01668,MPL-0334,Inspection Report,Present,24-02-2027,10-06-2026,Prototype compliance record
CMP-01669,MPL-0334,Payment Support,Present,24-02-2027,26-10-2026,Prototype compliance record
CMP-01670,MPL-0334,Completion Certificate,Present,24-02-2027,08-09-2026,Prototype compliance record
CMP-01671,MPL-0335,Sanction Order,Present,02-01-2027,18-06-2026,Prototype compliance record
CMP-01672,MPL-0335,Progress Update,Present,02-01-2027,25-08-2026,Prototype compliance record
CMP-01673,MPL-0335,Inspection Report,Present,02-01-2027,10-05-2026,Prototype compliance record
CMP-01674,MPL-0335,Payment Support,Present,02-01-2027,14-05-2026,Prototype compliance record
CMP-01675,MPL-0335,Completion Certificate,Present,02-01-2027,22-07-2026,Prototype compliance record
CMP-01676,MPL-0336,Sanction Order,Present,16-04-2027,24-12-2026,Prototype compliance record
CMP-01677,MPL-0336,Progress Update,Present,16-04-2027,04-01-2027,Prototype compliance record
CMP-01678,MPL-0336,Inspection Report,Present,16-04-2027,30-08-2026,Prototype compliance record
CMP-01679,MPL-0336,Payment Support,Present,16-04-2027,22-12-2026,Prototype compliance record
CMP-01680,MPL-0336,Completion Certificate,Present,16-04-2027,20-11-2026,Prototype compliance record
CMP-01681,MPL-0337,Sanction Order,Present,10-10-2026,01-10-2026,Prototype compliance record
CMP-01682,MPL-0337,Progress Update,Present,10-10-2026,29-12-2026,Prototype compliance record
CMP-01683,MPL-0337,Inspection Report,Present,10-10-2026,27-05-2026,Prototype compliance record
CMP-01684,MPL-0337,Payment Support,Missing,10-10-2026,,Prototype compliance record
CMP-01685,MPL-0337,Completion Certificate,Present,10-10-2026,10-09-2026,Prototype compliance record
CMP-01686,MPL-0338,Sanction Order,Present,21-12-2026,22-07-2026,Prototype compliance record
CMP-01687,MPL-0338,Progress Update,Present,21-12-2026,12-02-2027,Prototype compliance record
CMP-01688,MPL-0338,Inspection Report,Present,21-12-2026,07-11-2026,Prototype compliance record
CMP-01689,MPL-0338,Payment Support,Present,21-12-2026,19-12-2026,Prototype compliance record
CMP-01690,MPL-0338,Completion Certificate,Present,21-12-2026,10-11-2026,Prototype compliance record
CMP-01691,MPL-0339,Sanction Order,Present,13-11-2026,28-08-2026,Prototype compliance record
CMP-01692,MPL-0339,Progress Update,Present,13-11-2026,22-05-2026,Prototype compliance record
CMP-01693,MPL-0339,Inspection Report,Present,13-11-2026,28-10-2026,Prototype compliance record
CMP-01694,MPL-0339,Payment Support,Present,13-11-2026,01-11-2026,Prototype compliance record
CMP-01695,MPL-0339,Completion Certificate,Present,13-11-2026,28-11-2026,Prototype compliance record
CMP-01696,MPL-0340,Sanction Order,Present,29-05-2027,08-01-2027,Prototype compliance record
CMP-01697,MPL-0340,Progress Update,Present,29-05-2027,04-12-2026,Prototype compliance record
CMP-01698,MPL-0340,Inspection Report,Present,29-05-2027,08-10-2026,Prototype compliance record
CMP-01699,MPL-0340,Payment Support,Present,29-05-2027,19-08-2026,Prototype compliance record
CMP-01700,MPL-0340,Completion Certificate,Present,29-05-2027,21-01-2027,Prototype compliance record
CMP-01701,MPL-0341,Sanction Order,Present,06-11-2026,11-12-2026,Prototype compliance record
CMP-01702,MPL-0341,Progress Update,Present,06-11-2026,22-06-2026,Prototype compliance record
CMP-01703,MPL-0341,Inspection Report,Present,06-11-2026,13-06-2026,Prototype compliance record
CMP-01704,MPL-0341,Payment Support,Present,06-11-2026,30-06-2026,Prototype compliance record
CMP-01705,MPL-0341,Completion Certificate,Missing,06-11-2026,,Prototype compliance record
CMP-01706,MPL-0342,Sanction Order,Present,26-11-2026,23-08-2026,Prototype compliance record
CMP-01707,MPL-0342,Progress Update,Present,26-11-2026,27-07-2026,Prototype compliance record
CMP-01708,MPL-0342,Inspection Report,Missing,26-11-2026,,Prototype compliance record
CMP-01709,MPL-0342,Payment Support,Present,26-11-2026,21-12-2026,Prototype compliance record
CMP-01710,MPL-0342,Completion Certificate,Present,26-11-2026,06-11-2026,Prototype compliance record
CMP-01711,MPL-0343,Sanction Order,Present,04-12-2026,28-09-2026,Prototype compliance record
CMP-01712,MPL-0343,Progress Update,Missing,04-12-2026,,Prototype compliance record
CMP-01713,MPL-0343,Inspection Report,Present,04-12-2026,31-12-2026,Prototype compliance record
CMP-01714,MPL-0343,Payment Support,Present,04-12-2026,09-07-2026,Prototype compliance record
CMP-01715,MPL-0343,Completion Certificate,Present,04-12-2026,19-05-2026,Prototype compliance record
CMP-01716,MPL-0344,Sanction Order,Present,10-01-2027,06-12-2026,Prototype compliance record
CMP-01717,MPL-0344,Progress Update,Present,10-01-2027,09-06-2026,Prototype compliance record
CMP-01718,MPL-0344,Inspection Report,Present,10-01-2027,30-06-2026,Prototype compliance record
CMP-01719,MPL-0344,Payment Support,Present,10-01-2027,21-07-2026,Prototype compliance record
CMP-01720,MPL-0344,Completion Certificate,Missing,10-01-2027,,Prototype compliance record
CMP-01721,MPL-0345,Sanction Order,Present,10-01-2027,10-10-2026,Prototype compliance record
CMP-01722,MPL-0345,Progress Update,Present,10-01-2027,29-08-2026,Prototype compliance record
CMP-01723,MPL-0345,Inspection Report,Present,10-01-2027,24-09-2026,Prototype compliance record
CMP-01724,MPL-0345,Payment Support,Present,10-01-2027,15-09-2026,Prototype compliance record
CMP-01725,MPL-0345,Completion Certificate,Present,10-01-2027,04-10-2026,Prototype compliance record
CMP-01726,MPL-0346,Sanction Order,Present,19-12-2026,07-08-2026,Prototype compliance record
CMP-01727,MPL-0346,Progress Update,Present,19-12-2026,09-10-2026,Prototype compliance record
CMP-01728,MPL-0346,Inspection Report,Present,19-12-2026,07-08-2026,Prototype compliance record
CMP-01729,MPL-0346,Payment Support,Present,19-12-2026,19-11-2026,Prototype compliance record
CMP-01730,MPL-0346,Completion Certificate,Present,19-12-2026,19-10-2026,Prototype compliance record
CMP-01731,MPL-0347,Sanction Order,Missing,19-01-2027,,Prototype compliance record
CMP-01732,MPL-0347,Progress Update,Present,19-01-2027,16-08-2026,Prototype compliance record
CMP-01733,MPL-0347,Inspection Report,Present,19-01-2027,12-12-2026,Prototype compliance record
CMP-01734,MPL-0347,Payment Support,Present,19-01-2027,25-09-2026,Prototype compliance record
CMP-01735,MPL-0347,Completion Certificate,Present,19-01-2027,18-09-2026,Prototype compliance record
CMP-01736,MPL-0348,Sanction Order,Present,21-04-2027,30-10-2026,Prototype compliance record
CMP-01737,MPL-0348,Progress Update,Present,21-04-2027,11-07-2026,Prototype compliance record
CMP-01738,MPL-0348,Inspection Report,Present,21-04-2027,03-12-2026,Prototype compliance record
CMP-01739,MPL-0348,Payment Support,Present,21-04-2027,07-02-2027,Prototype compliance record
CMP-01740,MPL-0348,Completion Certificate,Present,21-04-2027,18-09-2026,Prototype compliance record
CMP-01741,MPL-0349,Sanction Order,Present,25-12-2026,26-07-2026,Prototype compliance record
CMP-01742,MPL-0349,Progress Update,Present,25-12-2026,23-05-2026,Prototype compliance record
CMP-01743,MPL-0349,Inspection Report,Present,25-12-2026,29-12-2026,Prototype compliance record
CMP-01744,MPL-0349,Payment Support,Present,25-12-2026,20-11-2026,Prototype compliance record
CMP-01745,MPL-0349,Completion Certificate,Present,25-12-2026,09-06-2026,Prototype compliance record
CMP-01746,MPL-0350,Sanction Order,Present,11-10-2026,05-10-2026,Prototype compliance record
CMP-01747,MPL-0350,Progress Update,Present,11-10-2026,24-02-2026,Prototype compliance record
CMP-01748,MPL-0350,Inspection Report,Present,11-10-2026,18-02-2026,Prototype compliance record
CMP-01749,MPL-0350,Payment Support,Present,11-10-2026,22-02-2026,Prototype compliance record
CMP-01750,MPL-0350,Completion Certificate,Present,11-10-2026,03-04-2026,Prototype compliance record
CMP-01751,MPL-0351,Sanction Order,Present,28-04-2027,23-11-2026,Prototype compliance record
CMP-01752,MPL-0351,Progress Update,Present,28-04-2027,17-07-2026,Prototype compliance record
CMP-01753,MPL-0351,Inspection Report,Present,28-04-2027,11-08-2026,Prototype compliance record
CMP-01754,MPL-0351,Payment Support,Present,28-04-2027,24-02-2027,Prototype compliance record
CMP-01755,MPL-0351,Completion Certificate,Present,28-04-2027,26-07-2026,Prototype compliance record
CMP-01756,MPL-0352,Sanction Order,Present,11-08-2026,06-07-2026,Prototype compliance record
CMP-01757,MPL-0352,Progress Update,Present,11-08-2026,19-09-2026,Prototype compliance record
CMP-01758,MPL-0352,Inspection Report,Present,11-08-2026,19-07-2026,Prototype compliance record
CMP-01759,MPL-0352,Payment Support,Present,11-08-2026,28-04-2026,Prototype compliance record
CMP-01760,MPL-0352,Completion Certificate,Present,11-08-2026,22-05-2026,Prototype compliance record
CMP-01761,MPL-0353,Sanction Order,Present,05-02-2027,03-02-2027,Prototype compliance record
CMP-01762,MPL-0353,Progress Update,Present,05-02-2027,09-09-2026,Prototype compliance record
CMP-01763,MPL-0353,Inspection Report,Missing,05-02-2027,,Prototype compliance record
CMP-01764,MPL-0353,Payment Support,Present,05-02-2027,10-11-2026,Prototype compliance record
CMP-01765,MPL-0353,Completion Certificate,Present,05-02-2027,30-05-2026,Prototype compliance record
CMP-01766,MPL-0354,Sanction Order,Present,07-02-2027,12-08-2026,Prototype compliance record
CMP-01767,MPL-0354,Progress Update,Present,07-02-2027,16-06-2026,Prototype compliance record
CMP-01768,MPL-0354,Inspection Report,Present,07-02-2027,06-06-2026,Prototype compliance record
CMP-01769,MPL-0354,Payment Support,Present,07-02-2027,01-12-2026,Prototype compliance record
CMP-01770,MPL-0354,Completion Certificate,Present,07-02-2027,18-08-2026,Prototype compliance record
CMP-01771,MPL-0355,Sanction Order,Present,10-02-2027,08-10-2026,Prototype compliance record
CMP-01772,MPL-0355,Progress Update,Present,10-02-2027,23-03-2026,Prototype compliance record
CMP-01773,MPL-0355,Inspection Report,Present,10-02-2027,01-09-2026,Prototype compliance record
CMP-01774,MPL-0355,Payment Support,Present,10-02-2027,08-09-2026,Prototype compliance record
CMP-01775,MPL-0355,Completion Certificate,Present,10-02-2027,22-09-2026,Prototype compliance record
CMP-01776,MPL-0356,Sanction Order,Present,09-03-2027,28-10-2026,Prototype compliance record
CMP-01777,MPL-0356,Progress Update,Present,09-03-2027,04-06-2026,Prototype compliance record
CMP-01778,MPL-0356,Inspection Report,Present,09-03-2027,14-10-2026,Prototype compliance record
CMP-01779,MPL-0356,Payment Support,Present,09-03-2027,25-05-2026,Prototype compliance record
CMP-01780,MPL-0356,Completion Certificate,Present,09-03-2027,31-12-2026,Prototype compliance record
CMP-01781,MPL-0357,Sanction Order,Present,12-05-2027,21-07-2026,Prototype compliance record
CMP-01782,MPL-0357,Progress Update,Present,12-05-2027,26-12-2026,Prototype compliance record
CMP-01783,MPL-0357,Inspection Report,Present,12-05-2027,19-03-2027,Prototype compliance record
CMP-01784,MPL-0357,Payment Support,Present,12-05-2027,31-01-2027,Prototype compliance record
CMP-01785,MPL-0357,Completion Certificate,Missing,12-05-2027,,Prototype compliance record
CMP-01786,MPL-0358,Sanction Order,Missing,18-09-2026,,Prototype compliance record
CMP-01787,MPL-0358,Progress Update,Missing,18-09-2026,,Prototype compliance record
CMP-01788,MPL-0358,Inspection Report,Present,18-09-2026,15-12-2026,Prototype compliance record
CMP-01789,MPL-0358,Payment Support,Present,18-09-2026,11-12-2026,Prototype compliance record
CMP-01790,MPL-0358,Completion Certificate,Present,18-09-2026,31-10-2026,Prototype compliance record
CMP-01791,MPL-0359,Sanction Order,Present,15-11-2026,03-06-2026,Prototype compliance record
CMP-01792,MPL-0359,Progress Update,Missing,15-11-2026,,Prototype compliance record
CMP-01793,MPL-0359,Inspection Report,Present,15-11-2026,25-12-2026,Prototype compliance record
CMP-01794,MPL-0359,Payment Support,Present,15-11-2026,03-09-2026,Prototype compliance record
CMP-01795,MPL-0359,Completion Certificate,Present,15-11-2026,16-06-2026,Prototype compliance record
CMP-01796,MPL-0360,Sanction Order,Present,18-11-2026,15-06-2026,Prototype compliance record
CMP-01797,MPL-0360,Progress Update,Present,18-11-2026,06-09-2026,Prototype compliance record
CMP-01798,MPL-0360,Inspection Report,Present,18-11-2026,03-02-2027,Prototype compliance record
CMP-01799,MPL-0360,Payment Support,Present,18-11-2026,17-01-2027,Prototype compliance record
CMP-01800,MPL-0360,Completion Certificate,Present,18-11-2026,07-08-2026,Prototype compliance record
CMP-01801,MPL-0361,Sanction Order,Present,24-09-2026,26-09-2026,Prototype compliance record
CMP-01802,MPL-0361,Progress Update,Present,24-09-2026,08-08-2026,Prototype compliance record
CMP-01803,MPL-0361,Inspection Report,Present,24-09-2026,17-11-2026,Prototype compliance record
CMP-01804,MPL-0361,Payment Support,Present,24-09-2026,07-06-2026,Prototype compliance record
CMP-01805,MPL-0361,Completion Certificate,Present,24-09-2026,11-03-2026,Prototype compliance record
CMP-01806,MPL-0362,Sanction Order,Present,28-11-2026,19-08-2026,Prototype compliance record
CMP-01807,MPL-0362,Progress Update,Present,28-11-2026,28-07-2026,Prototype compliance record
CMP-01808,MPL-0362,Inspection Report,Present,28-11-2026,14-08-2026,Prototype compliance record
CMP-01809,MPL-0362,Payment Support,Present,28-11-2026,03-02-2027,Prototype compliance record
CMP-01810,MPL-0362,Completion Certificate,Missing,28-11-2026,,Prototype compliance record
CMP-01811,MPL-0363,Sanction Order,Missing,28-11-2026,,Prototype compliance record
CMP-01812,MPL-0363,Progress Update,Missing,28-11-2026,,Prototype compliance record
CMP-01813,MPL-0363,Inspection Report,Present,28-11-2026,01-12-2026,Prototype compliance record
CMP-01814,MPL-0363,Payment Support,Missing,28-11-2026,,Prototype compliance record
CMP-01815,MPL-0363,Completion Certificate,Present,28-11-2026,31-10-2026,Prototype compliance record
CMP-01816,MPL-0364,Sanction Order,Present,24-12-2026,15-09-2026,Prototype compliance record
CMP-01817,MPL-0364,Progress Update,Present,24-12-2026,10-08-2026,Prototype compliance record
CMP-01818,MPL-0364,Inspection Report,Present,24-12-2026,04-08-2026,Prototype compliance record
CMP-01819,MPL-0364,Payment Support,Present,24-12-2026,10-03-2026,Prototype compliance record
CMP-01820,MPL-0364,Completion Certificate,Present,24-12-2026,06-11-2026,Prototype compliance record
CMP-01821,MPL-0365,Sanction Order,Present,05-09-2026,22-09-2026,Prototype compliance record
CMP-01822,MPL-0365,Progress Update,Missing,05-09-2026,,Prototype compliance record
CMP-01823,MPL-0365,Inspection Report,Present,05-09-2026,17-09-2026,Prototype compliance record
CMP-01824,MPL-0365,Payment Support,Present,05-09-2026,13-07-2026,Prototype compliance record
CMP-01825,MPL-0365,Completion Certificate,Present,05-09-2026,30-06-2026,Prototype compliance record
CMP-01826,MPL-0366,Sanction Order,Present,27-01-2027,07-10-2026,Prototype compliance record
CMP-01827,MPL-0366,Progress Update,Present,27-01-2027,15-01-2027,Prototype compliance record
CMP-01828,MPL-0366,Inspection Report,Present,27-01-2027,22-12-2026,Prototype compliance record
CMP-01829,MPL-0366,Payment Support,Present,27-01-2027,16-11-2026,Prototype compliance record
CMP-01830,MPL-0366,Completion Certificate,Present,27-01-2027,06-01-2027,Prototype compliance record
CMP-01831,MPL-0367,Sanction Order,Present,09-11-2026,29-07-2026,Prototype compliance record
CMP-01832,MPL-0367,Progress Update,Present,09-11-2026,11-09-2026,Prototype compliance record
CMP-01833,MPL-0367,Inspection Report,Missing,09-11-2026,,Prototype compliance record
CMP-01834,MPL-0367,Payment Support,Missing,09-11-2026,,Prototype compliance record
CMP-01835,MPL-0367,Completion Certificate,Present,09-11-2026,27-12-2026,Prototype compliance record
CMP-01836,MPL-0368,Sanction Order,Present,24-08-2026,11-04-2026,Prototype compliance record
CMP-01837,MPL-0368,Progress Update,Present,24-08-2026,15-04-2026,Prototype compliance record
CMP-01838,MPL-0368,Inspection Report,Present,24-08-2026,15-05-2026,Prototype compliance record
CMP-01839,MPL-0368,Payment Support,Present,24-08-2026,02-05-2026,Prototype compliance record
CMP-01840,MPL-0368,Completion Certificate,Missing,24-08-2026,,Prototype compliance record
CMP-01841,MPL-0369,Sanction Order,Missing,28-11-2026,,Prototype compliance record
CMP-01842,MPL-0369,Progress Update,Present,28-11-2026,26-09-2026,Prototype compliance record
CMP-01843,MPL-0369,Inspection Report,Present,28-11-2026,28-12-2026,Prototype compliance record
CMP-01844,MPL-0369,Payment Support,Present,28-11-2026,26-09-2026,Prototype compliance record
CMP-01845,MPL-0369,Completion Certificate,Present,28-11-2026,09-01-2027,Prototype compliance record
CMP-01846,MPL-0370,Sanction Order,Present,01-01-2027,24-11-2026,Prototype compliance record
CMP-01847,MPL-0370,Progress Update,Present,01-01-2027,28-03-2026,Prototype compliance record
CMP-01848,MPL-0370,Inspection Report,Present,01-01-2027,29-05-2026,Prototype compliance record
CMP-01849,MPL-0370,Payment Support,Present,01-01-2027,11-04-2026,Prototype compliance record
CMP-01850,MPL-0370,Completion Certificate,Present,01-01-2027,27-05-2026,Prototype compliance record
CMP-01851,MPL-0371,Sanction Order,Present,14-01-2027,17-06-2026,Prototype compliance record
CMP-01852,MPL-0371,Progress Update,Present,14-01-2027,30-08-2026,Prototype compliance record
CMP-01853,MPL-0371,Inspection Report,Present,14-01-2027,28-09-2026,Prototype compliance record
CMP-01854,MPL-0371,Payment Support,Missing,14-01-2027,,Prototype compliance record
CMP-01855,MPL-0371,Completion Certificate,Present,14-01-2027,29-10-2026,Prototype compliance record
CMP-01856,MPL-0372,Sanction Order,Present,05-04-2027,06-06-2026,Prototype compliance record
CMP-01857,MPL-0372,Progress Update,Present,05-04-2027,12-09-2026,Prototype compliance record
CMP-01858,MPL-0372,Inspection Report,Present,05-04-2027,29-08-2026,Prototype compliance record
CMP-01859,MPL-0372,Payment Support,Present,05-04-2027,05-09-2026,Prototype compliance record
CMP-01860,MPL-0372,Completion Certificate,Present,05-04-2027,17-01-2027,Prototype compliance record
CMP-01861,MPL-0373,Sanction Order,Present,28-01-2027,02-06-2026,Prototype compliance record
CMP-01862,MPL-0373,Progress Update,Missing,28-01-2027,,Prototype compliance record
CMP-01863,MPL-0373,Inspection Report,Present,28-01-2027,04-08-2026,Prototype compliance record
CMP-01864,MPL-0373,Payment Support,Present,28-01-2027,23-10-2026,Prototype compliance record
CMP-01865,MPL-0373,Completion Certificate,Present,28-01-2027,10-11-2026,Prototype compliance record
CMP-01866,MPL-0374,Sanction Order,Present,26-04-2027,28-11-2026,Prototype compliance record
CMP-01867,MPL-0374,Progress Update,Present,26-04-2027,28-10-2026,Prototype compliance record
CMP-01868,MPL-0374,Inspection Report,Present,26-04-2027,09-07-2026,Prototype compliance record
CMP-01869,MPL-0374,Payment Support,Present,26-04-2027,12-12-2026,Prototype compliance record
CMP-01870,MPL-0374,Completion Certificate,Present,26-04-2027,12-11-2026,Prototype compliance record
CMP-01871,MPL-0375,Sanction Order,Missing,10-02-2027,,Prototype compliance record
CMP-01872,MPL-0375,Progress Update,Present,10-02-2027,30-08-2026,Prototype compliance record
CMP-01873,MPL-0375,Inspection Report,Present,10-02-2027,11-11-2026,Prototype compliance record
CMP-01874,MPL-0375,Payment Support,Present,10-02-2027,11-12-2026,Prototype compliance record
CMP-01875,MPL-0375,Completion Certificate,Present,10-02-2027,07-10-2026,Prototype compliance record
CMP-01876,MPL-0376,Sanction Order,Present,07-02-2027,26-11-2026,Prototype compliance record
CMP-01877,MPL-0376,Progress Update,Present,07-02-2027,12-02-2027,Prototype compliance record
CMP-01878,MPL-0376,Inspection Report,Present,07-02-2027,26-03-2027,Prototype compliance record
CMP-01879,MPL-0376,Payment Support,Present,07-02-2027,06-09-2026,Prototype compliance record
CMP-01880,MPL-0376,Completion Certificate,Present,07-02-2027,07-02-2027,Prototype compliance record
CMP-01881,MPL-0377,Sanction Order,Present,20-03-2027,17-12-2026,Prototype compliance record
CMP-01882,MPL-0377,Progress Update,Present,20-03-2027,07-03-2027,Prototype compliance record
CMP-01883,MPL-0377,Inspection Report,Missing,20-03-2027,,Prototype compliance record
CMP-01884,MPL-0377,Payment Support,Present,20-03-2027,21-12-2026,Prototype compliance record
CMP-01885,MPL-0377,Completion Certificate,Present,20-03-2027,19-01-2027,Prototype compliance record
CMP-01886,MPL-0378,Sanction Order,Present,31-10-2026,27-05-2026,Prototype compliance record
CMP-01887,MPL-0378,Progress Update,Present,31-10-2026,21-11-2026,Prototype compliance record
CMP-01888,MPL-0378,Inspection Report,Present,31-10-2026,09-11-2026,Prototype compliance record
CMP-01889,MPL-0378,Payment Support,Present,31-10-2026,09-11-2026,Prototype compliance record
CMP-01890,MPL-0378,Completion Certificate,Present,31-10-2026,27-09-2026,Prototype compliance record
CMP-01891,MPL-0379,Sanction Order,Present,02-12-2026,26-02-2027,Prototype compliance record
CMP-01892,MPL-0379,Progress Update,Present,02-12-2026,30-01-2027,Prototype compliance record
CMP-01893,MPL-0379,Inspection Report,Missing,02-12-2026,,Prototype compliance record
CMP-01894,MPL-0379,Payment Support,Missing,02-12-2026,,Prototype compliance record
CMP-01895,MPL-0379,Completion Certificate,Present,02-12-2026,13-08-2026,Prototype compliance record
CMP-01896,MPL-0380,Sanction Order,Present,28-12-2026,23-12-2026,Prototype compliance record
CMP-01897,MPL-0380,Progress Update,Present,28-12-2026,09-08-2026,Prototype compliance record
CMP-01898,MPL-0380,Inspection Report,Present,28-12-2026,18-08-2026,Prototype compliance record
CMP-01899,MPL-0380,Payment Support,Present,28-12-2026,11-08-2026,Prototype compliance record
CMP-01900,MPL-0380,Completion Certificate,Present,28-12-2026,14-11-2026,Prototype compliance record
CMP-01901,MPL-0381,Sanction Order,Present,15-02-2027,29-07-2026,Prototype compliance record
CMP-01902,MPL-0381,Progress Update,Present,15-02-2027,13-01-2027,Prototype compliance record
CMP-01903,MPL-0381,Inspection Report,Missing,15-02-2027,,Prototype compliance record
CMP-01904,MPL-0381,Payment Support,Present,15-02-2027,31-01-2027,Prototype compliance record
CMP-01905,MPL-0381,Completion Certificate,Present,15-02-2027,13-09-2026,Prototype compliance record
CMP-01906,MPL-0382,Sanction Order,Present,05-06-2027,17-09-2026,Prototype compliance record
CMP-01907,MPL-0382,Progress Update,Present,05-06-2027,15-03-2027,Prototype compliance record
CMP-01908,MPL-0382,Inspection Report,Present,05-06-2027,08-01-2027,Prototype compliance record
CMP-01909,MPL-0382,Payment Support,Present,05-06-2027,15-08-2026,Prototype compliance record
CMP-01910,MPL-0382,Completion Certificate,Present,05-06-2027,19-01-2027,Prototype compliance record
CMP-01911,MPL-0383,Sanction Order,Present,02-12-2026,17-02-2027,Prototype compliance record
CMP-01912,MPL-0383,Progress Update,Present,02-12-2026,15-02-2027,Prototype compliance record
CMP-01913,MPL-0383,Inspection Report,Present,02-12-2026,18-09-2026,Prototype compliance record
CMP-01914,MPL-0383,Payment Support,Present,02-12-2026,10-07-2026,Prototype compliance record
CMP-01915,MPL-0383,Completion Certificate,Present,02-12-2026,14-08-2026,Prototype compliance record
CMP-01916,MPL-0384,Sanction Order,Present,28-09-2026,09-07-2026,Prototype compliance record
CMP-01917,MPL-0384,Progress Update,Missing,28-09-2026,,Prototype compliance record
CMP-01918,MPL-0384,Inspection Report,Missing,28-09-2026,,Prototype compliance record
CMP-01919,MPL-0384,Payment Support,Present,28-09-2026,20-11-2026,Prototype compliance record
CMP-01920,MPL-0384,Completion Certificate,Present,28-09-2026,05-08-2026,Prototype compliance record
CMP-01921,MPL-0385,Sanction Order,Present,06-11-2026,19-08-2026,Prototype compliance record
CMP-01922,MPL-0385,Progress Update,Present,06-11-2026,11-07-2026,Prototype compliance record
CMP-01923,MPL-0385,Inspection Report,Present,06-11-2026,14-10-2026,Prototype compliance record
CMP-01924,MPL-0385,Payment Support,Present,06-11-2026,16-02-2027,Prototype compliance record
CMP-01925,MPL-0385,Completion Certificate,Present,06-11-2026,15-12-2026,Prototype compliance record
CMP-01926,MPL-0386,Sanction Order,Present,29-04-2027,16-08-2026,Prototype compliance record
CMP-01927,MPL-0386,Progress Update,Present,29-04-2027,23-10-2026,Prototype compliance record
CMP-01928,MPL-0386,Inspection Report,Missing,29-04-2027,,Prototype compliance record
CMP-01929,MPL-0386,Payment Support,Present,29-04-2027,24-09-2026,Prototype compliance record
CMP-01930,MPL-0386,Completion Certificate,Present,29-04-2027,22-02-2027,Prototype compliance record
CMP-01931,MPL-0387,Sanction Order,Present,29-12-2026,17-05-2026,Prototype compliance record
CMP-01932,MPL-0387,Progress Update,Present,29-12-2026,02-10-2026,Prototype compliance record
CMP-01933,MPL-0387,Inspection Report,Present,29-12-2026,04-01-2027,Prototype compliance record
CMP-01934,MPL-0387,Payment Support,Present,29-12-2026,29-05-2026,Prototype compliance record
CMP-01935,MPL-0387,Completion Certificate,Missing,29-12-2026,,Prototype compliance record
CMP-01936,MPL-0388,Sanction Order,Present,24-12-2026,23-02-2026,Prototype compliance record
CMP-01937,MPL-0388,Progress Update,Present,24-12-2026,07-08-2026,Prototype compliance record
CMP-01938,MPL-0388,Inspection Report,Present,24-12-2026,15-09-2026,Prototype compliance record
CMP-01939,MPL-0388,Payment Support,Present,24-12-2026,13-05-2026,Prototype compliance record
CMP-01940,MPL-0388,Completion Certificate,Present,24-12-2026,31-05-2026,Prototype compliance record
CMP-01941,MPL-0389,Sanction Order,Present,13-11-2026,06-10-2026,Prototype compliance record
CMP-01942,MPL-0389,Progress Update,Present,13-11-2026,13-06-2026,Prototype compliance record
CMP-01943,MPL-0389,Inspection Report,Present,13-11-2026,22-08-2026,Prototype compliance record
CMP-01944,MPL-0389,Payment Support,Present,13-11-2026,24-09-2026,Prototype compliance record
CMP-01945,MPL-0389,Completion Certificate,Present,13-11-2026,06-08-2026,Prototype compliance record
CMP-01946,MPL-0390,Sanction Order,Present,10-11-2026,22-11-2026,Prototype compliance record
CMP-01947,MPL-0390,Progress Update,Present,10-11-2026,26-10-2026,Prototype compliance record
CMP-01948,MPL-0390,Inspection Report,Present,10-11-2026,02-12-2026,Prototype compliance record
CMP-01949,MPL-0390,Payment Support,Present,10-11-2026,15-12-2026,Prototype compliance record
CMP-01950,MPL-0390,Completion Certificate,Present,10-11-2026,30-12-2026,Prototype compliance record
CMP-01951,MPL-0391,Sanction Order,Present,23-02-2027,13-02-2027,Prototype compliance record
CMP-01952,MPL-0391,Progress Update,Present,23-02-2027,29-11-2026,Prototype compliance record
CMP-01953,MPL-0391,Inspection Report,Present,23-02-2027,04-12-2026,Prototype compliance record
CMP-01954,MPL-0391,Payment Support,Present,23-02-2027,09-09-2026,Prototype compliance record
CMP-01955,MPL-0391,Completion Certificate,Missing,23-02-2027,,Prototype compliance record
CMP-01956,MPL-0392,Sanction Order,Present,02-12-2026,03-07-2026,Prototype compliance record
CMP-01957,MPL-0392,Progress Update,Present,02-12-2026,21-11-2026,Prototype compliance record
CMP-01958,MPL-0392,Inspection Report,Present,02-12-2026,24-11-2026,Prototype compliance record
CMP-01959,MPL-0392,Payment Support,Present,02-12-2026,11-10-2026,Prototype compliance record
CMP-01960,MPL-0392,Completion Certificate,Present,02-12-2026,06-07-2026,Prototype compliance record
CMP-01961,MPL-0393,Sanction Order,Present,28-10-2026,25-08-2026,Prototype compliance record
CMP-01962,MPL-0393,Progress Update,Present,28-10-2026,01-10-2026,Prototype compliance record
CMP-01963,MPL-0393,Inspection Report,Present,28-10-2026,27-02-2027,Prototype compliance record
CMP-01964,MPL-0393,Payment Support,Present,28-10-2026,28-10-2026,Prototype compliance record
CMP-01965,MPL-0393,Completion Certificate,Present,28-10-2026,24-11-2026,Prototype compliance record
CMP-01966,MPL-0394,Sanction Order,Present,15-01-2027,25-04-2026,Prototype compliance record
CMP-01967,MPL-0394,Progress Update,Present,15-01-2027,02-08-2026,Prototype compliance record
CMP-01968,MPL-0394,Inspection Report,Present,15-01-2027,29-08-2026,Prototype compliance record
CMP-01969,MPL-0394,Payment Support,Present,15-01-2027,21-05-2026,Prototype compliance record
CMP-01970,MPL-0394,Completion Certificate,Present,15-01-2027,09-06-2026,Prototype compliance record
CMP-01971,MPL-0395,Sanction Order,Present,04-12-2026,11-10-2026,Prototype compliance record
CMP-01972,MPL-0395,Progress Update,Present,04-12-2026,08-07-2026,Prototype compliance record
CMP-01973,MPL-0395,Inspection Report,Present,04-12-2026,13-07-2026,Prototype compliance record
CMP-01974,MPL-0395,Payment Support,Present,04-12-2026,12-12-2026,Prototype compliance record
CMP-01975,MPL-0395,Completion Certificate,Present,04-12-2026,07-04-2026,Prototype compliance record
CMP-01976,MPL-0396,Sanction Order,Present,06-10-2026,08-08-2026,Prototype compliance record
CMP-01977,MPL-0396,Progress Update,Present,06-10-2026,08-10-2026,Prototype compliance record
CMP-01978,MPL-0396,Inspection Report,Present,06-10-2026,24-04-2026,Prototype compliance record
CMP-01979,MPL-0396,Payment Support,Present,06-10-2026,06-11-2026,Prototype compliance record
CMP-01980,MPL-0396,Completion Certificate,Present,06-10-2026,11-03-2026,Prototype compliance record
CMP-01981,MPL-0397,Sanction Order,Present,05-12-2026,25-05-2026,Prototype compliance record
CMP-01982,MPL-0397,Progress Update,Present,05-12-2026,19-04-2026,Prototype compliance record
CMP-01983,MPL-0397,Inspection Report,Missing,05-12-2026,,Prototype compliance record
CMP-01984,MPL-0397,Payment Support,Present,05-12-2026,24-04-2026,Prototype compliance record
CMP-01985,MPL-0397,Completion Certificate,Present,05-12-2026,19-05-2026,Prototype compliance record
CMP-01986,MPL-0398,Sanction Order,Present,16-11-2026,01-07-2026,Prototype compliance record
CMP-01987,MPL-0398,Progress Update,Present,16-11-2026,29-08-2026,Prototype compliance record
CMP-01988,MPL-0398,Inspection Report,Present,16-11-2026,01-11-2026,Prototype compliance record
CMP-01989,MPL-0398,Payment Support,Present,16-11-2026,26-11-2026,Prototype compliance record
CMP-01990,MPL-0398,Completion Certificate,Missing,16-11-2026,,Prototype compliance record
CMP-01991,MPL-0399,Sanction Order,Present,24-08-2026,08-07-2026,Prototype compliance record
CMP-01992,MPL-0399,Progress Update,Present,24-08-2026,09-12-2026,Prototype compliance record
CMP-01993,MPL-0399,Inspection Report,Present,24-08-2026,20-03-2026,Prototype compliance record
CMP-01994,MPL-0399,Payment Support,Present,24-08-2026,27-05-2026,Prototype compliance record
CMP-01995,MPL-0399,Completion Certificate,Present,24-08-2026,03-06-2026,Prototype compliance record
CMP-01996,MPL-0400,Sanction Order,Missing,01-11-2026,,Prototype compliance record
CMP-01997,MPL-0400,Progress Update,Present,01-11-2026,18-04-2026,Prototype compliance record
CMP-01998,MPL-0400,Inspection Report,Present,01-11-2026,14-12-2026,Prototype compliance record
CMP-01999,MPL-0400,Payment Support,Present,01-11-2026,08-08-2026,Prototype compliance record
CMP-02000,MPL-0400,Completion Certificate,Present,01-11-2026,31-07-2026,Prototype compliance record
CMP-02001,MPL-0401,Sanction Order,Present,16-09-2026,21-05-2026,Prototype compliance record
CMP-02002,MPL-0401,Progress Update,Present,16-09-2026,25-05-2026,Prototype compliance record
CMP-02003,MPL-0401,Inspection Report,Present,16-09-2026,25-09-2026,Prototype compliance record
CMP-02004,MPL-0401,Payment Support,Present,16-09-2026,20-08-2026,Prototype compliance record
CMP-02005,MPL-0401,Completion Certificate,Missing,16-09-2026,,Prototype compliance record
CMP-02006,MPL-0402,Sanction Order,Present,03-10-2026,19-07-2026,Prototype compliance record
CMP-02007,MPL-0402,Progress Update,Present,03-10-2026,18-11-2026,Prototype compliance record
CMP-02008,MPL-0402,Inspection Report,Present,03-10-2026,07-06-2026,Prototype compliance record
CMP-02009,MPL-0402,Payment Support,Present,03-10-2026,06-11-2026,Prototype compliance record
CMP-02010,MPL-0402,Completion Certificate,Missing,03-10-2026,,Prototype compliance record
CMP-02011,MPL-0403,Sanction Order,Present,28-10-2026,14-09-2026,Prototype compliance record
CMP-02012,MPL-0403,Progress Update,Present,28-10-2026,01-10-2026,Prototype compliance record
CMP-02013,MPL-0403,Inspection Report,Present,28-10-2026,15-07-2026,Prototype compliance record
CMP-02014,MPL-0403,Payment Support,Missing,28-10-2026,,Prototype compliance record
CMP-02015,MPL-0403,Completion Certificate,Present,28-10-2026,08-12-2026,Prototype compliance record
CMP-02016,MPL-0404,Sanction Order,Present,07-10-2026,16-06-2026,Prototype compliance record
CMP-02017,MPL-0404,Progress Update,Missing,07-10-2026,,Prototype compliance record
CMP-02018,MPL-0404,Inspection Report,Present,07-10-2026,01-10-2026,Prototype compliance record
CMP-02019,MPL-0404,Payment Support,Present,07-10-2026,07-07-2026,Prototype compliance record
CMP-02020,MPL-0404,Completion Certificate,Present,07-10-2026,08-09-2026,Prototype compliance record
CMP-02021,MPL-0405,Sanction Order,Present,27-03-2027,11-07-2026,Prototype compliance record
CMP-02022,MPL-0405,Progress Update,Present,27-03-2027,27-12-2026,Prototype compliance record
CMP-02023,MPL-0405,Inspection Report,Present,27-03-2027,05-09-2026,Prototype compliance record
CMP-02024,MPL-0405,Payment Support,Present,27-03-2027,10-08-2026,Prototype compliance record
CMP-02025,MPL-0405,Completion Certificate,Present,27-03-2027,04-08-2026,Prototype compliance record
CMP-02026,MPL-0406,Sanction Order,Present,23-01-2027,27-11-2026,Prototype compliance record
CMP-02027,MPL-0406,Progress Update,Present,23-01-2027,22-03-2026,Prototype compliance record
CMP-02028,MPL-0406,Inspection Report,Present,23-01-2027,07-04-2026,Prototype compliance record
CMP-02029,MPL-0406,Payment Support,Missing,23-01-2027,,Prototype compliance record
CMP-02030,MPL-0406,Completion Certificate,Missing,23-01-2027,,Prototype compliance record
CMP-02031,MPL-0407,Sanction Order,Present,09-11-2026,03-12-2026,Prototype compliance record
CMP-02032,MPL-0407,Progress Update,Present,09-11-2026,23-02-2027,Prototype compliance record
CMP-02033,MPL-0407,Inspection Report,Present,09-11-2026,25-09-2026,Prototype compliance record
CMP-02034,MPL-0407,Payment Support,Present,09-11-2026,13-09-2026,Prototype compliance record
CMP-02035,MPL-0407,Completion Certificate,Present,09-11-2026,30-07-2026,Prototype compliance record
CMP-02036,MPL-0408,Sanction Order,Present,29-12-2026,23-10-2026,Prototype compliance record
CMP-02037,MPL-0408,Progress Update,Present,29-12-2026,23-02-2027,Prototype compliance record
CMP-02038,MPL-0408,Inspection Report,Present,29-12-2026,19-03-2027,Prototype compliance record
CMP-02039,MPL-0408,Payment Support,Missing,29-12-2026,,Prototype compliance record
CMP-02040,MPL-0408,Completion Certificate,Missing,29-12-2026,,Prototype compliance record
CMP-02041,MPL-0409,Sanction Order,Present,07-10-2026,09-06-2026,Prototype compliance record
CMP-02042,MPL-0409,Progress Update,Present,07-10-2026,07-01-2027,Prototype compliance record
CMP-02043,MPL-0409,Inspection Report,Present,07-10-2026,30-10-2026,Prototype compliance record
CMP-02044,MPL-0409,Payment Support,Present,07-10-2026,13-06-2026,Prototype compliance record
CMP-02045,MPL-0409,Completion Certificate,Present,07-10-2026,04-12-2026,Prototype compliance record
CMP-02046,MPL-0410,Sanction Order,Present,02-12-2026,16-06-2026,Prototype compliance record
CMP-02047,MPL-0410,Progress Update,Present,02-12-2026,17-06-2026,Prototype compliance record
CMP-02048,MPL-0410,Inspection Report,Present,02-12-2026,20-01-2027,Prototype compliance record
CMP-02049,MPL-0410,Payment Support,Present,02-12-2026,20-07-2026,Prototype compliance record
CMP-02050,MPL-0410,Completion Certificate,Present,02-12-2026,22-02-2027,Prototype compliance record
CMP-02051,MPL-0411,Sanction Order,Present,03-01-2027,10-06-2026,Prototype compliance record
CMP-02052,MPL-0411,Progress Update,Present,03-01-2027,19-04-2026,Prototype compliance record
CMP-02053,MPL-0411,Inspection Report,Present,03-01-2027,21-04-2026,Prototype compliance record
CMP-02054,MPL-0411,Payment Support,Present,03-01-2027,13-09-2026,Prototype compliance record
CMP-02055,MPL-0411,Completion Certificate,Present,03-01-2027,17-11-2026,Prototype compliance record
CMP-02056,MPL-0412,Sanction Order,Present,16-11-2026,11-08-2026,Prototype compliance record
CMP-02057,MPL-0412,Progress Update,Present,16-11-2026,10-02-2027,Prototype compliance record
CMP-02058,MPL-0412,Inspection Report,Present,16-11-2026,29-12-2026,Prototype compliance record
CMP-02059,MPL-0412,Payment Support,Present,16-11-2026,08-03-2027,Prototype compliance record
CMP-02060,MPL-0412,Completion Certificate,Present,16-11-2026,24-09-2026,Prototype compliance record
CMP-02061,MPL-0413,Sanction Order,Present,04-01-2027,03-05-2026,Prototype compliance record
CMP-02062,MPL-0413,Progress Update,Present,04-01-2027,21-04-2026,Prototype compliance record
CMP-02063,MPL-0413,Inspection Report,Present,04-01-2027,14-04-2026,Prototype compliance record
CMP-02064,MPL-0413,Payment Support,Present,04-01-2027,15-07-2026,Prototype compliance record
CMP-02065,MPL-0413,Completion Certificate,Present,04-01-2027,08-08-2026,Prototype compliance record
CMP-02066,MPL-0414,Sanction Order,Present,28-01-2027,12-08-2026,Prototype compliance record
CMP-02067,MPL-0414,Progress Update,Present,28-01-2027,10-02-2027,Prototype compliance record
CMP-02068,MPL-0414,Inspection Report,Present,28-01-2027,23-09-2026,Prototype compliance record
CMP-02069,MPL-0414,Payment Support,Present,28-01-2027,12-11-2026,Prototype compliance record
CMP-02070,MPL-0414,Completion Certificate,Present,28-01-2027,08-11-2026,Prototype compliance record
CMP-02071,MPL-0415,Sanction Order,Present,21-03-2027,17-01-2027,Prototype compliance record
CMP-02072,MPL-0415,Progress Update,Present,21-03-2027,22-07-2026,Prototype compliance record
CMP-02073,MPL-0415,Inspection Report,Present,21-03-2027,13-07-2026,Prototype compliance record
CMP-02074,MPL-0415,Payment Support,Present,21-03-2027,03-01-2027,Prototype compliance record
CMP-02075,MPL-0415,Completion Certificate,Present,21-03-2027,24-05-2026,Prototype compliance record
CMP-02076,MPL-0416,Sanction Order,Present,14-10-2026,25-09-2026,Prototype compliance record
CMP-02077,MPL-0416,Progress Update,Present,14-10-2026,24-08-2026,Prototype compliance record
CMP-02078,MPL-0416,Inspection Report,Present,14-10-2026,14-11-2026,Prototype compliance record
CMP-02079,MPL-0416,Payment Support,Present,14-10-2026,24-07-2026,Prototype compliance record
CMP-02080,MPL-0416,Completion Certificate,Missing,14-10-2026,,Prototype compliance record
CMP-02081,MPL-0417,Sanction Order,Present,06-09-2026,09-06-2026,Prototype compliance record
CMP-02082,MPL-0417,Progress Update,Missing,06-09-2026,,Prototype compliance record
CMP-02083,MPL-0417,Inspection Report,Present,06-09-2026,19-08-2026,Prototype compliance record
CMP-02084,MPL-0417,Payment Support,Present,06-09-2026,20-10-2026,Prototype compliance record
CMP-02085,MPL-0417,Completion Certificate,Present,06-09-2026,10-09-2026,Prototype compliance record
CMP-02086,MPL-0418,Sanction Order,Present,30-12-2026,25-07-2026,Prototype compliance record
CMP-02087,MPL-0418,Progress Update,Present,30-12-2026,08-05-2026,Prototype compliance record
CMP-02088,MPL-0418,Inspection Report,Present,30-12-2026,04-05-2026,Prototype compliance record
CMP-02089,MPL-0418,Payment Support,Present,30-12-2026,06-06-2026,Prototype compliance record
CMP-02090,MPL-0418,Completion Certificate,Present,30-12-2026,09-10-2026,Prototype compliance record
CMP-02091,MPL-0419,Sanction Order,Present,06-03-2027,01-01-2027,Prototype compliance record
CMP-02092,MPL-0419,Progress Update,Present,06-03-2027,27-09-2026,Prototype compliance record
CMP-02093,MPL-0419,Inspection Report,Missing,06-03-2027,,Prototype compliance record
CMP-02094,MPL-0419,Payment Support,Present,06-03-2027,02-09-2026,Prototype compliance record
CMP-02095,MPL-0419,Completion Certificate,Present,06-03-2027,31-05-2026,Prototype compliance record
CMP-02096,MPL-0420,Sanction Order,Present,29-05-2027,17-03-2027,Prototype compliance record
CMP-02097,MPL-0420,Progress Update,Present,29-05-2027,23-07-2026,Prototype compliance record
CMP-02098,MPL-0420,Inspection Report,Present,29-05-2027,10-11-2026,Prototype compliance record
CMP-02099,MPL-0420,Payment Support,Present,29-05-2027,12-10-2026,Prototype compliance record
CMP-02100,MPL-0420,Completion Certificate,Present,29-05-2027,19-03-2027,Prototype compliance record
CMP-02101,MPL-0421,Sanction Order,Present,17-04-2027,13-08-2026,Prototype compliance record
CMP-02102,MPL-0421,Progress Update,Present,17-04-2027,26-02-2027,Prototype compliance record
CMP-02103,MPL-0421,Inspection Report,Present,17-04-2027,25-11-2026,Prototype compliance record
CMP-02104,MPL-0421,Payment Support,Present,17-04-2027,16-02-2027,Prototype compliance record
CMP-02105,MPL-0421,Completion Certificate,Present,17-04-2027,31-12-2026,Prototype compliance record
CMP-02106,MPL-0422,Sanction Order,Present,31-12-2026,27-05-2026,Prototype compliance record
CMP-02107,MPL-0422,Progress Update,Missing,31-12-2026,,Prototype compliance record
CMP-02108,MPL-0422,Inspection Report,Present,31-12-2026,09-07-2026,Prototype compliance record
CMP-02109,MPL-0422,Payment Support,Missing,31-12-2026,,Prototype compliance record
CMP-02110,MPL-0422,Completion Certificate,Present,31-12-2026,15-09-2026,Prototype compliance record
CMP-02111,MPL-0423,Sanction Order,Present,18-10-2026,16-07-2026,Prototype compliance record
CMP-02112,MPL-0423,Progress Update,Present,18-10-2026,23-10-2026,Prototype compliance record
CMP-02113,MPL-0423,Inspection Report,Present,18-10-2026,13-03-2026,Prototype compliance record
CMP-02114,MPL-0423,Payment Support,Present,18-10-2026,20-10-2026,Prototype compliance record
CMP-02115,MPL-0423,Completion Certificate,Present,18-10-2026,01-10-2026,Prototype compliance record
CMP-02116,MPL-0424,Sanction Order,Present,25-11-2026,04-06-2026,Prototype compliance record
CMP-02117,MPL-0424,Progress Update,Present,25-11-2026,21-11-2026,Prototype compliance record
CMP-02118,MPL-0424,Inspection Report,Present,25-11-2026,16-12-2026,Prototype compliance record
CMP-02119,MPL-0424,Payment Support,Present,25-11-2026,20-10-2026,Prototype compliance record
CMP-02120,MPL-0424,Completion Certificate,Present,25-11-2026,25-11-2026,Prototype compliance record
CMP-02121,MPL-0425,Sanction Order,Present,02-11-2026,06-12-2026,Prototype compliance record
CMP-02122,MPL-0425,Progress Update,Present,02-11-2026,04-01-2027,Prototype compliance record
CMP-02123,MPL-0425,Inspection Report,Present,02-11-2026,05-06-2026,Prototype compliance record
CMP-02124,MPL-0425,Payment Support,Present,02-11-2026,25-11-2026,Prototype compliance record
CMP-02125,MPL-0425,Completion Certificate,Present,02-11-2026,13-09-2026,Prototype compliance record
CMP-02126,MPL-0426,Sanction Order,Present,15-09-2026,27-07-2026,Prototype compliance record
CMP-02127,MPL-0426,Progress Update,Missing,15-09-2026,,Prototype compliance record
CMP-02128,MPL-0426,Inspection Report,Present,15-09-2026,16-09-2026,Prototype compliance record
CMP-02129,MPL-0426,Payment Support,Present,15-09-2026,04-08-2026,Prototype compliance record
CMP-02130,MPL-0426,Completion Certificate,Present,15-09-2026,23-09-2026,Prototype compliance record
CMP-02131,MPL-0427,Sanction Order,Present,27-08-2026,02-09-2026,Prototype compliance record
CMP-02132,MPL-0427,Progress Update,Present,27-08-2026,20-10-2026,Prototype compliance record
CMP-02133,MPL-0427,Inspection Report,Present,27-08-2026,01-06-2026,Prototype compliance record
CMP-02134,MPL-0427,Payment Support,Present,27-08-2026,14-04-2026,Prototype compliance record
CMP-02135,MPL-0427,Completion Certificate,Present,27-08-2026,10-07-2026,Prototype compliance record
CMP-02136,MPL-0428,Sanction Order,Present,02-11-2026,11-06-2026,Prototype compliance record
CMP-02137,MPL-0428,Progress Update,Present,02-11-2026,07-12-2026,Prototype compliance record
CMP-02138,MPL-0428,Inspection Report,Present,02-11-2026,04-02-2027,Prototype compliance record
CMP-02139,MPL-0428,Payment Support,Present,02-11-2026,06-01-2027,Prototype compliance record
CMP-02140,MPL-0428,Completion Certificate,Present,02-11-2026,02-08-2026,Prototype compliance record
CMP-02141,MPL-0429,Sanction Order,Present,11-04-2027,23-07-2026,Prototype compliance record
CMP-02142,MPL-0429,Progress Update,Present,11-04-2027,10-11-2026,Prototype compliance record
CMP-02143,MPL-0429,Inspection Report,Missing,11-04-2027,,Prototype compliance record
CMP-02144,MPL-0429,Payment Support,Present,11-04-2027,17-06-2026,Prototype compliance record
CMP-02145,MPL-0429,Completion Certificate,Present,11-04-2027,11-08-2026,Prototype compliance record
CMP-02146,MPL-0430,Sanction Order,Present,29-11-2026,21-02-2026,Prototype compliance record
CMP-02147,MPL-0430,Progress Update,Present,29-11-2026,15-04-2026,Prototype compliance record
CMP-02148,MPL-0430,Inspection Report,Present,29-11-2026,23-05-2026,Prototype compliance record
CMP-02149,MPL-0430,Payment Support,Present,29-11-2026,03-10-2026,Prototype compliance record
CMP-02150,MPL-0430,Completion Certificate,Present,29-11-2026,27-09-2026,Prototype compliance record
CMP-02151,MPL-0431,Sanction Order,Present,22-10-2026,06-07-2026,Prototype compliance record
CMP-02152,MPL-0431,Progress Update,Present,22-10-2026,18-08-2026,Prototype compliance record
CMP-02153,MPL-0431,Inspection Report,Present,22-10-2026,07-07-2026,Prototype compliance record
CMP-02154,MPL-0431,Payment Support,Present,22-10-2026,08-05-2026,Prototype compliance record
CMP-02155,MPL-0431,Completion Certificate,Present,22-10-2026,18-05-2026,Prototype compliance record
CMP-02156,MPL-0432,Sanction Order,Present,26-09-2026,29-10-2026,Prototype compliance record
CMP-02157,MPL-0432,Progress Update,Present,26-09-2026,22-05-2026,Prototype compliance record
CMP-02158,MPL-0432,Inspection Report,Present,26-09-2026,19-10-2026,Prototype compliance record
CMP-02159,MPL-0432,Payment Support,Present,26-09-2026,20-12-2026,Prototype compliance record
CMP-02160,MPL-0432,Completion Certificate,Present,26-09-2026,21-10-2026,Prototype compliance record
CMP-02161,MPL-0433,Sanction Order,Present,18-11-2026,08-07-2026,Prototype compliance record
CMP-02162,MPL-0433,Progress Update,Present,18-11-2026,19-03-2026,Prototype compliance record
CMP-02163,MPL-0433,Inspection Report,Present,18-11-2026,23-04-2026,Prototype compliance record
CMP-02164,MPL-0433,Payment Support,Present,18-11-2026,16-11-2026,Prototype compliance record
CMP-02165,MPL-0433,Completion Certificate,Present,18-11-2026,02-10-2026,Prototype compliance record
CMP-02166,MPL-0434,Sanction Order,Present,10-09-2026,19-04-2026,Prototype compliance record
CMP-02167,MPL-0434,Progress Update,Present,10-09-2026,17-04-2026,Prototype compliance record
CMP-02168,MPL-0434,Inspection Report,Present,10-09-2026,24-07-2026,Prototype compliance record
CMP-02169,MPL-0434,Payment Support,Present,10-09-2026,30-04-2026,Prototype compliance record
CMP-02170,MPL-0434,Completion Certificate,Present,10-09-2026,17-10-2026,Prototype compliance record
CMP-02171,MPL-0435,Sanction Order,Present,02-03-2027,12-11-2026,Prototype compliance record
CMP-02172,MPL-0435,Progress Update,Missing,02-03-2027,,Prototype compliance record
CMP-02173,MPL-0435,Inspection Report,Present,02-03-2027,28-08-2026,Prototype compliance record
CMP-02174,MPL-0435,Payment Support,Missing,02-03-2027,,Prototype compliance record
CMP-02175,MPL-0435,Completion Certificate,Present,02-03-2027,12-07-2026,Prototype compliance record
CMP-02176,MPL-0436,Sanction Order,Present,05-04-2027,08-01-2027,Prototype compliance record
CMP-02177,MPL-0436,Progress Update,Present,05-04-2027,09-12-2026,Prototype compliance record
CMP-02178,MPL-0436,Inspection Report,Present,05-04-2027,11-07-2026,Prototype compliance record
CMP-02179,MPL-0436,Payment Support,Present,05-04-2027,19-12-2026,Prototype compliance record
CMP-02180,MPL-0436,Completion Certificate,Present,05-04-2027,10-09-2026,Prototype compliance record
CMP-02181,MPL-0437,Sanction Order,Present,31-12-2026,23-07-2026,Prototype compliance record
CMP-02182,MPL-0437,Progress Update,Present,31-12-2026,06-09-2026,Prototype compliance record
CMP-02183,MPL-0437,Inspection Report,Present,31-12-2026,04-09-2026,Prototype compliance record
CMP-02184,MPL-0437,Payment Support,Present,31-12-2026,05-11-2026,Prototype compliance record
CMP-02185,MPL-0437,Completion Certificate,Present,31-12-2026,14-09-2026,Prototype compliance record
CMP-02186,MPL-0438,Sanction Order,Present,28-05-2027,26-10-2026,Prototype compliance record
CMP-02187,MPL-0438,Progress Update,Present,28-05-2027,30-08-2026,Prototype compliance record
CMP-02188,MPL-0438,Inspection Report,Present,28-05-2027,14-08-2026,Prototype compliance record
CMP-02189,MPL-0438,Payment Support,Present,28-05-2027,11-08-2026,Prototype compliance record
CMP-02190,MPL-0438,Completion Certificate,Present,28-05-2027,13-11-2026,Prototype compliance record
CMP-02191,MPL-0439,Sanction Order,Missing,23-10-2026,,Prototype compliance record
CMP-02192,MPL-0439,Progress Update,Present,23-10-2026,21-07-2026,Prototype compliance record
CMP-02193,MPL-0439,Inspection Report,Present,23-10-2026,29-10-2026,Prototype compliance record
CMP-02194,MPL-0439,Payment Support,Present,23-10-2026,15-06-2026,Prototype compliance record
CMP-02195,MPL-0439,Completion Certificate,Present,23-10-2026,19-09-2026,Prototype compliance record
CMP-02196,MPL-0440,Sanction Order,Present,21-03-2027,02-12-2026,Prototype compliance record
CMP-02197,MPL-0440,Progress Update,Present,21-03-2027,13-10-2026,Prototype compliance record
CMP-02198,MPL-0440,Inspection Report,Present,21-03-2027,07-08-2026,Prototype compliance record
CMP-02199,MPL-0440,Payment Support,Present,21-03-2027,07-11-2026,Prototype compliance record
CMP-02200,MPL-0440,Completion Certificate,Present,21-03-2027,24-11-2026,Prototype compliance record
CMP-02201,MPL-0441,Sanction Order,Present,27-10-2026,24-11-2026,Prototype compliance record
CMP-02202,MPL-0441,Progress Update,Present,27-10-2026,26-05-2026,Prototype compliance record
CMP-02203,MPL-0441,Inspection Report,Present,27-10-2026,10-11-2026,Prototype compliance record
CMP-02204,MPL-0441,Payment Support,Present,27-10-2026,23-04-2026,Prototype compliance record
CMP-02205,MPL-0441,Completion Certificate,Present,27-10-2026,23-05-2026,Prototype compliance record
CMP-02206,MPL-0442,Sanction Order,Present,09-10-2026,20-06-2026,Prototype compliance record
CMP-02207,MPL-0442,Progress Update,Present,09-10-2026,16-11-2026,Prototype compliance record
CMP-02208,MPL-0442,Inspection Report,Present,09-10-2026,06-10-2026,Prototype compliance record
CMP-02209,MPL-0442,Payment Support,Present,09-10-2026,13-09-2026,Prototype compliance record
CMP-02210,MPL-0442,Completion Certificate,Present,09-10-2026,20-08-2026,Prototype compliance record
CMP-02211,MPL-0443,Sanction Order,Present,20-09-2026,20-02-2026,Prototype compliance record
CMP-02212,MPL-0443,Progress Update,Present,20-09-2026,11-06-2026,Prototype compliance record
CMP-02213,MPL-0443,Inspection Report,Present,20-09-2026,05-04-2026,Prototype compliance record
CMP-02214,MPL-0443,Payment Support,Missing,20-09-2026,,Prototype compliance record
CMP-02215,MPL-0443,Completion Certificate,Present,20-09-2026,07-06-2026,Prototype compliance record
CMP-02216,MPL-0444,Sanction Order,Present,09-01-2027,16-10-2026,Prototype compliance record
CMP-02217,MPL-0444,Progress Update,Missing,09-01-2027,,Prototype compliance record
CMP-02218,MPL-0444,Inspection Report,Present,09-01-2027,22-02-2027,Prototype compliance record
CMP-02219,MPL-0444,Payment Support,Present,09-01-2027,28-01-2027,Prototype compliance record
CMP-02220,MPL-0444,Completion Certificate,Present,09-01-2027,08-11-2026,Prototype compliance record
CMP-02221,MPL-0445,Sanction Order,Present,29-09-2026,03-04-2026,Prototype compliance record
CMP-02222,MPL-0445,Progress Update,Present,29-09-2026,18-04-2026,Prototype compliance record
CMP-02223,MPL-0445,Inspection Report,Present,29-09-2026,26-04-2026,Prototype compliance record
CMP-02224,MPL-0445,Payment Support,Present,29-09-2026,13-06-2026,Prototype compliance record
CMP-02225,MPL-0445,Completion Certificate,Present,29-09-2026,10-09-2026,Prototype compliance record
CMP-02226,MPL-0446,Sanction Order,Present,12-02-2027,27-11-2026,Prototype compliance record
CMP-02227,MPL-0446,Progress Update,Present,12-02-2027,21-07-2026,Prototype compliance record
CMP-02228,MPL-0446,Inspection Report,Present,12-02-2027,01-02-2027,Prototype compliance record
CMP-02229,MPL-0446,Payment Support,Present,12-02-2027,18-07-2026,Prototype compliance record
CMP-02230,MPL-0446,Completion Certificate,Present,12-02-2027,29-01-2027,Prototype compliance record
CMP-02231,MPL-0447,Sanction Order,Present,02-12-2026,09-06-2026,Prototype compliance record
CMP-02232,MPL-0447,Progress Update,Present,02-12-2026,25-07-2026,Prototype compliance record
CMP-02233,MPL-0447,Inspection Report,Present,02-12-2026,04-08-2026,Prototype compliance record
CMP-02234,MPL-0447,Payment Support,Present,02-12-2026,31-12-2026,Prototype compliance record
CMP-02235,MPL-0447,Completion Certificate,Present,02-12-2026,06-10-2026,Prototype compliance record
CMP-02236,MPL-0448,Sanction Order,Missing,12-09-2026,,Prototype compliance record
CMP-02237,MPL-0448,Progress Update,Present,12-09-2026,05-09-2026,Prototype compliance record
CMP-02238,MPL-0448,Inspection Report,Present,12-09-2026,07-05-2026,Prototype compliance record
CMP-02239,MPL-0448,Payment Support,Present,12-09-2026,07-09-2026,Prototype compliance record
CMP-02240,MPL-0448,Completion Certificate,Present,12-09-2026,06-05-2026,Prototype compliance record
CMP-02241,MPL-0449,Sanction Order,Present,30-12-2026,24-11-2026,Prototype compliance record
CMP-02242,MPL-0449,Progress Update,Present,30-12-2026,05-01-2027,Prototype compliance record
CMP-02243,MPL-0449,Inspection Report,Present,30-12-2026,05-01-2027,Prototype compliance record
CMP-02244,MPL-0449,Payment Support,Missing,30-12-2026,,Prototype compliance record
CMP-02245,MPL-0449,Completion Certificate,Present,30-12-2026,25-07-2026,Prototype compliance record
CMP-02246,MPL-0450,Sanction Order,Present,22-09-2026,08-10-2026,Prototype compliance record
CMP-02247,MPL-0450,Progress Update,Missing,22-09-2026,,Prototype compliance record
CMP-02248,MPL-0450,Inspection Report,Present,22-09-2026,01-09-2026,Prototype compliance record
CMP-02249,MPL-0450,Payment Support,Present,22-09-2026,19-03-2026,Prototype compliance record
CMP-02250,MPL-0450,Completion Certificate,Present,22-09-2026,20-07-2026,Prototype compliance record
CMP-02251,MPL-0451,Sanction Order,Present,15-10-2026,27-05-2026,Prototype compliance record
CMP-02252,MPL-0451,Progress Update,Present,15-10-2026,24-09-2026,Prototype compliance record
CMP-02253,MPL-0451,Inspection Report,Present,15-10-2026,04-12-2026,Prototype compliance record
CMP-02254,MPL-0451,Payment Support,Present,15-10-2026,11-11-2026,Prototype compliance record
CMP-02255,MPL-0451,Completion Certificate,Present,15-10-2026,12-12-2026,Prototype compliance record
CMP-02256,MPL-0452,Sanction Order,Present,19-04-2027,03-06-2026,Prototype compliance record
CMP-02257,MPL-0452,Progress Update,Present,19-04-2027,26-08-2026,Prototype compliance record
CMP-02258,MPL-0452,Inspection Report,Present,19-04-2027,27-11-2026,Prototype compliance record
CMP-02259,MPL-0452,Payment Support,Present,19-04-2027,03-06-2026,Prototype compliance record
CMP-02260,MPL-0452,Completion Certificate,Present,19-04-2027,28-06-2026,Prototype compliance record
CMP-02261,MPL-0453,Sanction Order,Present,23-11-2026,19-09-2026,Prototype compliance record
CMP-02262,MPL-0453,Progress Update,Present,23-11-2026,05-12-2026,Prototype compliance record
CMP-02263,MPL-0453,Inspection Report,Present,23-11-2026,08-11-2026,Prototype compliance record
CMP-02264,MPL-0453,Payment Support,Present,23-11-2026,29-07-2026,Prototype compliance record
CMP-02265,MPL-0453,Completion Certificate,Present,23-11-2026,04-07-2026,Prototype compliance record
CMP-02266,MPL-0454,Sanction Order,Present,07-02-2027,02-11-2026,Prototype compliance record
CMP-02267,MPL-0454,Progress Update,Present,07-02-2027,01-11-2026,Prototype compliance record
CMP-02268,MPL-0454,Inspection Report,Present,07-02-2027,17-12-2026,Prototype compliance record
CMP-02269,MPL-0454,Payment Support,Present,07-02-2027,03-07-2026,Prototype compliance record
CMP-02270,MPL-0454,Completion Certificate,Present,07-02-2027,10-10-2026,Prototype compliance record
CMP-02271,MPL-0455,Sanction Order,Present,22-12-2026,15-06-2026,Prototype compliance record
CMP-02272,MPL-0455,Progress Update,Missing,22-12-2026,,Prototype compliance record
CMP-02273,MPL-0455,Inspection Report,Present,22-12-2026,17-06-2026,Prototype compliance record
CMP-02274,MPL-0455,Payment Support,Missing,22-12-2026,,Prototype compliance record
CMP-02275,MPL-0455,Completion Certificate,Present,22-12-2026,07-10-2026,Prototype compliance record
CMP-02276,MPL-0456,Sanction Order,Present,02-03-2027,09-10-2026,Prototype compliance record
CMP-02277,MPL-0456,Progress Update,Present,02-03-2027,22-02-2027,Prototype compliance record
CMP-02278,MPL-0456,Inspection Report,Present,02-03-2027,17-03-2027,Prototype compliance record
CMP-02279,MPL-0456,Payment Support,Present,02-03-2027,03-03-2027,Prototype compliance record
CMP-02280,MPL-0456,Completion Certificate,Present,02-03-2027,05-11-2026,Prototype compliance record
CMP-02281,MPL-0457,Sanction Order,Present,31-12-2026,24-09-2026,Prototype compliance record
CMP-02282,MPL-0457,Progress Update,Present,31-12-2026,23-07-2026,Prototype compliance record
CMP-02283,MPL-0457,Inspection Report,Present,31-12-2026,28-09-2026,Prototype compliance record
CMP-02284,MPL-0457,Payment Support,Present,31-12-2026,20-07-2026,Prototype compliance record
CMP-02285,MPL-0457,Completion Certificate,Missing,31-12-2026,,Prototype compliance record
CMP-02286,MPL-0458,Sanction Order,Present,07-12-2026,01-05-2026,Prototype compliance record
CMP-02287,MPL-0458,Progress Update,Present,07-12-2026,09-07-2026,Prototype compliance record
CMP-02288,MPL-0458,Inspection Report,Present,07-12-2026,24-04-2026,Prototype compliance record
CMP-02289,MPL-0458,Payment Support,Present,07-12-2026,06-10-2026,Prototype compliance record
CMP-02290,MPL-0458,Completion Certificate,Present,07-12-2026,14-07-2026,Prototype compliance record
CMP-02291,MPL-0459,Sanction Order,Present,29-04-2027,03-09-2026,Prototype compliance record
CMP-02292,MPL-0459,Progress Update,Present,29-04-2027,14-09-2026,Prototype compliance record
CMP-02293,MPL-0459,Inspection Report,Present,29-04-2027,07-06-2026,Prototype compliance record
CMP-02294,MPL-0459,Payment Support,Present,29-04-2027,20-06-2026,Prototype compliance record
CMP-02295,MPL-0459,Completion Certificate,Missing,29-04-2027,,Prototype compliance record
CMP-02296,MPL-0460,Sanction Order,Present,21-04-2027,15-09-2026,Prototype compliance record
CMP-02297,MPL-0460,Progress Update,Missing,21-04-2027,,Prototype compliance record
CMP-02298,MPL-0460,Inspection Report,Present,21-04-2027,18-10-2026,Prototype compliance record
CMP-02299,MPL-0460,Payment Support,Present,21-04-2027,21-12-2026,Prototype compliance record
CMP-02300,MPL-0460,Completion Certificate,Present,21-04-2027,09-01-2027,Prototype compliance record
CMP-02301,MPL-0461,Sanction Order,Present,14-12-2026,21-02-2027,Prototype compliance record
CMP-02302,MPL-0461,Progress Update,Present,14-12-2026,02-03-2027,Prototype compliance record
CMP-02303,MPL-0461,Inspection Report,Present,14-12-2026,29-11-2026,Prototype compliance record
CMP-02304,MPL-0461,Payment Support,Present,14-12-2026,19-12-2026,Prototype compliance record
CMP-02305,MPL-0461,Completion Certificate,Present,14-12-2026,21-08-2026,Prototype compliance record
CMP-02306,MPL-0462,Sanction Order,Present,08-11-2026,24-10-2026,Prototype compliance record
CMP-02307,MPL-0462,Progress Update,Present,08-11-2026,10-12-2026,Prototype compliance record
CMP-02308,MPL-0462,Inspection Report,Present,08-11-2026,13-02-2027,Prototype compliance record
CMP-02309,MPL-0462,Payment Support,Present,08-11-2026,16-12-2026,Prototype compliance record
CMP-02310,MPL-0462,Completion Certificate,Present,08-11-2026,12-02-2027,Prototype compliance record
CMP-02311,MPL-0463,Sanction Order,Present,17-12-2026,06-09-2026,Prototype compliance record
CMP-02312,MPL-0463,Progress Update,Present,17-12-2026,12-07-2026,Prototype compliance record
CMP-02313,MPL-0463,Inspection Report,Present,17-12-2026,25-06-2026,Prototype compliance record
CMP-02314,MPL-0463,Payment Support,Present,17-12-2026,07-04-2026,Prototype compliance record
CMP-02315,MPL-0463,Completion Certificate,Present,17-12-2026,10-10-2026,Prototype compliance record
CMP-02316,MPL-0464,Sanction Order,Present,06-08-2026,03-09-2026,Prototype compliance record
CMP-02317,MPL-0464,Progress Update,Present,06-08-2026,22-10-2026,Prototype compliance record
CMP-02318,MPL-0464,Inspection Report,Present,06-08-2026,18-06-2026,Prototype compliance record
CMP-02319,MPL-0464,Payment Support,Present,06-08-2026,02-07-2026,Prototype compliance record
CMP-02320,MPL-0464,Completion Certificate,Present,06-08-2026,29-05-2026,Prototype compliance record
CMP-02321,MPL-0465,Sanction Order,Present,13-03-2027,07-11-2026,Prototype compliance record
CMP-02322,MPL-0465,Progress Update,Present,13-03-2027,16-12-2026,Prototype compliance record
CMP-02323,MPL-0465,Inspection Report,Present,13-03-2027,10-12-2026,Prototype compliance record
CMP-02324,MPL-0465,Payment Support,Present,13-03-2027,29-08-2026,Prototype compliance record
CMP-02325,MPL-0465,Completion Certificate,Present,13-03-2027,27-11-2026,Prototype compliance record
CMP-02326,MPL-0466,Sanction Order,Present,01-03-2027,05-01-2027,Prototype compliance record
CMP-02327,MPL-0466,Progress Update,Present,01-03-2027,02-07-2026,Prototype compliance record
CMP-02328,MPL-0466,Inspection Report,Missing,01-03-2027,,Prototype compliance record
CMP-02329,MPL-0466,Payment Support,Present,01-03-2027,06-12-2026,Prototype compliance record
CMP-02330,MPL-0466,Completion Certificate,Present,01-03-2027,08-01-2027,Prototype compliance record
CMP-02331,MPL-0467,Sanction Order,Present,29-12-2026,10-12-2026,Prototype compliance record
CMP-02332,MPL-0467,Progress Update,Present,29-12-2026,20-08-2026,Prototype compliance record
CMP-02333,MPL-0467,Inspection Report,Present,29-12-2026,20-10-2026,Prototype compliance record
CMP-02334,MPL-0467,Payment Support,Present,29-12-2026,14-07-2026,Prototype compliance record
CMP-02335,MPL-0467,Completion Certificate,Present,29-12-2026,31-07-2026,Prototype compliance record
CMP-02336,MPL-0468,Sanction Order,Present,27-02-2027,10-01-2027,Prototype compliance record
CMP-02337,MPL-0468,Progress Update,Present,27-02-2027,23-11-2026,Prototype compliance record
CMP-02338,MPL-0468,Inspection Report,Present,27-02-2027,20-06-2026,Prototype compliance record
CMP-02339,MPL-0468,Payment Support,Present,27-02-2027,07-11-2026,Prototype compliance record
CMP-02340,MPL-0468,Completion Certificate,Present,27-02-2027,04-07-2026,Prototype compliance record
CMP-02341,MPL-0469,Sanction Order,Present,20-12-2026,06-08-2026,Prototype compliance record
CMP-02342,MPL-0469,Progress Update,Present,20-12-2026,05-12-2026,Prototype compliance record
CMP-02343,MPL-0469,Inspection Report,Present,20-12-2026,13-10-2026,Prototype compliance record
CMP-02344,MPL-0469,Payment Support,Present,20-12-2026,25-07-2026,Prototype compliance record
CMP-02345,MPL-0469,Completion Certificate,Present,20-12-2026,29-10-2026,Prototype compliance record
CMP-02346,MPL-0470,Sanction Order,Present,03-11-2026,01-09-2026,Prototype compliance record
CMP-02347,MPL-0470,Progress Update,Present,03-11-2026,18-01-2027,Prototype compliance record
CMP-02348,MPL-0470,Inspection Report,Present,03-11-2026,29-01-2027,Prototype compliance record
CMP-02349,MPL-0470,Payment Support,Present,03-11-2026,01-11-2026,Prototype compliance record
CMP-02350,MPL-0470,Completion Certificate,Present,03-11-2026,16-11-2026,Prototype compliance record
CMP-02351,MPL-0471,Sanction Order,Present,28-01-2027,22-07-2026,Prototype compliance record
CMP-02352,MPL-0471,Progress Update,Present,28-01-2027,03-08-2026,Prototype compliance record
CMP-02353,MPL-0471,Inspection Report,Present,28-01-2027,28-09-2026,Prototype compliance record
CMP-02354,MPL-0471,Payment Support,Present,28-01-2027,15-01-2027,Prototype compliance record
CMP-02355,MPL-0471,Completion Certificate,Present,28-01-2027,08-08-2026,Prototype compliance record
CMP-02356,MPL-0472,Sanction Order,Present,10-10-2026,05-02-2026,Prototype compliance record
CMP-02357,MPL-0472,Progress Update,Present,10-10-2026,28-07-2026,Prototype compliance record
CMP-02358,MPL-0472,Inspection Report,Missing,10-10-2026,,Prototype compliance record
CMP-02359,MPL-0472,Payment Support,Present,10-10-2026,23-03-2026,Prototype compliance record
CMP-02360,MPL-0472,Completion Certificate,Present,10-10-2026,28-07-2026,Prototype compliance record
CMP-02361,MPL-0473,Sanction Order,Present,01-03-2027,27-05-2026,Prototype compliance record
CMP-02362,MPL-0473,Progress Update,Present,01-03-2027,17-12-2026,Prototype compliance record
CMP-02363,MPL-0473,Inspection Report,Present,01-03-2027,21-08-2026,Prototype compliance record
CMP-02364,MPL-0473,Payment Support,Present,01-03-2027,31-12-2026,Prototype compliance record
CMP-02365,MPL-0473,Completion Certificate,Present,01-03-2027,10-10-2026,Prototype compliance record
CMP-02366,MPL-0474,Sanction Order,Present,04-04-2027,29-07-2026,Prototype compliance record
CMP-02367,MPL-0474,Progress Update,Missing,04-04-2027,,Prototype compliance record
CMP-02368,MPL-0474,Inspection Report,Present,04-04-2027,05-12-2026,Prototype compliance record
CMP-02369,MPL-0474,Payment Support,Present,04-04-2027,26-10-2026,Prototype compliance record
CMP-02370,MPL-0474,Completion Certificate,Present,04-04-2027,01-09-2026,Prototype compliance record
CMP-02371,MPL-0475,Sanction Order,Present,13-01-2027,26-08-2026,Prototype compliance record
CMP-02372,MPL-0475,Progress Update,Present,13-01-2027,06-10-2026,Prototype compliance record
CMP-02373,MPL-0475,Inspection Report,Present,13-01-2027,01-01-2027,Prototype compliance record
CMP-02374,MPL-0475,Payment Support,Present,13-01-2027,04-12-2026,Prototype compliance record
CMP-02375,MPL-0475,Completion Certificate,Present,13-01-2027,16-11-2026,Prototype compliance record
CMP-02376,MPL-0476,Sanction Order,Missing,18-06-2027,,Prototype compliance record
CMP-02377,MPL-0476,Progress Update,Missing,18-06-2027,,Prototype compliance record
CMP-02378,MPL-0476,Inspection Report,Present,18-06-2027,16-11-2026,Prototype compliance record
CMP-02379,MPL-0476,Payment Support,Present,18-06-2027,20-01-2027,Prototype compliance record
CMP-02380,MPL-0476,Completion Certificate,Present,18-06-2027,16-01-2027,Prototype compliance record
CMP-02381,MPL-0477,Sanction Order,Present,06-11-2026,02-07-2026,Prototype compliance record
CMP-02382,MPL-0477,Progress Update,Present,06-11-2026,28-09-2026,Prototype compliance record
CMP-02383,MPL-0477,Inspection Report,Present,06-11-2026,02-04-2026,Prototype compliance record
CMP-02384,MPL-0477,Payment Support,Present,06-11-2026,04-08-2026,Prototype compliance record
CMP-02385,MPL-0477,Completion Certificate,Missing,06-11-2026,,Prototype compliance record
CMP-02386,MPL-0478,Sanction Order,Present,05-02-2027,25-10-2026,Prototype compliance record
CMP-02387,MPL-0478,Progress Update,Present,05-02-2027,22-11-2026,Prototype compliance record
CMP-02388,MPL-0478,Inspection Report,Present,05-02-2027,12-09-2026,Prototype compliance record
CMP-02389,MPL-0478,Payment Support,Present,05-02-2027,08-06-2026,Prototype compliance record
CMP-02390,MPL-0478,Completion Certificate,Present,05-02-2027,22-12-2026,Prototype compliance record
CMP-02391,MPL-0479,Sanction Order,Present,04-04-2027,08-10-2026,Prototype compliance record
CMP-02392,MPL-0479,Progress Update,Present,04-04-2027,29-08-2026,Prototype compliance record
CMP-02393,MPL-0479,Inspection Report,Present,04-04-2027,15-10-2026,Prototype compliance record
CMP-02394,MPL-0479,Payment Support,Present,04-04-2027,10-11-2026,Prototype compliance record
CMP-02395,MPL-0479,Completion Certificate,Present,04-04-2027,14-09-2026,Prototype compliance record
CMP-02396,MPL-0480,Sanction Order,Present,30-10-2026,30-07-2026,Prototype compliance record
CMP-02397,MPL-0480,Progress Update,Present,30-10-2026,28-08-2026,Prototype compliance record
CMP-02398,MPL-0480,Inspection Report,Present,30-10-2026,14-05-2026,Prototype compliance record
CMP-02399,MPL-0480,Payment Support,Present,30-10-2026,29-06-2026,Prototype compliance record
CMP-02400,MPL-0480,Completion Certificate,Present,30-10-2026,17-05-2026,Prototype compliance record
CMP-02401,MPL-0481,Sanction Order,Present,02-11-2026,18-04-2026,Prototype compliance record
CMP-02402,MPL-0481,Progress Update,Present,02-11-2026,29-12-2026,Prototype compliance record
CMP-02403,MPL-0481,Inspection Report,Present,02-11-2026,16-11-2026,Prototype compliance record
CMP-02404,MPL-0481,Payment Support,Present,02-11-2026,11-04-2026,Prototype compliance record
CMP-02405,MPL-0481,Completion Certificate,Present,02-11-2026,04-05-2026,Prototype compliance record
CMP-02406,MPL-0482,Sanction Order,Present,03-01-2027,22-06-2026,Prototype compliance record
CMP-02407,MPL-0482,Progress Update,Present,03-01-2027,01-10-2026,Prototype compliance record
CMP-02408,MPL-0482,Inspection Report,Present,03-01-2027,23-06-2026,Prototype compliance record
CMP-02409,MPL-0482,Payment Support,Present,03-01-2027,14-08-2026,Prototype compliance record
CMP-02410,MPL-0482,Completion Certificate,Present,03-01-2027,04-10-2026,Prototype compliance record
CMP-02411,MPL-0483,Sanction Order,Present,04-11-2026,15-06-2026,Prototype compliance record
CMP-02412,MPL-0483,Progress Update,Present,04-11-2026,01-06-2026,Prototype compliance record
CMP-02413,MPL-0483,Inspection Report,Present,04-11-2026,28-07-2026,Prototype compliance record
CMP-02414,MPL-0483,Payment Support,Present,04-11-2026,19-07-2026,Prototype compliance record
CMP-02415,MPL-0483,Completion Certificate,Present,04-11-2026,16-12-2026,Prototype compliance record
CMP-02416,MPL-0484,Sanction Order,Present,30-11-2026,11-07-2026,Prototype compliance record
CMP-02417,MPL-0484,Progress Update,Present,30-11-2026,08-09-2026,Prototype compliance record
CMP-02418,MPL-0484,Inspection Report,Present,30-11-2026,15-09-2026,Prototype compliance record
CMP-02419,MPL-0484,Payment Support,Present,30-11-2026,09-06-2026,Prototype compliance record
CMP-02420,MPL-0484,Completion Certificate,Present,30-11-2026,13-11-2026,Prototype compliance record
CMP-02421,MPL-0485,Sanction Order,Present,05-01-2027,14-04-2026,Prototype compliance record
CMP-02422,MPL-0485,Progress Update,Present,05-01-2027,15-05-2026,Prototype compliance record
CMP-02423,MPL-0485,Inspection Report,Present,05-01-2027,04-09-2026,Prototype compliance record
CMP-02424,MPL-0485,Payment Support,Present,05-01-2027,01-07-2026,Prototype compliance record
CMP-02425,MPL-0485,Completion Certificate,Present,05-01-2027,02-09-2026,Prototype compliance record
CMP-02426,MPL-0486,Sanction Order,Present,16-09-2026,09-05-2026,Prototype compliance record
CMP-02427,MPL-0486,Progress Update,Present,16-09-2026,25-06-2026,Prototype compliance record
CMP-02428,MPL-0486,Inspection Report,Present,16-09-2026,04-07-2026,Prototype compliance record
CMP-02429,MPL-0486,Payment Support,Present,16-09-2026,28-08-2026,Prototype compliance record
CMP-02430,MPL-0486,Completion Certificate,Present,16-09-2026,08-10-2026,Prototype compliance record
CMP-02431,MPL-0487,Sanction Order,Present,09-03-2027,09-08-2026,Prototype compliance record
CMP-02432,MPL-0487,Progress Update,Present,09-03-2027,08-06-2026,Prototype compliance record
CMP-02433,MPL-0487,Inspection Report,Present,09-03-2027,23-10-2026,Prototype compliance record
CMP-02434,MPL-0487,Payment Support,Present,09-03-2027,19-05-2026,Prototype compliance record
CMP-02435,MPL-0487,Completion Certificate,Present,09-03-2027,16-09-2026,Prototype compliance record
CMP-02436,MPL-0488,Sanction Order,Present,08-06-2027,06-09-2026,Prototype compliance record
CMP-02437,MPL-0488,Progress Update,Present,08-06-2027,05-11-2026,Prototype compliance record
CMP-02438,MPL-0488,Inspection Report,Present,08-06-2027,29-11-2026,Prototype compliance record
CMP-02439,MPL-0488,Payment Support,Present,08-06-2027,31-01-2027,Prototype compliance record
CMP-02440,MPL-0488,Completion Certificate,Present,08-06-2027,06-09-2026,Prototype compliance record
CMP-02441,MPL-0489,Sanction Order,Present,23-12-2026,24-09-2026,Prototype compliance record
CMP-02442,MPL-0489,Progress Update,Present,23-12-2026,10-03-2027,Prototype compliance record
CMP-02443,MPL-0489,Inspection Report,Present,23-12-2026,29-08-2026,Prototype compliance record
CMP-02444,MPL-0489,Payment Support,Present,23-12-2026,30-01-2027,Prototype compliance record
CMP-02445,MPL-0489,Completion Certificate,Present,23-12-2026,02-09-2026,Prototype compliance record
CMP-02446,MPL-0490,Sanction Order,Present,26-11-2026,01-02-2027,Prototype compliance record
CMP-02447,MPL-0490,Progress Update,Present,26-11-2026,23-12-2026,Prototype compliance record
CMP-02448,MPL-0490,Inspection Report,Present,26-11-2026,27-11-2026,Prototype compliance record
CMP-02449,MPL-0490,Payment Support,Present,26-11-2026,24-01-2027,Prototype compliance record
CMP-02450,MPL-0490,Completion Certificate,Present,26-11-2026,28-08-2026,Prototype compliance record
CMP-02451,MPL-0491,Sanction Order,Present,01-11-2026,17-10-2026,Prototype compliance record
CMP-02452,MPL-0491,Progress Update,Present,01-11-2026,24-04-2026,Prototype compliance record
CMP-02453,MPL-0491,Inspection Report,Present,01-11-2026,25-11-2026,Prototype compliance record
CMP-02454,MPL-0491,Payment Support,Present,01-11-2026,31-05-2026,Prototype compliance record
CMP-02455,MPL-0491,Completion Certificate,Present,01-11-2026,17-07-2026,Prototype compliance record
CMP-02456,MPL-0492,Sanction Order,Present,16-12-2026,10-08-2026,Prototype compliance record
CMP-02457,MPL-0492,Progress Update,Present,16-12-2026,14-02-2027,Prototype compliance record
CMP-02458,MPL-0492,Inspection Report,Present,16-12-2026,23-02-2027,Prototype compliance record
CMP-02459,MPL-0492,Payment Support,Present,16-12-2026,07-03-2027,Prototype compliance record
CMP-02460,MPL-0492,Completion Certificate,Present,16-12-2026,16-07-2026,Prototype compliance record
CMP-02461,MPL-0493,Sanction Order,Present,22-12-2026,19-11-2026,Prototype compliance record
CMP-02462,MPL-0493,Progress Update,Present,22-12-2026,05-11-2026,Prototype compliance record
CMP-02463,MPL-0493,Inspection Report,Missing,22-12-2026,,Prototype compliance record
CMP-02464,MPL-0493,Payment Support,Present,22-12-2026,25-08-2026,Prototype compliance record
CMP-02465,MPL-0493,Completion Certificate,Present,22-12-2026,11-04-2026,Prototype compliance record
CMP-02466,MPL-0494,Sanction Order,Present,05-11-2026,07-06-2026,Prototype compliance record
CMP-02467,MPL-0494,Progress Update,Missing,05-11-2026,,Prototype compliance record
CMP-02468,MPL-0494,Inspection Report,Present,05-11-2026,25-03-2026,Prototype compliance record
CMP-02469,MPL-0494,Payment Support,Missing,05-11-2026,,Prototype compliance record
CMP-02470,MPL-0494,Completion Certificate,Present,05-11-2026,02-03-2026,Prototype compliance record
CMP-02471,MPL-0495,Sanction Order,Present,16-01-2027,16-12-2026,Prototype compliance record
CMP-02472,MPL-0495,Progress Update,Present,16-01-2027,27-02-2027,Prototype compliance record
CMP-02473,MPL-0495,Inspection Report,Present,16-01-2027,14-02-2027,Prototype compliance record
CMP-02474,MPL-0495,Payment Support,Present,16-01-2027,23-06-2026,Prototype compliance record
CMP-02475,MPL-0495,Completion Certificate,Present,16-01-2027,11-11-2026,Prototype compliance record
CMP-02476,MPL-0496,Sanction Order,Present,10-01-2027,25-05-2026,Prototype compliance record
CMP-02477,MPL-0496,Progress Update,Present,10-01-2027,05-10-2026,Prototype compliance record
CMP-02478,MPL-0496,Inspection Report,Present,10-01-2027,14-12-2026,Prototype compliance record
CMP-02479,MPL-0496,Payment Support,Present,10-01-2027,21-05-2026,Prototype compliance record
CMP-02480,MPL-0496,Completion Certificate,Present,10-01-2027,21-05-2026,Prototype compliance record
CMP-02481,MPL-0497,Sanction Order,Present,10-11-2026,10-10-2026,Prototype compliance record
CMP-02482,MPL-0497,Progress Update,Present,10-11-2026,17-02-2027,Prototype compliance record
CMP-02483,MPL-0497,Inspection Report,Present,10-11-2026,26-11-2026,Prototype compliance record
CMP-02484,MPL-0497,Payment Support,Present,10-11-2026,09-09-2026,Prototype compliance record
CMP-02485,MPL-0497,Completion Certificate,Present,10-11-2026,30-01-2027,Prototype compliance record
CMP-02486,MPL-0498,Sanction Order,Present,30-09-2026,20-07-2026,Prototype compliance record
CMP-02487,MPL-0498,Progress Update,Missing,30-09-2026,,Prototype compliance record
CMP-02488,MPL-0498,Inspection Report,Present,30-09-2026,07-08-2026,Prototype compliance record
CMP-02489,MPL-0498,Payment Support,Present,30-09-2026,07-07-2026,Prototype compliance record
CMP-02490,MPL-0498,Completion Certificate,Missing,30-09-2026,,Prototype compliance record
CMP-02491,MPL-0499,Sanction Order,Present,10-04-2027,19-07-2026,Prototype compliance record
CMP-02492,MPL-0499,Progress Update,Present,10-04-2027,19-10-2026,Prototype compliance record
CMP-02493,MPL-0499,Inspection Report,Present,10-04-2027,19-07-2026,Prototype compliance record
CMP-02494,MPL-0499,Payment Support,Present,10-04-2027,18-08-2026,Prototype compliance record
CMP-02495,MPL-0499,Completion Certificate,Present,10-04-2027,18-07-2026,Prototype compliance record
CMP-02496,MPL-0500,Sanction Order,Present,14-04-2027,28-08-2026,Prototype compliance record
CMP-02497,MPL-0500,Progress Update,Present,14-04-2027,01-10-2026,Prototype compliance record
CMP-02498,MPL-0500,Inspection Report,Present,14-04-2027,11-09-2026,Prototype compliance record
CMP-02499,MPL-0500,Payment Support,Present,14-04-2027,12-07-2026,Prototype compliance record
CMP-02500,MPL-0500,Completion Certificate,Present,14-04-2027,18-12-2026,Prototype compliance record
