evidence_id,project_id,evidence_type,upload_date,file_reference,stage
EVD-00001,MPL-0001,Progress Photo,04-04-2026,demo/evidence/MPL-0001_Progress_Photo.pdf,Completion
EVD-00002,MPL-0001,Completion Certificate,27-05-2026,demo/evidence/MPL-0001_Completion_Certificate.pdf,Payment
EVD-00003,MPL-0002,Sanction Document,15-03-2026,demo/evidence/MPL-0002_Sanction_Document.pdf,Payment
EVD-00004,MPL-0002,Completion Certificate,14-12-2026,demo/evidence/MPL-0002_Completion_Certificate.pdf,Execution
EVD-00005,MPL-0002,Payment Document,03-10-2026,demo/evidence/MPL-0002_Payment_Document.pdf,Completion
EVD-00006,MPL-0002,Progress Photo,16-08-2026,demo/evidence/MPL-0002_Progress_Photo.pdf,Execution
EVD-00007,MPL-0003,Sanction Document,20-11-2026,demo/evidence/MPL-0003_Sanction_Document.pdf,Payment
EVD-00008,MPL-0004,Sanction Document,05-12-2026,demo/evidence/MPL-0004_Sanction_Document.pdf,Execution
EVD-00009,MPL-0005,Progress Photo,03-08-2026,demo/evidence/MPL-0005_Progress_Photo.pdf,Sanction
EVD-00010,MPL-0006,Completion Certificate,12-12-2026,demo/evidence/MPL-0006_Completion_Certificate.pdf,Payment
EVD-00011,MPL-0006,Sanction Document,29-04-2026,demo/evidence/MPL-0006_Sanction_Document.pdf,Execution
EVD-00012,MPL-0006,Inspection Report,22-12-2026,demo/evidence/MPL-0006_Inspection_Report.pdf,Payment
EVD-00013,MPL-0006,Progress Photo,31-08-2026,demo/evidence/MPL-0006_Progress_Photo.pdf,Execution
EVD-00014,MPL-0007,Completion Certificate,02-07-2026,demo/evidence/MPL-0007_Completion_Certificate.pdf,Payment
EVD-00015,MPL-0008,Inspection Report,26-02-2026,demo/evidence/MPL-0008_Inspection_Report.pdf,Execution
EVD-00016,MPL-0008,Progress Photo,14-12-2026,demo/evidence/MPL-0008_Progress_Photo.pdf,Payment
EVD-00017,MPL-0008,Payment Document,02-05-2026,demo/evidence/MPL-0008_Payment_Document.pdf,Completion
EVD-00018,MPL-0009,Progress Photo,14-06-2026,demo/evidence/MPL-0009_Progress_Photo.pdf,Completion
EVD-00019,MPL-0010,Sanction Document,22-06-2026,demo/evidence/MPL-0010_Sanction_Document.pdf,Execution
EVD-00020,MPL-0011,Payment Document,01-12-2026,demo/evidence/MPL-0011_Payment_Document.pdf,Payment
EVD-00021,MPL-0011,Completion Certificate,22-07-2026,demo/evidence/MPL-0011_Completion_Certificate.pdf,Execution
EVD-00022,MPL-0011,Inspection Report,30-05-2026,demo/evidence/MPL-0011_Inspection_Report.pdf,Payment
EVD-00023,MPL-0011,Sanction Document,24-06-2026,demo/evidence/MPL-0011_Sanction_Document.pdf,Execution
EVD-00024,MPL-0012,Sanction Document,24-10-2026,demo/evidence/MPL-0012_Sanction_Document.pdf,Sanction
EVD-00025,MPL-0013,Progress Photo,19-01-2027,demo/evidence/MPL-0013_Progress_Photo.pdf,Execution
EVD-00026,MPL-0013,Payment Document,28-02-2027,demo/evidence/MPL-0013_Payment_Document.pdf,Completion
EVD-00027,MPL-0013,Inspection Report,08-10-2026,demo/evidence/MPL-0013_Inspection_Report.pdf,Sanction
EVD-00028,MPL-0013,Completion Certificate,12-08-2026,demo/evidence/MPL-0013_Completion_Certificate.pdf,Sanction
EVD-00029,MPL-0014,Progress Photo,09-10-2026,demo/evidence/MPL-0014_Progress_Photo.pdf,Execution
EVD-00030,MPL-0014,Inspection Report,17-05-2026,demo/evidence/MPL-0014_Inspection_Report.pdf,Execution
EVD-00031,MPL-0014,Sanction Document,03-08-2026,demo/evidence/MPL-0014_Sanction_Document.pdf,Sanction
EVD-00032,MPL-0014,Completion Certificate,03-09-2026,demo/evidence/MPL-0014_Completion_Certificate.pdf,Payment
EVD-00033,MPL-0015,Sanction Document,13-08-2026,demo/evidence/MPL-0015_Sanction_Document.pdf,Sanction
EVD-00034,MPL-0015,Progress Photo,25-07-2026,demo/evidence/MPL-0015_Progress_Photo.pdf,Sanction
EVD-00035,MPL-0015,Inspection Report,22-05-2026,demo/evidence/MPL-0015_Inspection_Report.pdf,Sanction
EVD-00036,MPL-0016,Inspection Report,06-09-2026,demo/evidence/MPL-0016_Inspection_Report.pdf,Payment
EVD-00037,MPL-0016,Completion Certificate,22-08-2026,demo/evidence/MPL-0016_Completion_Certificate.pdf,Payment
EVD-00038,MPL-0016,Payment Document,20-02-2026,demo/evidence/MPL-0016_Payment_Document.pdf,Payment
EVD-00039,MPL-0017,Completion Certificate,23-08-2026,demo/evidence/MPL-0017_Completion_Certificate.pdf,Execution
EVD-00040,MPL-0017,Payment Document,24-05-2026,demo/evidence/MPL-0017_Payment_Document.pdf,Payment
EVD-00041,MPL-0017,Sanction Document,20-09-2026,demo/evidence/MPL-0017_Sanction_Document.pdf,Sanction
EVD-00042,MPL-0017,Inspection Report,29-03-2026,demo/evidence/MPL-0017_Inspection_Report.pdf,Payment
EVD-00043,MPL-0018,Inspection Report,09-11-2026,demo/evidence/MPL-0018_Inspection_Report.pdf,Sanction
EVD-00044,MPL-0018,Progress Photo,30-03-2026,demo/evidence/MPL-0018_Progress_Photo.pdf,Sanction
EVD-00045,MPL-0018,Completion Certificate,17-02-2026,demo/evidence/MPL-0018_Completion_Certificate.pdf,Execution
EVD-00046,MPL-0018,Payment Document,11-02-2026,demo/evidence/MPL-0018_Payment_Document.pdf,Completion
EVD-00047,MPL-0019,Progress Photo,04-01-2027,demo/evidence/MPL-0019_Progress_Photo.pdf,Payment
EVD-00048,MPL-0019,Inspection Report,30-07-2026,demo/evidence/MPL-0019_Inspection_Report.pdf,Completion
EVD-00049,MPL-0020,Inspection Report,20-12-2026,demo/evidence/MPL-0020_Inspection_Report.pdf,Sanction
EVD-00050,MPL-0020,Progress Photo,06-12-2026,demo/evidence/MPL-0020_Progress_Photo.pdf,Sanction
EVD-00051,MPL-0021,Inspection Report,12-03-2027,demo/evidence/MPL-0021_Inspection_Report.pdf,Sanction
EVD-00052,MPL-0021,Progress Photo,07-07-2026,demo/evidence/MPL-0021_Progress_Photo.pdf,Payment
EVD-00053,MPL-0021,Completion Certificate,13-06-2026,demo/evidence/MPL-0021_Completion_Certificate.pdf,Completion
EVD-00054,MPL-0022,Sanction Document,08-12-2026,demo/evidence/MPL-0022_Sanction_Document.pdf,Sanction
EVD-00055,MPL-0023,Inspection Report,03-03-2027,demo/evidence/MPL-0023_Inspection_Report.pdf,Execution
EVD-00056,MPL-0023,Progress Photo,27-12-2026,demo/evidence/MPL-0023_Progress_Photo.pdf,Sanction
EVD-00057,MPL-0023,Completion Certificate,03-08-2026,demo/evidence/MPL-0023_Completion_Certificate.pdf,Payment
EVD-00058,MPL-0023,Payment Document,10-01-2027,demo/evidence/MPL-0023_Payment_Document.pdf,Payment
EVD-00059,MPL-0024,Payment Document,03-08-2026,demo/evidence/MPL-0024_Payment_Document.pdf,Execution
EVD-00060,MPL-0024,Sanction Document,18-06-2026,demo/evidence/MPL-0024_Sanction_Document.pdf,Sanction
EVD-00061,MPL-0024,Inspection Report,22-03-2027,demo/evidence/MPL-0024_Inspection_Report.pdf,Completion
EVD-00062,MPL-0024,Progress Photo,07-09-2026,demo/evidence/MPL-0024_Progress_Photo.pdf,Payment
EVD-00063,MPL-0025,Inspection Report,11-02-2027,demo/evidence/MPL-0025_Inspection_Report.pdf,Payment
EVD-00064,MPL-0025,Completion Certificate,18-03-2027,demo/evidence/MPL-0025_Completion_Certificate.pdf,Sanction
EVD-00065,MPL-0025,Payment Document,19-10-2026,demo/evidence/MPL-0025_Payment_Document.pdf,Sanction
EVD-00066,MPL-0026,Payment Document,15-05-2026,demo/evidence/MPL-0026_Payment_Document.pdf,Execution
EVD-00067,MPL-0027,Sanction Document,29-11-2026,demo/evidence/MPL-0027_Sanction_Document.pdf,Completion
EVD-00068,MPL-0027,Inspection Report,27-07-2026,demo/evidence/MPL-0027_Inspection_Report.pdf,Sanction
EVD-00069,MPL-0027,Completion Certificate,08-11-2026,demo/evidence/MPL-0027_Completion_Certificate.pdf,Sanction
EVD-00070,MPL-0027,Payment Document,04-02-2027,demo/evidence/MPL-0027_Payment_Document.pdf,Execution
EVD-00071,MPL-0028,Inspection Report,05-06-2026,demo/evidence/MPL-0028_Inspection_Report.pdf,Sanction
EVD-00072,MPL-0028,Progress Photo,03-10-2026,demo/evidence/MPL-0028_Progress_Photo.pdf,Completion
EVD-00073,MPL-0029,Inspection Report,31-03-2027,demo/evidence/MPL-0029_Inspection_Report.pdf,Sanction
EVD-00074,MPL-0029,Progress Photo,07-07-2026,demo/evidence/MPL-0029_Progress_Photo.pdf,Sanction
EVD-00075,MPL-0029,Sanction Document,28-06-2026,demo/evidence/MPL-0029_Sanction_Document.pdf,Completion
EVD-00076,MPL-0029,Payment Document,31-03-2027,demo/evidence/MPL-0029_Payment_Document.pdf,Completion
EVD-00077,MPL-0030,Progress Photo,31-10-2026,demo/evidence/MPL-0030_Progress_Photo.pdf,Execution
EVD-00078,MPL-0030,Payment Document,24-03-2027,demo/evidence/MPL-0030_Payment_Document.pdf,Sanction
EVD-00079,MPL-0030,Completion Certificate,03-04-2027,demo/evidence/MPL-0030_Completion_Certificate.pdf,Payment
EVD-00080,MPL-0030,Inspection Report,08-04-2027,demo/evidence/MPL-0030_Inspection_Report.pdf,Sanction
EVD-00081,MPL-0031,Sanction Document,05-05-2026,demo/evidence/MPL-0031_Sanction_Document.pdf,Sanction
EVD-00082,MPL-0031,Progress Photo,16-06-2026,demo/evidence/MPL-0031_Progress_Photo.pdf,Sanction
EVD-00083,MPL-0031,Completion Certificate,04-12-2026,demo/evidence/MPL-0031_Completion_Certificate.pdf,Payment
EVD-00084,MPL-0032,Inspection Report,16-04-2026,demo/evidence/MPL-0032_Inspection_Report.pdf,Execution
EVD-00085,MPL-0032,Completion Certificate,06-11-2026,demo/evidence/MPL-0032_Completion_Certificate.pdf,Completion
EVD-00086,MPL-0032,Payment Document,14-05-2026,demo/evidence/MPL-0032_Payment_Document.pdf,Completion
EVD-00087,MPL-0032,Progress Photo,25-09-2026,demo/evidence/MPL-0032_Progress_Photo.pdf,Payment
EVD-00088,MPL-0033,Inspection Report,10-09-2026,demo/evidence/MPL-0033_Inspection_Report.pdf,Sanction
EVD-00089,MPL-0034,Sanction Document,03-12-2026,demo/evidence/MPL-0034_Sanction_Document.pdf,Sanction
EVD-00090,MPL-0034,Inspection Report,15-03-2027,demo/evidence/MPL-0034_Inspection_Report.pdf,Completion
EVD-00091,MPL-0035,Sanction Document,08-08-2026,demo/evidence/MPL-0035_Sanction_Document.pdf,Completion
EVD-00092,MPL-0035,Completion Certificate,28-05-2026,demo/evidence/MPL-0035_Completion_Certificate.pdf,Execution
EVD-00093,MPL-0035,Progress Photo,14-11-2026,demo/evidence/MPL-0035_Progress_Photo.pdf,Payment
EVD-00094,MPL-0036,Completion Certificate,02-11-2026,demo/evidence/MPL-0036_Completion_Certificate.pdf,Sanction
EVD-00095,MPL-0037,Payment Document,10-06-2026,demo/evidence/MPL-0037_Payment_Document.pdf,Completion
EVD-00096,MPL-0038,Progress Photo,25-01-2027,demo/evidence/MPL-0038_Progress_Photo.pdf,Sanction
EVD-00097,MPL-0038,Sanction Document,18-02-2027,demo/evidence/MPL-0038_Sanction_Document.pdf,Completion
EVD-00098,MPL-0039,Progress Photo,23-10-2026,demo/evidence/MPL-0039_Progress_Photo.pdf,Sanction
EVD-00099,MPL-0039,Completion Certificate,16-06-2026,demo/evidence/MPL-0039_Completion_Certificate.pdf,Sanction
EVD-00100,MPL-0040,Progress Photo,17-12-2026,demo/evidence/MPL-0040_Progress_Photo.pdf,Completion
EVD-00101,MPL-0040,Completion Certificate,25-08-2026,demo/evidence/MPL-0040_Completion_Certificate.pdf,Sanction
EVD-00102,MPL-0040,Inspection Report,23-07-2026,demo/evidence/MPL-0040_Inspection_Report.pdf,Completion
EVD-00103,MPL-0041,Completion Certificate,02-12-2026,demo/evidence/MPL-0041_Completion_Certificate.pdf,Payment
EVD-00104,MPL-0042,Progress Photo,31-03-2027,demo/evidence/MPL-0042_Progress_Photo.pdf,Completion
EVD-00105,MPL-0043,Payment Document,24-05-2026,demo/evidence/MPL-0043_Payment_Document.pdf,Completion
EVD-00106,MPL-0043,Sanction Document,22-09-2026,demo/evidence/MPL-0043_Sanction_Document.pdf,Execution
EVD-00107,MPL-0043,Progress Photo,10-01-2027,demo/evidence/MPL-0043_Progress_Photo.pdf,Completion
EVD-00108,MPL-0044,Inspection Report,11-08-2026,demo/evidence/MPL-0044_Inspection_Report.pdf,Sanction
EVD-00109,MPL-0044,Progress Photo,28-05-2026,demo/evidence/MPL-0044_Progress_Photo.pdf,Payment
EVD-00110,MPL-0044,Payment Document,15-02-2027,demo/evidence/MPL-0044_Payment_Document.pdf,Sanction
EVD-00111,MPL-0045,Inspection Report,12-09-2026,demo/evidence/MPL-0045_Inspection_Report.pdf,Execution
EVD-00112,MPL-0045,Payment Document,23-12-2026,demo/evidence/MPL-0045_Payment_Document.pdf,Sanction
EVD-00113,MPL-0045,Sanction Document,12-11-2026,demo/evidence/MPL-0045_Sanction_Document.pdf,Completion
EVD-00114,MPL-0045,Progress Photo,28-07-2026,demo/evidence/MPL-0045_Progress_Photo.pdf,Sanction
EVD-00115,MPL-0046,Completion Certificate,10-05-2027,demo/evidence/MPL-0046_Completion_Certificate.pdf,Payment
EVD-00116,MPL-0046,Inspection Report,04-10-2026,demo/evidence/MPL-0046_Inspection_Report.pdf,Completion
EVD-00117,MPL-0047,Inspection Report,08-02-2027,demo/evidence/MPL-0047_Inspection_Report.pdf,Completion
EVD-00118,MPL-0047,Completion Certificate,13-05-2026,demo/evidence/MPL-0047_Completion_Certificate.pdf,Payment
EVD-00119,MPL-0048,Completion Certificate,04-12-2026,demo/evidence/MPL-0048_Completion_Certificate.pdf,Execution
EVD-00120,MPL-0049,Payment Document,08-04-2026,demo/evidence/MPL-0049_Payment_Document.pdf,Completion
EVD-00121,MPL-0050,Payment Document,29-09-2026,demo/evidence/MPL-0050_Payment_Document.pdf,Sanction
EVD-00122,MPL-0051,Completion Certificate,16-09-2026,demo/evidence/MPL-0051_Completion_Certificate.pdf,Execution
EVD-00123,MPL-0051,Sanction Document,11-10-2026,demo/evidence/MPL-0051_Sanction_Document.pdf,Completion
EVD-00124,MPL-0051,Progress Photo,22-10-2026,demo/evidence/MPL-0051_Progress_Photo.pdf,Sanction
EVD-00125,MPL-0051,Inspection Report,15-12-2026,demo/evidence/MPL-0051_Inspection_Report.pdf,Completion
EVD-00126,MPL-0052,Payment Document,15-02-2027,demo/evidence/MPL-0052_Payment_Document.pdf,Completion
EVD-00127,MPL-0052,Progress Photo,03-09-2026,demo/evidence/MPL-0052_Progress_Photo.pdf,Completion
EVD-00128,MPL-0053,Completion Certificate,16-03-2027,demo/evidence/MPL-0053_Completion_Certificate.pdf,Completion
EVD-00129,MPL-0053,Sanction Document,20-05-2026,demo/evidence/MPL-0053_Sanction_Document.pdf,Payment
EVD-00130,MPL-0053,Payment Document,24-12-2026,demo/evidence/MPL-0053_Payment_Document.pdf,Payment
EVD-00131,MPL-0053,Inspection Report,23-07-2026,demo/evidence/MPL-0053_Inspection_Report.pdf,Sanction
EVD-00132,MPL-0054,Progress Photo,12-08-2026,demo/evidence/MPL-0054_Progress_Photo.pdf,Completion
EVD-00133,MPL-0054,Sanction Document,01-09-2026,demo/evidence/MPL-0054_Sanction_Document.pdf,Execution
EVD-00134,MPL-0054,Payment Document,20-12-2026,demo/evidence/MPL-0054_Payment_Document.pdf,Execution
EVD-00135,MPL-0054,Inspection Report,15-01-2027,demo/evidence/MPL-0054_Inspection_Report.pdf,Payment
EVD-00136,MPL-0055,Progress Photo,24-11-2026,demo/evidence/MPL-0055_Progress_Photo.pdf,Completion
EVD-00137,MPL-0055,Sanction Document,09-04-2027,demo/evidence/MPL-0055_Sanction_Document.pdf,Execution
EVD-00138,MPL-0056,Inspection Report,29-08-2026,demo/evidence/MPL-0056_Inspection_Report.pdf,Payment
EVD-00139,MPL-0057,Inspection Report,13-12-2026,demo/evidence/MPL-0057_Inspection_Report.pdf,Sanction
EVD-00140,MPL-0057,Sanction Document,13-09-2026,demo/evidence/MPL-0057_Sanction_Document.pdf,Sanction
EVD-00141,MPL-0057,Payment Document,12-03-2026,demo/evidence/MPL-0057_Payment_Document.pdf,Sanction
EVD-00142,MPL-0057,Completion Certificate,11-07-2026,demo/evidence/MPL-0057_Completion_Certificate.pdf,Sanction
EVD-00143,MPL-0058,Progress Photo,23-08-2026,demo/evidence/MPL-0058_Progress_Photo.pdf,Execution
EVD-00144,MPL-0058,Sanction Document,05-06-2026,demo/evidence/MPL-0058_Sanction_Document.pdf,Completion
EVD-00145,MPL-0059,Sanction Document,01-06-2026,demo/evidence/MPL-0059_Sanction_Document.pdf,Completion
EVD-00146,MPL-0060,Progress Photo,24-06-2026,demo/evidence/MPL-0060_Progress_Photo.pdf,Payment
EVD-00147,MPL-0060,Payment Document,13-11-2026,demo/evidence/MPL-0060_Payment_Document.pdf,Sanction
EVD-00148,MPL-0060,Completion Certificate,24-12-2026,demo/evidence/MPL-0060_Completion_Certificate.pdf,Payment
EVD-00149,MPL-0060,Inspection Report,13-06-2026,demo/evidence/MPL-0060_Inspection_Report.pdf,Execution
EVD-00150,MPL-0061,Payment Document,25-05-2026,demo/evidence/MPL-0061_Payment_Document.pdf,Payment
EVD-00151,MPL-0061,Completion Certificate,14-05-2026,demo/evidence/MPL-0061_Completion_Certificate.pdf,Sanction
EVD-00152,MPL-0061,Sanction Document,17-10-2026,demo/evidence/MPL-0061_Sanction_Document.pdf,Payment
EVD-00153,MPL-0062,Sanction Document,18-06-2026,demo/evidence/MPL-0062_Sanction_Document.pdf,Payment
EVD-00154,MPL-0063,Completion Certificate,19-09-2026,demo/evidence/MPL-0063_Completion_Certificate.pdf,Completion
EVD-00155,MPL-0064,Inspection Report,19-01-2027,demo/evidence/MPL-0064_Inspection_Report.pdf,Sanction
EVD-00156,MPL-0065,Payment Document,12-01-2027,demo/evidence/MPL-0065_Payment_Document.pdf,Sanction
EVD-00157,MPL-0065,Progress Photo,30-10-2026,demo/evidence/MPL-0065_Progress_Photo.pdf,Completion
EVD-00158,MPL-0066,Progress Photo,24-04-2026,demo/evidence/MPL-0066_Progress_Photo.pdf,Completion
EVD-00159,MPL-0066,Payment Document,31-07-2026,demo/evidence/MPL-0066_Payment_Document.pdf,Completion
EVD-00160,MPL-0067,Sanction Document,29-11-2026,demo/evidence/MPL-0067_Sanction_Document.pdf,Execution
EVD-00161,MPL-0068,Inspection Report,24-02-2027,demo/evidence/MPL-0068_Inspection_Report.pdf,Execution
EVD-00162,MPL-0068,Payment Document,06-02-2027,demo/evidence/MPL-0068_Payment_Document.pdf,Completion
EVD-00163,MPL-0068,Completion Certificate,21-01-2027,demo/evidence/MPL-0068_Completion_Certificate.pdf,Completion
EVD-00164,MPL-0068,Sanction Document,21-09-2026,demo/evidence/MPL-0068_Sanction_Document.pdf,Completion
EVD-00165,MPL-0069,Progress Photo,19-12-2026,demo/evidence/MPL-0069_Progress_Photo.pdf,Payment
EVD-00166,MPL-0069,Payment Document,31-07-2026,demo/evidence/MPL-0069_Payment_Document.pdf,Sanction
EVD-00167,MPL-0069,Sanction Document,18-04-2026,demo/evidence/MPL-0069_Sanction_Document.pdf,Sanction
EVD-00168,MPL-0070,Completion Certificate,25-03-2026,demo/evidence/MPL-0070_Completion_Certificate.pdf,Completion
EVD-00169,MPL-0070,Sanction Document,27-08-2026,demo/evidence/MPL-0070_Sanction_Document.pdf,Execution
EVD-00170,MPL-0071,Progress Photo,04-03-2027,demo/evidence/MPL-0071_Progress_Photo.pdf,Sanction
EVD-00171,MPL-0071,Payment Document,06-02-2027,demo/evidence/MPL-0071_Payment_Document.pdf,Sanction
EVD-00172,MPL-0071,Completion Certificate,29-10-2026,demo/evidence/MPL-0071_Completion_Certificate.pdf,Completion
EVD-00173,MPL-0071,Inspection Report,19-10-2026,demo/evidence/MPL-0071_Inspection_Report.pdf,Completion
EVD-00174,MPL-0072,Sanction Document,08-04-2026,demo/evidence/MPL-0072_Sanction_Document.pdf,Sanction
EVD-00175,MPL-0072,Inspection Report,24-10-2026,demo/evidence/MPL-0072_Inspection_Report.pdf,Payment
EVD-00176,MPL-0072,Payment Document,20-07-2026,demo/evidence/MPL-0072_Payment_Document.pdf,Payment
EVD-00177,MPL-0073,Inspection Report,13-10-2026,demo/evidence/MPL-0073_Inspection_Report.pdf,Sanction
EVD-00178,MPL-0074,Progress Photo,13-02-2027,demo/evidence/MPL-0074_Progress_Photo.pdf,Payment
EVD-00179,MPL-0075,Payment Document,28-09-2026,demo/evidence/MPL-0075_Payment_Document.pdf,Sanction
EVD-00180,MPL-0075,Completion Certificate,26-11-2026,demo/evidence/MPL-0075_Completion_Certificate.pdf,Completion
EVD-00181,MPL-0076,Payment Document,26-10-2026,demo/evidence/MPL-0076_Payment_Document.pdf,Sanction
EVD-00182,MPL-0076,Inspection Report,13-09-2026,demo/evidence/MPL-0076_Inspection_Report.pdf,Completion
EVD-00183,MPL-0076,Sanction Document,11-08-2026,demo/evidence/MPL-0076_Sanction_Document.pdf,Execution
EVD-00184,MPL-0076,Completion Certificate,06-04-2026,demo/evidence/MPL-0076_Completion_Certificate.pdf,Payment
EVD-00185,MPL-0077,Inspection Report,23-12-2026,demo/evidence/MPL-0077_Inspection_Report.pdf,Payment
EVD-00186,MPL-0077,Payment Document,10-02-2027,demo/evidence/MPL-0077_Payment_Document.pdf,Sanction
EVD-00187,MPL-0077,Sanction Document,27-02-2027,demo/evidence/MPL-0077_Sanction_Document.pdf,Completion
EVD-00188,MPL-0078,Payment Document,18-10-2026,demo/evidence/MPL-0078_Payment_Document.pdf,Sanction
EVD-00189,MPL-0078,Sanction Document,06-09-2026,demo/evidence/MPL-0078_Sanction_Document.pdf,Execution
EVD-00190,MPL-0078,Progress Photo,05-06-2026,demo/evidence/MPL-0078_Progress_Photo.pdf,Payment
EVD-00191,MPL-0079,Inspection Report,08-07-2026,demo/evidence/MPL-0079_Inspection_Report.pdf,Completion
EVD-00192,MPL-0079,Completion Certificate,24-09-2026,demo/evidence/MPL-0079_Completion_Certificate.pdf,Payment
EVD-00193,MPL-0079,Progress Photo,02-05-2026,demo/evidence/MPL-0079_Progress_Photo.pdf,Sanction
EVD-00194,MPL-0080,Payment Document,10-03-2026,demo/evidence/MPL-0080_Payment_Document.pdf,Completion
EVD-00195,MPL-0080,Completion Certificate,27-05-2026,demo/evidence/MPL-0080_Completion_Certificate.pdf,Execution
EVD-00196,MPL-0080,Progress Photo,05-05-2026,demo/evidence/MPL-0080_Progress_Photo.pdf,Execution
EVD-00197,MPL-0080,Inspection Report,22-05-2026,demo/evidence/MPL-0080_Inspection_Report.pdf,Payment
EVD-00198,MPL-0081,Inspection Report,29-10-2026,demo/evidence/MPL-0081_Inspection_Report.pdf,Completion
EVD-00199,MPL-0081,Completion Certificate,05-08-2026,demo/evidence/MPL-0081_Completion_Certificate.pdf,Completion
EVD-00200,MPL-0082,Payment Document,14-10-2026,demo/evidence/MPL-0082_Payment_Document.pdf,Sanction
EVD-00201,MPL-0082,Progress Photo,21-05-2026,demo/evidence/MPL-0082_Progress_Photo.pdf,Sanction
EVD-00202,MPL-0083,Payment Document,14-04-2026,demo/evidence/MPL-0083_Payment_Document.pdf,Payment
EVD-00203,MPL-0083,Progress Photo,10-11-2026,demo/evidence/MPL-0083_Progress_Photo.pdf,Payment
EVD-00204,MPL-0084,Progress Photo,01-06-2026,demo/evidence/MPL-0084_Progress_Photo.pdf,Completion
EVD-00205,MPL-0084,Completion Certificate,02-02-2027,demo/evidence/MPL-0084_Completion_Certificate.pdf,Completion
EVD-00206,MPL-0084,Payment Document,09-12-2026,demo/evidence/MPL-0084_Payment_Document.pdf,Completion
EVD-00207,MPL-0084,Inspection Report,18-01-2027,demo/evidence/MPL-0084_Inspection_Report.pdf,Execution
EVD-00208,MPL-0085,Progress Photo,22-03-2027,demo/evidence/MPL-0085_Progress_Photo.pdf,Payment
EVD-00209,MPL-0085,Sanction Document,13-01-2027,demo/evidence/MPL-0085_Sanction_Document.pdf,Sanction
EVD-00210,MPL-0086,Inspection Report,26-10-2026,demo/evidence/MPL-0086_Inspection_Report.pdf,Payment
EVD-00211,MPL-0086,Sanction Document,23-06-2026,demo/evidence/MPL-0086_Sanction_Document.pdf,Completion
EVD-00212,MPL-0086,Payment Document,08-05-2026,demo/evidence/MPL-0086_Payment_Document.pdf,Execution
EVD-00213,MPL-0087,Sanction Document,18-05-2026,demo/evidence/MPL-0087_Sanction_Document.pdf,Execution
EVD-00214,MPL-0088,Sanction Document,15-06-2026,demo/evidence/MPL-0088_Sanction_Document.pdf,Completion
EVD-00215,MPL-0088,Inspection Report,15-08-2026,demo/evidence/MPL-0088_Inspection_Report.pdf,Completion
EVD-00216,MPL-0088,Completion Certificate,18-11-2026,demo/evidence/MPL-0088_Completion_Certificate.pdf,Sanction
EVD-00217,MPL-0089,Completion Certificate,06-01-2027,demo/evidence/MPL-0089_Completion_Certificate.pdf,Payment
EVD-00218,MPL-0089,Payment Document,22-03-2027,demo/evidence/MPL-0089_Payment_Document.pdf,Execution
EVD-00219,MPL-0089,Inspection Report,07-12-2026,demo/evidence/MPL-0089_Inspection_Report.pdf,Execution
EVD-00220,MPL-0089,Progress Photo,03-09-2026,demo/evidence/MPL-0089_Progress_Photo.pdf,Execution
EVD-00221,MPL-0090,Payment Document,13-07-2026,demo/evidence/MPL-0090_Payment_Document.pdf,Sanction
EVD-00222,MPL-0090,Completion Certificate,24-01-2027,demo/evidence/MPL-0090_Completion_Certificate.pdf,Payment
EVD-00223,MPL-0090,Sanction Document,22-11-2026,demo/evidence/MPL-0090_Sanction_Document.pdf,Payment
EVD-00224,MPL-0091,Inspection Report,10-09-2026,demo/evidence/MPL-0091_Inspection_Report.pdf,Execution
EVD-00225,MPL-0091,Payment Document,06-08-2026,demo/evidence/MPL-0091_Payment_Document.pdf,Sanction
EVD-00226,MPL-0091,Completion Certificate,07-09-2026,demo/evidence/MPL-0091_Completion_Certificate.pdf,Execution
EVD-00227,MPL-0092,Inspection Report,21-03-2027,demo/evidence/MPL-0092_Inspection_Report.pdf,Completion
EVD-00228,MPL-0092,Payment Document,01-08-2026,demo/evidence/MPL-0092_Payment_Document.pdf,Completion
EVD-00229,MPL-0093,Inspection Report,01-09-2026,demo/evidence/MPL-0093_Inspection_Report.pdf,Completion
EVD-00230,MPL-0093,Sanction Document,02-09-2026,demo/evidence/MPL-0093_Sanction_Document.pdf,Sanction
EVD-00231,MPL-0093,Progress Photo,14-09-2026,demo/evidence/MPL-0093_Progress_Photo.pdf,Completion
EVD-00232,MPL-0093,Completion Certificate,02-09-2026,demo/evidence/MPL-0093_Completion_Certificate.pdf,Sanction
EVD-00233,MPL-0094,Payment Document,08-08-2026,demo/evidence/MPL-0094_Payment_Document.pdf,Completion
EVD-00234,MPL-0094,Progress Photo,08-11-2026,demo/evidence/MPL-0094_Progress_Photo.pdf,Sanction
EVD-00235,MPL-0094,Completion Certificate,12-11-2026,demo/evidence/MPL-0094_Completion_Certificate.pdf,Payment
EVD-00236,MPL-0094,Inspection Report,12-10-2026,demo/evidence/MPL-0094_Inspection_Report.pdf,Sanction
EVD-00237,MPL-0095,Completion Certificate,20-10-2026,demo/evidence/MPL-0095_Completion_Certificate.pdf,Execution
EVD-00238,MPL-0095,Sanction Document,22-11-2026,demo/evidence/MPL-0095_Sanction_Document.pdf,Execution
EVD-00239,MPL-0095,Inspection Report,09-11-2026,demo/evidence/MPL-0095_Inspection_Report.pdf,Sanction
EVD-00240,MPL-0095,Progress Photo,24-06-2026,demo/evidence/MPL-0095_Progress_Photo.pdf,Sanction
EVD-00241,MPL-0096,Inspection Report,19-02-2027,demo/evidence/MPL-0096_Inspection_Report.pdf,Completion
EVD-00242,MPL-0097,Completion Certificate,06-09-2026,demo/evidence/MPL-0097_Completion_Certificate.pdf,Execution
EVD-00243,MPL-0097,Progress Photo,03-08-2026,demo/evidence/MPL-0097_Progress_Photo.pdf,Payment
EVD-00244,MPL-0097,Sanction Document,22-07-2026,demo/evidence/MPL-0097_Sanction_Document.pdf,Payment
EVD-00245,MPL-0098,Payment Document,18-03-2027,demo/evidence/MPL-0098_Payment_Document.pdf,Execution
EVD-00246,MPL-0098,Inspection Report,19-03-2027,demo/evidence/MPL-0098_Inspection_Report.pdf,Payment
EVD-00247,MPL-0098,Progress Photo,22-07-2026,demo/evidence/MPL-0098_Progress_Photo.pdf,Completion
EVD-00248,MPL-0099,Inspection Report,26-05-2026,demo/evidence/MPL-0099_Inspection_Report.pdf,Payment
EVD-00249,MPL-0099,Progress Photo,19-09-2026,demo/evidence/MPL-0099_Progress_Photo.pdf,Sanction
EVD-00250,MPL-0100,Completion Certificate,02-01-2027,demo/evidence/MPL-0100_Completion_Certificate.pdf,Payment
EVD-00251,MPL-0100,Inspection Report,20-01-2027,demo/evidence/MPL-0100_Inspection_Report.pdf,Completion
EVD-00252,MPL-0101,Completion Certificate,26-10-2026,demo/evidence/MPL-0101_Completion_Certificate.pdf,Payment
EVD-00253,MPL-0101,Sanction Document,24-01-2027,demo/evidence/MPL-0101_Sanction_Document.pdf,Execution
EVD-00254,MPL-0101,Payment Document,23-01-2027,demo/evidence/MPL-0101_Payment_Document.pdf,Sanction
EVD-00255,MPL-0101,Progress Photo,10-10-2026,demo/evidence/MPL-0101_Progress_Photo.pdf,Completion
EVD-00256,MPL-0102,Payment Document,11-06-2026,demo/evidence/MPL-0102_Payment_Document.pdf,Sanction
EVD-00257,MPL-0102,Inspection Report,29-03-2026,demo/evidence/MPL-0102_Inspection_Report.pdf,Completion
EVD-00258,MPL-0103,Sanction Document,24-05-2026,demo/evidence/MPL-0103_Sanction_Document.pdf,Execution
EVD-00259,MPL-0103,Payment Document,09-12-2026,demo/evidence/MPL-0103_Payment_Document.pdf,Completion
EVD-00260,MPL-0103,Progress Photo,03-05-2026,demo/evidence/MPL-0103_Progress_Photo.pdf,Execution
EVD-00261,MPL-0104,Completion Certificate,05-09-2026,demo/evidence/MPL-0104_Completion_Certificate.pdf,Sanction
EVD-00262,MPL-0104,Progress Photo,28-03-2027,demo/evidence/MPL-0104_Progress_Photo.pdf,Completion
EVD-00263,MPL-0105,Inspection Report,21-07-2026,demo/evidence/MPL-0105_Inspection_Report.pdf,Execution
EVD-00264,MPL-0106,Completion Certificate,15-11-2026,demo/evidence/MPL-0106_Completion_Certificate.pdf,Execution
EVD-00265,MPL-0106,Progress Photo,19-04-2026,demo/evidence/MPL-0106_Progress_Photo.pdf,Execution
EVD-00266,MPL-0107,Progress Photo,06-08-2026,demo/evidence/MPL-0107_Progress_Photo.pdf,Sanction
EVD-00267,MPL-0108,Sanction Document,16-07-2026,demo/evidence/MPL-0108_Sanction_Document.pdf,Sanction
EVD-00268,MPL-0108,Completion Certificate,16-08-2026,demo/evidence/MPL-0108_Completion_Certificate.pdf,Completion
EVD-00269,MPL-0109,Inspection Report,29-04-2026,demo/evidence/MPL-0109_Inspection_Report.pdf,Completion
EVD-00270,MPL-0109,Completion Certificate,28-10-2026,demo/evidence/MPL-0109_Completion_Certificate.pdf,Sanction
EVD-00271,MPL-0109,Progress Photo,19-04-2026,demo/evidence/MPL-0109_Progress_Photo.pdf,Sanction
EVD-00272,MPL-0109,Payment Document,12-09-2026,demo/evidence/MPL-0109_Payment_Document.pdf,Execution
EVD-00273,MPL-0110,Inspection Report,01-03-2026,demo/evidence/MPL-0110_Inspection_Report.pdf,Execution
EVD-00274,MPL-0110,Progress Photo,08-11-2026,demo/evidence/MPL-0110_Progress_Photo.pdf,Payment
EVD-00275,MPL-0110,Sanction Document,11-07-2026,demo/evidence/MPL-0110_Sanction_Document.pdf,Execution
EVD-00276,MPL-0111,Completion Certificate,26-10-2026,demo/evidence/MPL-0111_Completion_Certificate.pdf,Sanction
EVD-00277,MPL-0112,Payment Document,17-09-2026,demo/evidence/MPL-0112_Payment_Document.pdf,Payment
EVD-00278,MPL-0112,Inspection Report,15-11-2026,demo/evidence/MPL-0112_Inspection_Report.pdf,Completion
EVD-00279,MPL-0112,Completion Certificate,07-04-2027,demo/evidence/MPL-0112_Completion_Certificate.pdf,Payment
EVD-00280,MPL-0112,Progress Photo,30-07-2026,demo/evidence/MPL-0112_Progress_Photo.pdf,Sanction
EVD-00281,MPL-0113,Sanction Document,27-01-2026,demo/evidence/MPL-0113_Sanction_Document.pdf,Completion
EVD-00282,MPL-0114,Sanction Document,04-07-2026,demo/evidence/MPL-0114_Sanction_Document.pdf,Completion
EVD-00283,MPL-0114,Progress Photo,29-08-2026,demo/evidence/MPL-0114_Progress_Photo.pdf,Sanction
EVD-00284,MPL-0114,Completion Certificate,05-07-2026,demo/evidence/MPL-0114_Completion_Certificate.pdf,Sanction
EVD-00285,MPL-0114,Payment Document,09-02-2026,demo/evidence/MPL-0114_Payment_Document.pdf,Completion
EVD-00286,MPL-0115,Inspection Report,21-08-2026,demo/evidence/MPL-0115_Inspection_Report.pdf,Sanction
EVD-00287,MPL-0115,Completion Certificate,01-02-2027,demo/evidence/MPL-0115_Completion_Certificate.pdf,Payment
EVD-00288,MPL-0115,Sanction Document,15-12-2026,demo/evidence/MPL-0115_Sanction_Document.pdf,Sanction
EVD-00289,MPL-0115,Progress Photo,30-08-2026,demo/evidence/MPL-0115_Progress_Photo.pdf,Execution
EVD-00290,MPL-0116,Progress Photo,01-09-2026,demo/evidence/MPL-0116_Progress_Photo.pdf,Sanction
EVD-00291,MPL-0116,Inspection Report,10-10-2026,demo/evidence/MPL-0116_Inspection_Report.pdf,Payment
EVD-00292,MPL-0116,Payment Document,15-11-2026,demo/evidence/MPL-0116_Payment_Document.pdf,Sanction
EVD-00293,MPL-0117,Payment Document,09-03-2027,demo/evidence/MPL-0117_Payment_Document.pdf,Execution
EVD-00294,MPL-0118,Inspection Report,13-12-2026,demo/evidence/MPL-0118_Inspection_Report.pdf,Completion
EVD-00295,MPL-0118,Sanction Document,23-08-2026,demo/evidence/MPL-0118_Sanction_Document.pdf,Completion
EVD-00296,MPL-0118,Completion Certificate,09-04-2027,demo/evidence/MPL-0118_Completion_Certificate.pdf,Completion
EVD-00297,MPL-0118,Progress Photo,10-06-2026,demo/evidence/MPL-0118_Progress_Photo.pdf,Execution
EVD-00298,MPL-0119,Completion Certificate,30-12-2026,demo/evidence/MPL-0119_Completion_Certificate.pdf,Sanction
EVD-00299,MPL-0119,Progress Photo,24-08-2026,demo/evidence/MPL-0119_Progress_Photo.pdf,Sanction
EVD-00300,MPL-0119,Sanction Document,27-08-2026,demo/evidence/MPL-0119_Sanction_Document.pdf,Completion
EVD-00301,MPL-0119,Payment Document,22-05-2026,demo/evidence/MPL-0119_Payment_Document.pdf,Payment
EVD-00302,MPL-0120,Progress Photo,12-02-2027,demo/evidence/MPL-0120_Progress_Photo.pdf,Execution
EVD-00303,MPL-0120,Inspection Report,17-06-2026,demo/evidence/MPL-0120_Inspection_Report.pdf,Sanction
EVD-00304,MPL-0120,Sanction Document,28-05-2026,demo/evidence/MPL-0120_Sanction_Document.pdf,Execution
EVD-00305,MPL-0120,Completion Certificate,20-11-2026,demo/evidence/MPL-0120_Completion_Certificate.pdf,Payment
EVD-00306,MPL-0121,Completion Certificate,29-09-2026,demo/evidence/MPL-0121_Completion_Certificate.pdf,Sanction
EVD-00307,MPL-0121,Sanction Document,05-02-2027,demo/evidence/MPL-0121_Sanction_Document.pdf,Sanction
EVD-00308,MPL-0121,Inspection Report,14-02-2027,demo/evidence/MPL-0121_Inspection_Report.pdf,Payment
EVD-00309,MPL-0121,Progress Photo,08-07-2026,demo/evidence/MPL-0121_Progress_Photo.pdf,Sanction
EVD-00310,MPL-0122,Payment Document,06-08-2026,demo/evidence/MPL-0122_Payment_Document.pdf,Completion
EVD-00311,MPL-0122,Completion Certificate,11-02-2027,demo/evidence/MPL-0122_Completion_Certificate.pdf,Completion
EVD-00312,MPL-0122,Inspection Report,02-11-2026,demo/evidence/MPL-0122_Inspection_Report.pdf,Sanction
EVD-00313,MPL-0122,Sanction Document,16-08-2026,demo/evidence/MPL-0122_Sanction_Document.pdf,Completion
EVD-00314,MPL-0123,Inspection Report,02-05-2026,demo/evidence/MPL-0123_Inspection_Report.pdf,Execution
EVD-00315,MPL-0123,Sanction Document,04-08-2026,demo/evidence/MPL-0123_Sanction_Document.pdf,Sanction
EVD-00316,MPL-0123,Progress Photo,19-01-2027,demo/evidence/MPL-0123_Progress_Photo.pdf,Completion
EVD-00317,MPL-0124,Inspection Report,03-06-2026,demo/evidence/MPL-0124_Inspection_Report.pdf,Execution
EVD-00318,MPL-0124,Payment Document,16-05-2026,demo/evidence/MPL-0124_Payment_Document.pdf,Completion
EVD-00319,MPL-0125,Completion Certificate,14-06-2026,demo/evidence/MPL-0125_Completion_Certificate.pdf,Payment
EVD-00320,MPL-0125,Progress Photo,21-11-2026,demo/evidence/MPL-0125_Progress_Photo.pdf,Payment
EVD-00321,MPL-0125,Sanction Document,24-07-2026,demo/evidence/MPL-0125_Sanction_Document.pdf,Sanction
EVD-00322,MPL-0126,Payment Document,13-05-2026,demo/evidence/MPL-0126_Payment_Document.pdf,Payment
EVD-00323,MPL-0126,Completion Certificate,28-11-2026,demo/evidence/MPL-0126_Completion_Certificate.pdf,Execution
EVD-00324,MPL-0126,Sanction Document,21-04-2026,demo/evidence/MPL-0126_Sanction_Document.pdf,Execution
EVD-00325,MPL-0127,Payment Document,22-03-2026,demo/evidence/MPL-0127_Payment_Document.pdf,Sanction
EVD-00326,MPL-0127,Inspection Report,16-04-2026,demo/evidence/MPL-0127_Inspection_Report.pdf,Sanction
EVD-00327,MPL-0128,Sanction Document,02-08-2026,demo/evidence/MPL-0128_Sanction_Document.pdf,Completion
EVD-00328,MPL-0128,Payment Document,01-10-2026,demo/evidence/MPL-0128_Payment_Document.pdf,Execution
EVD-00329,MPL-0128,Completion Certificate,13-09-2026,demo/evidence/MPL-0128_Completion_Certificate.pdf,Payment
EVD-00330,MPL-0128,Inspection Report,03-03-2027,demo/evidence/MPL-0128_Inspection_Report.pdf,Execution
EVD-00331,MPL-0129,Completion Certificate,12-06-2026,demo/evidence/MPL-0129_Completion_Certificate.pdf,Sanction
EVD-00332,MPL-0129,Payment Document,18-02-2026,demo/evidence/MPL-0129_Payment_Document.pdf,Sanction
EVD-00333,MPL-0130,Completion Certificate,05-11-2026,demo/evidence/MPL-0130_Completion_Certificate.pdf,Execution
EVD-00334,MPL-0130,Sanction Document,04-05-2026,demo/evidence/MPL-0130_Sanction_Document.pdf,Execution
EVD-00335,MPL-0130,Progress Photo,19-10-2026,demo/evidence/MPL-0130_Progress_Photo.pdf,Sanction
EVD-00336,MPL-0130,Inspection Report,04-10-2026,demo/evidence/MPL-0130_Inspection_Report.pdf,Payment
EVD-00337,MPL-0131,Inspection Report,02-08-2026,demo/evidence/MPL-0131_Inspection_Report.pdf,Sanction
EVD-00338,MPL-0132,Completion Certificate,30-04-2026,demo/evidence/MPL-0132_Completion_Certificate.pdf,Payment
EVD-00339,MPL-0132,Progress Photo,02-03-2026,demo/evidence/MPL-0132_Progress_Photo.pdf,Execution
EVD-00340,MPL-0132,Inspection Report,25-10-2026,demo/evidence/MPL-0132_Inspection_Report.pdf,Sanction
EVD-00341,MPL-0133,Payment Document,27-08-2026,demo/evidence/MPL-0133_Payment_Document.pdf,Completion
EVD-00342,MPL-0134,Progress Photo,07-11-2026,demo/evidence/MPL-0134_Progress_Photo.pdf,Execution
EVD-00343,MPL-0135,Progress Photo,24-02-2026,demo/evidence/MPL-0135_Progress_Photo.pdf,Completion
EVD-00344,MPL-0135,Sanction Document,16-03-2026,demo/evidence/MPL-0135_Sanction_Document.pdf,Completion
EVD-00345,MPL-0135,Completion Certificate,08-12-2026,demo/evidence/MPL-0135_Completion_Certificate.pdf,Payment
EVD-00346,MPL-0135,Payment Document,15-02-2026,demo/evidence/MPL-0135_Payment_Document.pdf,Sanction
EVD-00347,MPL-0136,Payment Document,12-02-2027,demo/evidence/MPL-0136_Payment_Document.pdf,Payment
EVD-00348,MPL-0136,Progress Photo,28-09-2026,demo/evidence/MPL-0136_Progress_Photo.pdf,Execution
EVD-00349,MPL-0136,Completion Certificate,12-07-2026,demo/evidence/MPL-0136_Completion_Certificate.pdf,Completion
EVD-00350,MPL-0136,Sanction Document,28-11-2026,demo/evidence/MPL-0136_Sanction_Document.pdf,Execution
EVD-00351,MPL-0137,Payment Document,22-08-2026,demo/evidence/MPL-0137_Payment_Document.pdf,Completion
EVD-00352,MPL-0137,Sanction Document,31-05-2026,demo/evidence/MPL-0137_Sanction_Document.pdf,Completion
EVD-00353,MPL-0137,Completion Certificate,17-05-2026,demo/evidence/MPL-0137_Completion_Certificate.pdf,Execution
EVD-00354,MPL-0137,Inspection Report,30-11-2026,demo/evidence/MPL-0137_Inspection_Report.pdf,Execution
EVD-00355,MPL-0138,Completion Certificate,13-06-2026,demo/evidence/MPL-0138_Completion_Certificate.pdf,Sanction
EVD-00356,MPL-0138,Progress Photo,17-09-2026,demo/evidence/MPL-0138_Progress_Photo.pdf,Payment
EVD-00357,MPL-0138,Inspection Report,31-05-2026,demo/evidence/MPL-0138_Inspection_Report.pdf,Execution
EVD-00358,MPL-0139,Completion Certificate,11-07-2026,demo/evidence/MPL-0139_Completion_Certificate.pdf,Sanction
EVD-00359,MPL-0139,Inspection Report,04-12-2026,demo/evidence/MPL-0139_Inspection_Report.pdf,Payment
EVD-00360,MPL-0139,Progress Photo,27-07-2026,demo/evidence/MPL-0139_Progress_Photo.pdf,Payment
EVD-00361,MPL-0140,Payment Document,23-09-2026,demo/evidence/MPL-0140_Payment_Document.pdf,Sanction
EVD-00362,MPL-0140,Sanction Document,15-09-2026,demo/evidence/MPL-0140_Sanction_Document.pdf,Payment
EVD-00363,MPL-0140,Inspection Report,26-11-2026,demo/evidence/MPL-0140_Inspection_Report.pdf,Completion
EVD-00364,MPL-0140,Progress Photo,11-03-2026,demo/evidence/MPL-0140_Progress_Photo.pdf,Completion
EVD-00365,MPL-0141,Sanction Document,15-07-2026,demo/evidence/MPL-0141_Sanction_Document.pdf,Execution
EVD-00366,MPL-0141,Completion Certificate,19-11-2026,demo/evidence/MPL-0141_Completion_Certificate.pdf,Payment
EVD-00367,MPL-0141,Payment Document,13-05-2026,demo/evidence/MPL-0141_Payment_Document.pdf,Payment
EVD-00368,MPL-0141,Inspection Report,08-06-2026,demo/evidence/MPL-0141_Inspection_Report.pdf,Completion
EVD-00369,MPL-0142,Inspection Report,04-08-2026,demo/evidence/MPL-0142_Inspection_Report.pdf,Payment
EVD-00370,MPL-0142,Sanction Document,29-12-2026,demo/evidence/MPL-0142_Sanction_Document.pdf,Sanction
EVD-00371,MPL-0142,Payment Document,24-02-2027,demo/evidence/MPL-0142_Payment_Document.pdf,Completion
EVD-00372,MPL-0143,Progress Photo,27-12-2026,demo/evidence/MPL-0143_Progress_Photo.pdf,Payment
EVD-00373,MPL-0143,Inspection Report,08-11-2026,demo/evidence/MPL-0143_Inspection_Report.pdf,Sanction
EVD-00374,MPL-0143,Sanction Document,14-11-2026,demo/evidence/MPL-0143_Sanction_Document.pdf,Completion
EVD-00375,MPL-0144,Sanction Document,01-03-2026,demo/evidence/MPL-0144_Sanction_Document.pdf,Sanction
EVD-00376,MPL-0144,Completion Certificate,28-11-2026,demo/evidence/MPL-0144_Completion_Certificate.pdf,Payment
EVD-00377,MPL-0145,Progress Photo,14-08-2026,demo/evidence/MPL-0145_Progress_Photo.pdf,Sanction
EVD-00378,MPL-0145,Completion Certificate,10-01-2027,demo/evidence/MPL-0145_Completion_Certificate.pdf,Sanction
EVD-00379,MPL-0145,Sanction Document,06-07-2026,demo/evidence/MPL-0145_Sanction_Document.pdf,Sanction
EVD-00380,MPL-0146,Progress Photo,06-02-2027,demo/evidence/MPL-0146_Progress_Photo.pdf,Completion
EVD-00381,MPL-0147,Completion Certificate,26-06-2026,demo/evidence/MPL-0147_Completion_Certificate.pdf,Execution
EVD-00382,MPL-0148,Payment Document,05-08-2026,demo/evidence/MPL-0148_Payment_Document.pdf,Sanction
EVD-00383,MPL-0148,Inspection Report,18-04-2026,demo/evidence/MPL-0148_Inspection_Report.pdf,Execution
EVD-00384,MPL-0148,Completion Certificate,30-01-2026,demo/evidence/MPL-0148_Completion_Certificate.pdf,Completion
EVD-00385,MPL-0149,Sanction Document,25-04-2026,demo/evidence/MPL-0149_Sanction_Document.pdf,Execution
EVD-00386,MPL-0149,Payment Document,14-03-2026,demo/evidence/MPL-0149_Payment_Document.pdf,Sanction
EVD-00387,MPL-0149,Completion Certificate,22-05-2026,demo/evidence/MPL-0149_Completion_Certificate.pdf,Execution
EVD-00388,MPL-0150,Payment Document,02-05-2026,demo/evidence/MPL-0150_Payment_Document.pdf,Completion
EVD-00389,MPL-0150,Completion Certificate,08-03-2026,demo/evidence/MPL-0150_Completion_Certificate.pdf,Sanction
EVD-00390,MPL-0150,Progress Photo,24-07-2026,demo/evidence/MPL-0150_Progress_Photo.pdf,Sanction
EVD-00391,MPL-0150,Inspection Report,02-08-2026,demo/evidence/MPL-0150_Inspection_Report.pdf,Execution
EVD-00392,MPL-0151,Payment Document,10-10-2026,demo/evidence/MPL-0151_Payment_Document.pdf,Payment
EVD-00393,MPL-0151,Completion Certificate,15-03-2026,demo/evidence/MPL-0151_Completion_Certificate.pdf,Completion
EVD-00394,MPL-0152,Progress Photo,14-09-2026,demo/evidence/MPL-0152_Progress_Photo.pdf,Execution
EVD-00395,MPL-0152,Inspection Report,07-04-2026,demo/evidence/MPL-0152_Inspection_Report.pdf,Completion
EVD-00396,MPL-0152,Completion Certificate,01-12-2026,demo/evidence/MPL-0152_Completion_Certificate.pdf,Sanction
EVD-00397,MPL-0153,Completion Certificate,13-05-2026,demo/evidence/MPL-0153_Completion_Certificate.pdf,Execution
EVD-00398,MPL-0153,Payment Document,01-06-2026,demo/evidence/MPL-0153_Payment_Document.pdf,Sanction
EVD-00399,MPL-0153,Inspection Report,03-05-2026,demo/evidence/MPL-0153_Inspection_Report.pdf,Completion
EVD-00400,MPL-0154,Completion Certificate,17-03-2026,demo/evidence/MPL-0154_Completion_Certificate.pdf,Execution
EVD-00401,MPL-0154,Sanction Document,01-01-2027,demo/evidence/MPL-0154_Sanction_Document.pdf,Sanction
EVD-00402,MPL-0154,Inspection Report,12-03-2026,demo/evidence/MPL-0154_Inspection_Report.pdf,Payment
EVD-00403,MPL-0155,Sanction Document,23-08-2026,demo/evidence/MPL-0155_Sanction_Document.pdf,Sanction
EVD-00404,MPL-0155,Progress Photo,02-10-2026,demo/evidence/MPL-0155_Progress_Photo.pdf,Payment
EVD-00405,MPL-0155,Inspection Report,17-02-2026,demo/evidence/MPL-0155_Inspection_Report.pdf,Sanction
EVD-00406,MPL-0156,Completion Certificate,02-01-2027,demo/evidence/MPL-0156_Completion_Certificate.pdf,Execution
EVD-00407,MPL-0156,Progress Photo,19-04-2027,demo/evidence/MPL-0156_Progress_Photo.pdf,Payment
EVD-00408,MPL-0156,Inspection Report,07-01-2027,demo/evidence/MPL-0156_Inspection_Report.pdf,Execution
EVD-00409,MPL-0157,Completion Certificate,07-04-2026,demo/evidence/MPL-0157_Completion_Certificate.pdf,Payment
EVD-00410,MPL-0157,Payment Document,29-09-2026,demo/evidence/MPL-0157_Payment_Document.pdf,Sanction
EVD-00411,MPL-0157,Progress Photo,01-04-2026,demo/evidence/MPL-0157_Progress_Photo.pdf,Sanction
EVD-00412,MPL-0158,Inspection Report,14-01-2027,demo/evidence/MPL-0158_Inspection_Report.pdf,Completion
EVD-00413,MPL-0158,Progress Photo,01-04-2027,demo/evidence/MPL-0158_Progress_Photo.pdf,Sanction
EVD-00414,MPL-0158,Payment Document,01-08-2026,demo/evidence/MPL-0158_Payment_Document.pdf,Completion
EVD-00415,MPL-0158,Completion Certificate,04-02-2027,demo/evidence/MPL-0158_Completion_Certificate.pdf,Completion
EVD-00416,MPL-0159,Progress Photo,01-03-2027,demo/evidence/MPL-0159_Progress_Photo.pdf,Payment
EVD-00417,MPL-0159,Sanction Document,21-08-2026,demo/evidence/MPL-0159_Sanction_Document.pdf,Execution
EVD-00418,MPL-0159,Inspection Report,25-09-2026,demo/evidence/MPL-0159_Inspection_Report.pdf,Payment
EVD-00419,MPL-0160,Completion Certificate,28-03-2026,demo/evidence/MPL-0160_Completion_Certificate.pdf,Sanction
EVD-00420,MPL-0160,Payment Document,05-10-2026,demo/evidence/MPL-0160_Payment_Document.pdf,Completion
EVD-00421,MPL-0160,Progress Photo,07-11-2026,demo/evidence/MPL-0160_Progress_Photo.pdf,Completion
EVD-00422,MPL-0161,Payment Document,23-01-2026,demo/evidence/MPL-0161_Payment_Document.pdf,Execution
EVD-00423,MPL-0161,Completion Certificate,11-04-2026,demo/evidence/MPL-0161_Completion_Certificate.pdf,Payment
EVD-00424,MPL-0162,Progress Photo,15-10-2026,demo/evidence/MPL-0162_Progress_Photo.pdf,Execution
EVD-00425,MPL-0163,Payment Document,19-05-2026,demo/evidence/MPL-0163_Payment_Document.pdf,Payment
EVD-00426,MPL-0163,Completion Certificate,09-04-2026,demo/evidence/MPL-0163_Completion_Certificate.pdf,Completion
EVD-00427,MPL-0163,Progress Photo,16-11-2026,demo/evidence/MPL-0163_Progress_Photo.pdf,Payment
EVD-00428,MPL-0163,Sanction Document,19-05-2026,demo/evidence/MPL-0163_Sanction_Document.pdf,Sanction
EVD-00429,MPL-0164,Completion Certificate,07-06-2026,demo/evidence/MPL-0164_Completion_Certificate.pdf,Execution
EVD-00430,MPL-0164,Sanction Document,22-07-2026,demo/evidence/MPL-0164_Sanction_Document.pdf,Payment
EVD-00431,MPL-0165,Progress Photo,18-06-2026,demo/evidence/MPL-0165_Progress_Photo.pdf,Sanction
EVD-00432,MPL-0166,Inspection Report,25-05-2026,demo/evidence/MPL-0166_Inspection_Report.pdf,Payment
EVD-00433,MPL-0167,Progress Photo,28-01-2027,demo/evidence/MPL-0167_Progress_Photo.pdf,Payment
EVD-00434,MPL-0167,Inspection Report,13-09-2026,demo/evidence/MPL-0167_Inspection_Report.pdf,Sanction
EVD-00435,MPL-0168,Progress Photo,16-12-2026,demo/evidence/MPL-0168_Progress_Photo.pdf,Completion
EVD-00436,MPL-0168,Completion Certificate,16-01-2027,demo/evidence/MPL-0168_Completion_Certificate.pdf,Execution
EVD-00437,MPL-0169,Completion Certificate,07-08-2026,demo/evidence/MPL-0169_Completion_Certificate.pdf,Payment
EVD-00438,MPL-0169,Progress Photo,04-11-2026,demo/evidence/MPL-0169_Progress_Photo.pdf,Payment
EVD-00439,MPL-0170,Payment Document,23-02-2027,demo/evidence/MPL-0170_Payment_Document.pdf,Completion
EVD-00440,MPL-0170,Sanction Document,02-10-2026,demo/evidence/MPL-0170_Sanction_Document.pdf,Execution
EVD-00441,MPL-0170,Progress Photo,14-11-2026,demo/evidence/MPL-0170_Progress_Photo.pdf,Sanction
EVD-00442,MPL-0170,Completion Certificate,22-08-2026,demo/evidence/MPL-0170_Completion_Certificate.pdf,Execution
EVD-00443,MPL-0171,Sanction Document,31-12-2026,demo/evidence/MPL-0171_Sanction_Document.pdf,Payment
EVD-00444,MPL-0171,Progress Photo,08-11-2026,demo/evidence/MPL-0171_Progress_Photo.pdf,Execution
EVD-00445,MPL-0171,Payment Document,19-06-2026,demo/evidence/MPL-0171_Payment_Document.pdf,Payment
EVD-00446,MPL-0171,Inspection Report,02-01-2027,demo/evidence/MPL-0171_Inspection_Report.pdf,Completion
EVD-00447,MPL-0172,Completion Certificate,10-09-2026,demo/evidence/MPL-0172_Completion_Certificate.pdf,Sanction
EVD-00448,MPL-0173,Progress Photo,21-08-2026,demo/evidence/MPL-0173_Progress_Photo.pdf,Sanction
EVD-00449,MPL-0173,Completion Certificate,29-07-2026,demo/evidence/MPL-0173_Completion_Certificate.pdf,Execution
EVD-00450,MPL-0173,Sanction Document,04-12-2026,demo/evidence/MPL-0173_Sanction_Document.pdf,Execution
EVD-00451,MPL-0173,Inspection Report,17-06-2026,demo/evidence/MPL-0173_Inspection_Report.pdf,Execution
EVD-00452,MPL-0174,Payment Document,29-01-2027,demo/evidence/MPL-0174_Payment_Document.pdf,Sanction
EVD-00453,MPL-0175,Progress Photo,17-09-2026,demo/evidence/MPL-0175_Progress_Photo.pdf,Sanction
EVD-00454,MPL-0175,Payment Document,05-04-2026,demo/evidence/MPL-0175_Payment_Document.pdf,Completion
EVD-00455,MPL-0175,Inspection Report,26-05-2026,demo/evidence/MPL-0175_Inspection_Report.pdf,Payment
EVD-00456,MPL-0175,Completion Certificate,27-07-2026,demo/evidence/MPL-0175_Completion_Certificate.pdf,Sanction
EVD-00457,MPL-0176,Completion Certificate,21-12-2026,demo/evidence/MPL-0176_Completion_Certificate.pdf,Execution
EVD-00458,MPL-0176,Inspection Report,12-06-2026,demo/evidence/MPL-0176_Inspection_Report.pdf,Completion
EVD-00459,MPL-0176,Payment Document,03-02-2027,demo/evidence/MPL-0176_Payment_Document.pdf,Sanction
EVD-00460,MPL-0177,Payment Document,15-08-2026,demo/evidence/MPL-0177_Payment_Document.pdf,Completion
EVD-00461,MPL-0178,Progress Photo,26-04-2027,demo/evidence/MPL-0178_Progress_Photo.pdf,Execution
EVD-00462,MPL-0178,Inspection Report,06-03-2027,demo/evidence/MPL-0178_Inspection_Report.pdf,Completion
EVD-00463,MPL-0179,Completion Certificate,22-07-2026,demo/evidence/MPL-0179_Completion_Certificate.pdf,Payment
EVD-00464,MPL-0179,Payment Document,02-03-2026,demo/evidence/MPL-0179_Payment_Document.pdf,Sanction
EVD-00465,MPL-0180,Sanction Document,23-05-2026,demo/evidence/MPL-0180_Sanction_Document.pdf,Sanction
EVD-00466,MPL-0180,Inspection Report,28-03-2026,demo/evidence/MPL-0180_Inspection_Report.pdf,Execution
EVD-00467,MPL-0181,Completion Certificate,22-11-2026,demo/evidence/MPL-0181_Completion_Certificate.pdf,Execution
EVD-00468,MPL-0181,Payment Document,18-06-2026,demo/evidence/MPL-0181_Payment_Document.pdf,Execution
EVD-00469,MPL-0182,Progress Photo,22-06-2026,demo/evidence/MPL-0182_Progress_Photo.pdf,Payment
EVD-00470,MPL-0182,Payment Document,27-09-2026,demo/evidence/MPL-0182_Payment_Document.pdf,Completion
EVD-00471,MPL-0183,Sanction Document,06-01-2027,demo/evidence/MPL-0183_Sanction_Document.pdf,Sanction
EVD-00472,MPL-0183,Completion Certificate,16-05-2026,demo/evidence/MPL-0183_Completion_Certificate.pdf,Completion
EVD-00473,MPL-0183,Payment Document,14-10-2026,demo/evidence/MPL-0183_Payment_Document.pdf,Execution
EVD-00474,MPL-0184,Sanction Document,11-03-2026,demo/evidence/MPL-0184_Sanction_Document.pdf,Execution
EVD-00475,MPL-0185,Sanction Document,16-02-2026,demo/evidence/MPL-0185_Sanction_Document.pdf,Payment
EVD-00476,MPL-0186,Sanction Document,03-04-2026,demo/evidence/MPL-0186_Sanction_Document.pdf,Completion
EVD-00477,MPL-0186,Completion Certificate,08-10-2026,demo/evidence/MPL-0186_Completion_Certificate.pdf,Payment
EVD-00478,MPL-0187,Progress Photo,01-11-2026,demo/evidence/MPL-0187_Progress_Photo.pdf,Execution
EVD-00479,MPL-0187,Sanction Document,16-05-2026,demo/evidence/MPL-0187_Sanction_Document.pdf,Execution
EVD-00480,MPL-0188,Inspection Report,12-08-2026,demo/evidence/MPL-0188_Inspection_Report.pdf,Sanction
EVD-00481,MPL-0189,Payment Document,06-07-2026,demo/evidence/MPL-0189_Payment_Document.pdf,Payment
EVD-00482,MPL-0189,Inspection Report,07-04-2027,demo/evidence/MPL-0189_Inspection_Report.pdf,Execution
EVD-00483,MPL-0189,Progress Photo,18-01-2027,demo/evidence/MPL-0189_Progress_Photo.pdf,Completion
EVD-00484,MPL-0189,Completion Certificate,28-01-2027,demo/evidence/MPL-0189_Completion_Certificate.pdf,Payment
EVD-00485,MPL-0190,Completion Certificate,05-06-2026,demo/evidence/MPL-0190_Completion_Certificate.pdf,Sanction
EVD-00486,MPL-0190,Progress Photo,10-04-2026,demo/evidence/MPL-0190_Progress_Photo.pdf,Execution
EVD-00487,MPL-0190,Payment Document,30-01-2027,demo/evidence/MPL-0190_Payment_Document.pdf,Sanction
EVD-00488,MPL-0190,Inspection Report,28-10-2026,demo/evidence/MPL-0190_Inspection_Report.pdf,Sanction
EVD-00489,MPL-0191,Payment Document,30-09-2026,demo/evidence/MPL-0191_Payment_Document.pdf,Execution
EVD-00490,MPL-0191,Inspection Report,10-09-2026,demo/evidence/MPL-0191_Inspection_Report.pdf,Sanction
EVD-00491,MPL-0191,Completion Certificate,22-11-2026,demo/evidence/MPL-0191_Completion_Certificate.pdf,Execution
EVD-00492,MPL-0191,Progress Photo,14-04-2027,demo/evidence/MPL-0191_Progress_Photo.pdf,Payment
EVD-00493,MPL-0192,Completion Certificate,23-10-2026,demo/evidence/MPL-0192_Completion_Certificate.pdf,Completion
EVD-00494,MPL-0193,Sanction Document,10-09-2026,demo/evidence/MPL-0193_Sanction_Document.pdf,Sanction
EVD-00495,MPL-0193,Progress Photo,30-12-2026,demo/evidence/MPL-0193_Progress_Photo.pdf,Completion
EVD-00496,MPL-0194,Completion Certificate,18-06-2026,demo/evidence/MPL-0194_Completion_Certificate.pdf,Payment
EVD-00497,MPL-0195,Completion Certificate,28-02-2027,demo/evidence/MPL-0195_Completion_Certificate.pdf,Sanction
EVD-00498,MPL-0195,Payment Document,20-01-2027,demo/evidence/MPL-0195_Payment_Document.pdf,Execution
EVD-00499,MPL-0195,Sanction Document,25-01-2027,demo/evidence/MPL-0195_Sanction_Document.pdf,Execution
EVD-00500,MPL-0195,Inspection Report,20-08-2026,demo/evidence/MPL-0195_Inspection_Report.pdf,Completion
EVD-00501,MPL-0196,Payment Document,06-02-2027,demo/evidence/MPL-0196_Payment_Document.pdf,Payment
EVD-00502,MPL-0196,Progress Photo,23-08-2026,demo/evidence/MPL-0196_Progress_Photo.pdf,Payment
EVD-00503,MPL-0196,Sanction Document,03-05-2026,demo/evidence/MPL-0196_Sanction_Document.pdf,Completion
EVD-00504,MPL-0197,Inspection Report,26-01-2027,demo/evidence/MPL-0197_Inspection_Report.pdf,Execution
EVD-00505,MPL-0197,Sanction Document,16-07-2026,demo/evidence/MPL-0197_Sanction_Document.pdf,Completion
EVD-00506,MPL-0197,Payment Document,15-09-2026,demo/evidence/MPL-0197_Payment_Document.pdf,Sanction
EVD-00507,MPL-0197,Completion Certificate,24-08-2026,demo/evidence/MPL-0197_Completion_Certificate.pdf,Completion
EVD-00508,MPL-0198,Inspection Report,04-07-2026,demo/evidence/MPL-0198_Inspection_Report.pdf,Execution
EVD-00509,MPL-0198,Sanction Document,12-11-2026,demo/evidence/MPL-0198_Sanction_Document.pdf,Execution
EVD-00510,MPL-0199,Progress Photo,27-06-2026,demo/evidence/MPL-0199_Progress_Photo.pdf,Execution
EVD-00511,MPL-0199,Completion Certificate,15-09-2026,demo/evidence/MPL-0199_Completion_Certificate.pdf,Execution
EVD-00512,MPL-0199,Sanction Document,11-08-2026,demo/evidence/MPL-0199_Sanction_Document.pdf,Payment
EVD-00513,MPL-0199,Inspection Report,03-07-2026,demo/evidence/MPL-0199_Inspection_Report.pdf,Execution
EVD-00514,MPL-0200,Completion Certificate,31-01-2027,demo/evidence/MPL-0200_Completion_Certificate.pdf,Sanction
EVD-00515,MPL-0201,Completion Certificate,24-08-2026,demo/evidence/MPL-0201_Completion_Certificate.pdf,Execution
EVD-00516,MPL-0201,Progress Photo,16-11-2026,demo/evidence/MPL-0201_Progress_Photo.pdf,Sanction
EVD-00517,MPL-0201,Payment Document,13-04-2027,demo/evidence/MPL-0201_Payment_Document.pdf,Completion
EVD-00518,MPL-0201,Sanction Document,22-10-2026,demo/evidence/MPL-0201_Sanction_Document.pdf,Execution
EVD-00519,MPL-0202,Completion Certificate,20-06-2026,demo/evidence/MPL-0202_Completion_Certificate.pdf,Execution
EVD-00520,MPL-0202,Payment Document,12-07-2026,demo/evidence/MPL-0202_Payment_Document.pdf,Completion
EVD-00521,MPL-0203,Payment Document,08-10-2026,demo/evidence/MPL-0203_Payment_Document.pdf,Execution
EVD-00522,MPL-0203,Progress Photo,29-07-2026,demo/evidence/MPL-0203_Progress_Photo.pdf,Execution
EVD-00523,MPL-0204,Sanction Document,18-08-2026,demo/evidence/MPL-0204_Sanction_Document.pdf,Sanction
EVD-00524,MPL-0204,Progress Photo,27-05-2026,demo/evidence/MPL-0204_Progress_Photo.pdf,Payment
EVD-00525,MPL-0204,Payment Document,12-01-2027,demo/evidence/MPL-0204_Payment_Document.pdf,Completion
EVD-00526,MPL-0205,Progress Photo,07-12-2026,demo/evidence/MPL-0205_Progress_Photo.pdf,Completion
EVD-00527,MPL-0205,Payment Document,17-12-2026,demo/evidence/MPL-0205_Payment_Document.pdf,Payment
EVD-00528,MPL-0205,Inspection Report,11-02-2027,demo/evidence/MPL-0205_Inspection_Report.pdf,Payment
EVD-00529,MPL-0205,Sanction Document,19-01-2027,demo/evidence/MPL-0205_Sanction_Document.pdf,Completion
EVD-00530,MPL-0206,Payment Document,03-11-2026,demo/evidence/MPL-0206_Payment_Document.pdf,Completion
EVD-00531,MPL-0206,Sanction Document,09-01-2027,demo/evidence/MPL-0206_Sanction_Document.pdf,Completion
EVD-00532,MPL-0206,Inspection Report,19-11-2026,demo/evidence/MPL-0206_Inspection_Report.pdf,Completion
EVD-00533,MPL-0207,Completion Certificate,29-10-2026,demo/evidence/MPL-0207_Completion_Certificate.pdf,Payment
EVD-00534,MPL-0207,Inspection Report,17-09-2026,demo/evidence/MPL-0207_Inspection_Report.pdf,Sanction
EVD-00535,MPL-0207,Progress Photo,13-10-2026,demo/evidence/MPL-0207_Progress_Photo.pdf,Payment
EVD-00536,MPL-0207,Sanction Document,08-12-2026,demo/evidence/MPL-0207_Sanction_Document.pdf,Payment
EVD-00537,MPL-0208,Completion Certificate,08-02-2026,demo/evidence/MPL-0208_Completion_Certificate.pdf,Payment
EVD-00538,MPL-0209,Completion Certificate,22-04-2026,demo/evidence/MPL-0209_Completion_Certificate.pdf,Completion
EVD-00539,MPL-0209,Progress Photo,19-11-2026,demo/evidence/MPL-0209_Progress_Photo.pdf,Execution
EVD-00540,MPL-0209,Sanction Document,02-07-2026,demo/evidence/MPL-0209_Sanction_Document.pdf,Payment
EVD-00541,MPL-0210,Inspection Report,06-09-2026,demo/evidence/MPL-0210_Inspection_Report.pdf,Execution
EVD-00542,MPL-0210,Payment Document,17-07-2026,demo/evidence/MPL-0210_Payment_Document.pdf,Completion
EVD-00543,MPL-0210,Sanction Document,29-11-2026,demo/evidence/MPL-0210_Sanction_Document.pdf,Execution
EVD-00544,MPL-0210,Progress Photo,10-11-2026,demo/evidence/MPL-0210_Progress_Photo.pdf,Payment
EVD-00545,MPL-0211,Payment Document,19-08-2026,demo/evidence/MPL-0211_Payment_Document.pdf,Completion
EVD-00546,MPL-0212,Payment Document,21-03-2026,demo/evidence/MPL-0212_Payment_Document.pdf,Payment
EVD-00547,MPL-0213,Sanction Document,03-01-2027,demo/evidence/MPL-0213_Sanction_Document.pdf,Sanction
EVD-00548,MPL-0213,Completion Certificate,06-11-2026,demo/evidence/MPL-0213_Completion_Certificate.pdf,Payment
EVD-00549,MPL-0214,Sanction Document,05-04-2027,demo/evidence/MPL-0214_Sanction_Document.pdf,Completion
EVD-00550,MPL-0214,Progress Photo,09-10-2026,demo/evidence/MPL-0214_Progress_Photo.pdf,Completion
EVD-00551,MPL-0214,Completion Certificate,12-10-2026,demo/evidence/MPL-0214_Completion_Certificate.pdf,Sanction
EVD-00552,MPL-0215,Progress Photo,14-11-2026,demo/evidence/MPL-0215_Progress_Photo.pdf,Sanction
EVD-00553,MPL-0216,Completion Certificate,07-05-2026,demo/evidence/MPL-0216_Completion_Certificate.pdf,Sanction
EVD-00554,MPL-0216,Payment Document,11-09-2026,demo/evidence/MPL-0216_Payment_Document.pdf,Completion
EVD-00555,MPL-0216,Progress Photo,23-04-2026,demo/evidence/MPL-0216_Progress_Photo.pdf,Payment
EVD-00556,MPL-0216,Inspection Report,16-08-2026,demo/evidence/MPL-0216_Inspection_Report.pdf,Execution
EVD-00557,MPL-0217,Payment Document,23-08-2026,demo/evidence/MPL-0217_Payment_Document.pdf,Completion
EVD-00558,MPL-0217,Completion Certificate,07-02-2027,demo/evidence/MPL-0217_Completion_Certificate.pdf,Completion
EVD-00559,MPL-0218,Payment Document,29-06-2026,demo/evidence/MPL-0218_Payment_Document.pdf,Completion
EVD-00560,MPL-0218,Inspection Report,10-08-2026,demo/evidence/MPL-0218_Inspection_Report.pdf,Execution
EVD-00561,MPL-0218,Progress Photo,15-05-2026,demo/evidence/MPL-0218_Progress_Photo.pdf,Completion
EVD-00562,MPL-0219,Sanction Document,17-02-2027,demo/evidence/MPL-0219_Sanction_Document.pdf,Completion
EVD-00563,MPL-0219,Completion Certificate,01-09-2026,demo/evidence/MPL-0219_Completion_Certificate.pdf,Completion
EVD-00564,MPL-0219,Inspection Report,16-01-2027,demo/evidence/MPL-0219_Inspection_Report.pdf,Payment
EVD-00565,MPL-0220,Sanction Document,07-08-2026,demo/evidence/MPL-0220_Sanction_Document.pdf,Payment
EVD-00566,MPL-0220,Completion Certificate,12-07-2026,demo/evidence/MPL-0220_Completion_Certificate.pdf,Sanction
EVD-00567,MPL-0220,Inspection Report,10-12-2026,demo/evidence/MPL-0220_Inspection_Report.pdf,Execution
EVD-00568,MPL-0220,Progress Photo,21-01-2027,demo/evidence/MPL-0220_Progress_Photo.pdf,Sanction
EVD-00569,MPL-0221,Payment Document,12-09-2026,demo/evidence/MPL-0221_Payment_Document.pdf,Sanction
EVD-00570,MPL-0222,Progress Photo,25-09-2026,demo/evidence/MPL-0222_Progress_Photo.pdf,Completion
EVD-00571,MPL-0223,Sanction Document,12-08-2026,demo/evidence/MPL-0223_Sanction_Document.pdf,Execution
EVD-00572,MPL-0223,Progress Photo,17-08-2026,demo/evidence/MPL-0223_Progress_Photo.pdf,Completion
EVD-00573,MPL-0224,Progress Photo,09-03-2026,demo/evidence/MPL-0224_Progress_Photo.pdf,Payment
EVD-00574,MPL-0224,Inspection Report,20-06-2026,demo/evidence/MPL-0224_Inspection_Report.pdf,Sanction
EVD-00575,MPL-0225,Inspection Report,05-11-2026,demo/evidence/MPL-0225_Inspection_Report.pdf,Execution
EVD-00576,MPL-0225,Progress Photo,14-03-2026,demo/evidence/MPL-0225_Progress_Photo.pdf,Execution
EVD-00577,MPL-0226,Sanction Document,03-01-2027,demo/evidence/MPL-0226_Sanction_Document.pdf,Payment
EVD-00578,MPL-0227,Sanction Document,21-04-2026,demo/evidence/MPL-0227_Sanction_Document.pdf,Execution
EVD-00579,MPL-0227,Inspection Report,27-01-2027,demo/evidence/MPL-0227_Inspection_Report.pdf,Completion
EVD-00580,MPL-0227,Progress Photo,12-08-2026,demo/evidence/MPL-0227_Progress_Photo.pdf,Payment
EVD-00581,MPL-0228,Payment Document,11-05-2026,demo/evidence/MPL-0228_Payment_Document.pdf,Execution
EVD-00582,MPL-0228,Completion Certificate,07-04-2026,demo/evidence/MPL-0228_Completion_Certificate.pdf,Execution
EVD-00583,MPL-0229,Inspection Report,13-12-2026,demo/evidence/MPL-0229_Inspection_Report.pdf,Execution
EVD-00584,MPL-0229,Sanction Document,26-10-2026,demo/evidence/MPL-0229_Sanction_Document.pdf,Execution
EVD-00585,MPL-0230,Payment Document,15-09-2026,demo/evidence/MPL-0230_Payment_Document.pdf,Completion
EVD-00586,MPL-0231,Payment Document,19-06-2026,demo/evidence/MPL-0231_Payment_Document.pdf,Execution
EVD-00587,MPL-0231,Sanction Document,16-11-2026,demo/evidence/MPL-0231_Sanction_Document.pdf,Completion
EVD-00588,MPL-0232,Completion Certificate,01-08-2026,demo/evidence/MPL-0232_Completion_Certificate.pdf,Sanction
EVD-00589,MPL-0233,Inspection Report,04-08-2026,demo/evidence/MPL-0233_Inspection_Report.pdf,Execution
EVD-00590,MPL-0233,Progress Photo,27-01-2027,demo/evidence/MPL-0233_Progress_Photo.pdf,Completion
EVD-00591,MPL-0233,Completion Certificate,11-09-2026,demo/evidence/MPL-0233_Completion_Certificate.pdf,Execution
EVD-00592,MPL-0233,Sanction Document,22-10-2026,demo/evidence/MPL-0233_Sanction_Document.pdf,Completion
EVD-00593,MPL-0234,Progress Photo,11-04-2026,demo/evidence/MPL-0234_Progress_Photo.pdf,Completion
EVD-00594,MPL-0235,Sanction Document,29-09-2026,demo/evidence/MPL-0235_Sanction_Document.pdf,Sanction
EVD-00595,MPL-0236,Completion Certificate,04-04-2027,demo/evidence/MPL-0236_Completion_Certificate.pdf,Execution
EVD-00596,MPL-0236,Sanction Document,06-08-2026,demo/evidence/MPL-0236_Sanction_Document.pdf,Completion
EVD-00597,MPL-0236,Payment Document,30-01-2027,demo/evidence/MPL-0236_Payment_Document.pdf,Payment
EVD-00598,MPL-0237,Inspection Report,19-12-2026,demo/evidence/MPL-0237_Inspection_Report.pdf,Completion
EVD-00599,MPL-0237,Completion Certificate,17-11-2026,demo/evidence/MPL-0237_Completion_Certificate.pdf,Execution
EVD-00600,MPL-0237,Progress Photo,18-09-2026,demo/evidence/MPL-0237_Progress_Photo.pdf,Execution
EVD-00601,MPL-0238,Sanction Document,18-08-2026,demo/evidence/MPL-0238_Sanction_Document.pdf,Sanction
EVD-00602,MPL-0238,Completion Certificate,21-07-2026,demo/evidence/MPL-0238_Completion_Certificate.pdf,Payment
EVD-00603,MPL-0239,Sanction Document,18-12-2026,demo/evidence/MPL-0239_Sanction_Document.pdf,Execution
EVD-00604,MPL-0239,Payment Document,06-06-2026,demo/evidence/MPL-0239_Payment_Document.pdf,Execution
EVD-00605,MPL-0239,Inspection Report,01-09-2026,demo/evidence/MPL-0239_Inspection_Report.pdf,Completion
EVD-00606,MPL-0240,Inspection Report,12-09-2026,demo/evidence/MPL-0240_Inspection_Report.pdf,Payment
EVD-00607,MPL-0241,Payment Document,01-12-2026,demo/evidence/MPL-0241_Payment_Document.pdf,Execution
EVD-00608,MPL-0241,Progress Photo,16-01-2027,demo/evidence/MPL-0241_Progress_Photo.pdf,Execution
EVD-00609,MPL-0242,Progress Photo,17-11-2026,demo/evidence/MPL-0242_Progress_Photo.pdf,Sanction
EVD-00610,MPL-0243,Inspection Report,25-08-2026,demo/evidence/MPL-0243_Inspection_Report.pdf,Execution
EVD-00611,MPL-0243,Completion Certificate,06-07-2026,demo/evidence/MPL-0243_Completion_Certificate.pdf,Completion
EVD-00612,MPL-0243,Sanction Document,11-12-2026,demo/evidence/MPL-0243_Sanction_Document.pdf,Execution
EVD-00613,MPL-0244,Progress Photo,19-07-2026,demo/evidence/MPL-0244_Progress_Photo.pdf,Sanction
EVD-00614,MPL-0244,Payment Document,02-11-2026,demo/evidence/MPL-0244_Payment_Document.pdf,Completion
EVD-00615,MPL-0244,Completion Certificate,10-10-2026,demo/evidence/MPL-0244_Completion_Certificate.pdf,Completion
EVD-00616,MPL-0245,Completion Certificate,04-12-2026,demo/evidence/MPL-0245_Completion_Certificate.pdf,Completion
EVD-00617,MPL-0246,Completion Certificate,12-12-2026,demo/evidence/MPL-0246_Completion_Certificate.pdf,Completion
EVD-00618,MPL-0246,Inspection Report,10-07-2026,demo/evidence/MPL-0246_Inspection_Report.pdf,Payment
EVD-00619,MPL-0247,Inspection Report,15-11-2026,demo/evidence/MPL-0247_Inspection_Report.pdf,Payment
EVD-00620,MPL-0247,Progress Photo,23-03-2027,demo/evidence/MPL-0247_Progress_Photo.pdf,Sanction
EVD-00621,MPL-0247,Sanction Document,02-09-2026,demo/evidence/MPL-0247_Sanction_Document.pdf,Sanction
EVD-00622,MPL-0248,Progress Photo,14-08-2026,demo/evidence/MPL-0248_Progress_Photo.pdf,Sanction
EVD-00623,MPL-0248,Inspection Report,08-05-2026,demo/evidence/MPL-0248_Inspection_Report.pdf,Payment
EVD-00624,MPL-0248,Payment Document,14-09-2026,demo/evidence/MPL-0248_Payment_Document.pdf,Completion
EVD-00625,MPL-0249,Progress Photo,10-01-2027,demo/evidence/MPL-0249_Progress_Photo.pdf,Execution
EVD-00626,MPL-0249,Completion Certificate,30-04-2027,demo/evidence/MPL-0249_Completion_Certificate.pdf,Payment
EVD-00627,MPL-0249,Payment Document,17-02-2027,demo/evidence/MPL-0249_Payment_Document.pdf,Completion
EVD-00628,MPL-0250,Sanction Document,15-04-2026,demo/evidence/MPL-0250_Sanction_Document.pdf,Execution
EVD-00629,MPL-0250,Progress Photo,24-04-2026,demo/evidence/MPL-0250_Progress_Photo.pdf,Payment
EVD-00630,MPL-0250,Completion Certificate,10-07-2026,demo/evidence/MPL-0250_Completion_Certificate.pdf,Completion
EVD-00631,MPL-0251,Progress Photo,21-02-2027,demo/evidence/MPL-0251_Progress_Photo.pdf,Sanction
EVD-00632,MPL-0251,Completion Certificate,20-08-2026,demo/evidence/MPL-0251_Completion_Certificate.pdf,Sanction
EVD-00633,MPL-0252,Payment Document,18-07-2026,demo/evidence/MPL-0252_Payment_Document.pdf,Execution
EVD-00634,MPL-0252,Progress Photo,12-11-2026,demo/evidence/MPL-0252_Progress_Photo.pdf,Completion
EVD-00635,MPL-0253,Completion Certificate,31-12-2026,demo/evidence/MPL-0253_Completion_Certificate.pdf,Completion
EVD-00636,MPL-0253,Inspection Report,05-07-2026,demo/evidence/MPL-0253_Inspection_Report.pdf,Sanction
EVD-00637,MPL-0253,Sanction Document,09-06-2026,demo/evidence/MPL-0253_Sanction_Document.pdf,Completion
EVD-00638,MPL-0253,Progress Photo,23-11-2026,demo/evidence/MPL-0253_Progress_Photo.pdf,Completion
EVD-00639,MPL-0254,Progress Photo,28-07-2026,demo/evidence/MPL-0254_Progress_Photo.pdf,Completion
EVD-00640,MPL-0254,Sanction Document,07-12-2026,demo/evidence/MPL-0254_Sanction_Document.pdf,Sanction
EVD-00641,MPL-0255,Payment Document,09-11-2026,demo/evidence/MPL-0255_Payment_Document.pdf,Execution
EVD-00642,MPL-0255,Inspection Report,27-08-2026,demo/evidence/MPL-0255_Inspection_Report.pdf,Payment
EVD-00643,MPL-0255,Completion Certificate,24-08-2026,demo/evidence/MPL-0255_Completion_Certificate.pdf,Sanction
EVD-00644,MPL-0255,Sanction Document,17-03-2027,demo/evidence/MPL-0255_Sanction_Document.pdf,Sanction
EVD-00645,MPL-0256,Payment Document,20-01-2027,demo/evidence/MPL-0256_Payment_Document.pdf,Payment
EVD-00646,MPL-0256,Completion Certificate,04-08-2026,demo/evidence/MPL-0256_Completion_Certificate.pdf,Execution
EVD-00647,MPL-0256,Progress Photo,05-07-2026,demo/evidence/MPL-0256_Progress_Photo.pdf,Execution
EVD-00648,MPL-0256,Inspection Report,26-05-2026,demo/evidence/MPL-0256_Inspection_Report.pdf,Execution
EVD-00649,MPL-0257,Completion Certificate,21-06-2026,demo/evidence/MPL-0257_Completion_Certificate.pdf,Payment
EVD-00650,MPL-0258,Payment Document,20-01-2027,demo/evidence/MPL-0258_Payment_Document.pdf,Completion
EVD-00651,MPL-0259,Payment Document,17-12-2026,demo/evidence/MPL-0259_Payment_Document.pdf,Sanction
EVD-00652,MPL-0259,Inspection Report,11-05-2026,demo/evidence/MPL-0259_Inspection_Report.pdf,Sanction
EVD-00653,MPL-0259,Sanction Document,26-06-2026,demo/evidence/MPL-0259_Sanction_Document.pdf,Completion
EVD-00654,MPL-0260,Inspection Report,24-11-2026,demo/evidence/MPL-0260_Inspection_Report.pdf,Completion
EVD-00655,MPL-0260,Payment Document,14-08-2026,demo/evidence/MPL-0260_Payment_Document.pdf,Completion
EVD-00656,MPL-0260,Sanction Document,12-01-2027,demo/evidence/MPL-0260_Sanction_Document.pdf,Completion
EVD-00657,MPL-0260,Completion Certificate,20-08-2026,demo/evidence/MPL-0260_Completion_Certificate.pdf,Sanction
EVD-00658,MPL-0261,Sanction Document,27-03-2026,demo/evidence/MPL-0261_Sanction_Document.pdf,Payment
EVD-00659,MPL-0261,Inspection Report,26-08-2026,demo/evidence/MPL-0261_Inspection_Report.pdf,Sanction
EVD-00660,MPL-0261,Completion Certificate,21-03-2026,demo/evidence/MPL-0261_Completion_Certificate.pdf,Completion
EVD-00661,MPL-0261,Payment Document,13-07-2026,demo/evidence/MPL-0261_Payment_Document.pdf,Payment
EVD-00662,MPL-0262,Sanction Document,17-04-2026,demo/evidence/MPL-0262_Sanction_Document.pdf,Completion
EVD-00663,MPL-0262,Inspection Report,15-08-2026,demo/evidence/MPL-0262_Inspection_Report.pdf,Completion
EVD-00664,MPL-0262,Progress Photo,07-02-2027,demo/evidence/MPL-0262_Progress_Photo.pdf,Execution
EVD-00665,MPL-0263,Inspection Report,21-07-2026,demo/evidence/MPL-0263_Inspection_Report.pdf,Completion
EVD-00666,MPL-0263,Progress Photo,03-09-2026,demo/evidence/MPL-0263_Progress_Photo.pdf,Payment
EVD-00667,MPL-0263,Completion Certificate,25-08-2026,demo/evidence/MPL-0263_Completion_Certificate.pdf,Sanction
EVD-00668,MPL-0263,Sanction Document,17-11-2026,demo/evidence/MPL-0263_Sanction_Document.pdf,Completion
EVD-00669,MPL-0264,Sanction Document,03-12-2026,demo/evidence/MPL-0264_Sanction_Document.pdf,Payment
EVD-00670,MPL-0265,Sanction Document,01-02-2027,demo/evidence/MPL-0265_Sanction_Document.pdf,Execution
EVD-00671,MPL-0266,Inspection Report,21-10-2026,demo/evidence/MPL-0266_Inspection_Report.pdf,Sanction
EVD-00672,MPL-0266,Sanction Document,30-11-2026,demo/evidence/MPL-0266_Sanction_Document.pdf,Payment
EVD-00673,MPL-0266,Completion Certificate,18-03-2027,demo/evidence/MPL-0266_Completion_Certificate.pdf,Payment
EVD-00674,MPL-0266,Payment Document,02-05-2027,demo/evidence/MPL-0266_Payment_Document.pdf,Completion
EVD-00675,MPL-0267,Payment Document,30-12-2026,demo/evidence/MPL-0267_Payment_Document.pdf,Execution
EVD-00676,MPL-0267,Inspection Report,21-10-2026,demo/evidence/MPL-0267_Inspection_Report.pdf,Payment
EVD-00677,MPL-0267,Completion Certificate,03-10-2026,demo/evidence/MPL-0267_Completion_Certificate.pdf,Payment
EVD-00678,MPL-0268,Payment Document,30-05-2026,demo/evidence/MPL-0268_Payment_Document.pdf,Payment
EVD-00679,MPL-0268,Completion Certificate,02-03-2027,demo/evidence/MPL-0268_Completion_Certificate.pdf,Sanction
EVD-00680,MPL-0269,Completion Certificate,18-08-2026,demo/evidence/MPL-0269_Completion_Certificate.pdf,Payment
EVD-00681,MPL-0269,Sanction Document,29-01-2027,demo/evidence/MPL-0269_Sanction_Document.pdf,Completion
EVD-00682,MPL-0269,Payment Document,31-08-2026,demo/evidence/MPL-0269_Payment_Document.pdf,Execution
EVD-00683,MPL-0269,Progress Photo,27-01-2027,demo/evidence/MPL-0269_Progress_Photo.pdf,Payment
EVD-00684,MPL-0270,Payment Document,09-06-2026,demo/evidence/MPL-0270_Payment_Document.pdf,Execution
EVD-00685,MPL-0270,Progress Photo,20-04-2026,demo/evidence/MPL-0270_Progress_Photo.pdf,Payment
EVD-00686,MPL-0270,Completion Certificate,08-12-2026,demo/evidence/MPL-0270_Completion_Certificate.pdf,Completion
EVD-00687,MPL-0270,Inspection Report,31-05-2026,demo/evidence/MPL-0270_Inspection_Report.pdf,Completion
EVD-00688,MPL-0271,Completion Certificate,23-03-2026,demo/evidence/MPL-0271_Completion_Certificate.pdf,Execution
EVD-00689,MPL-0271,Payment Document,21-04-2026,demo/evidence/MPL-0271_Payment_Document.pdf,Sanction
EVD-00690,MPL-0272,Completion Certificate,03-01-2027,demo/evidence/MPL-0272_Completion_Certificate.pdf,Execution
EVD-00691,MPL-0273,Sanction Document,29-05-2026,demo/evidence/MPL-0273_Sanction_Document.pdf,Completion
EVD-00692,MPL-0274,Inspection Report,20-11-2026,demo/evidence/MPL-0274_Inspection_Report.pdf,Payment
EVD-00693,MPL-0275,Sanction Document,10-02-2027,demo/evidence/MPL-0275_Sanction_Document.pdf,Payment
EVD-00694,MPL-0275,Payment Document,02-01-2027,demo/evidence/MPL-0275_Payment_Document.pdf,Completion
EVD-00695,MPL-0275,Inspection Report,09-05-2027,demo/evidence/MPL-0275_Inspection_Report.pdf,Execution
EVD-00696,MPL-0276,Progress Photo,27-06-2026,demo/evidence/MPL-0276_Progress_Photo.pdf,Sanction
EVD-00697,MPL-0276,Sanction Document,23-11-2026,demo/evidence/MPL-0276_Sanction_Document.pdf,Payment
EVD-00698,MPL-0277,Payment Document,10-03-2027,demo/evidence/MPL-0277_Payment_Document.pdf,Execution
EVD-00699,MPL-0277,Inspection Report,16-02-2027,demo/evidence/MPL-0277_Inspection_Report.pdf,Sanction
EVD-00700,MPL-0277,Progress Photo,16-05-2026,demo/evidence/MPL-0277_Progress_Photo.pdf,Execution
EVD-00701,MPL-0277,Completion Certificate,31-10-2026,demo/evidence/MPL-0277_Completion_Certificate.pdf,Sanction
EVD-00702,MPL-0278,Progress Photo,13-12-2026,demo/evidence/MPL-0278_Progress_Photo.pdf,Payment
EVD-00703,MPL-0278,Sanction Document,08-11-2026,demo/evidence/MPL-0278_Sanction_Document.pdf,Payment
EVD-00704,MPL-0279,Sanction Document,30-11-2026,demo/evidence/MPL-0279_Sanction_Document.pdf,Sanction
EVD-00705,MPL-0279,Payment Document,12-01-2027,demo/evidence/MPL-0279_Payment_Document.pdf,Completion
EVD-00706,MPL-0279,Inspection Report,13-05-2026,demo/evidence/MPL-0279_Inspection_Report.pdf,Execution
EVD-00707,MPL-0279,Completion Certificate,08-05-2026,demo/evidence/MPL-0279_Completion_Certificate.pdf,Payment
EVD-00708,MPL-0280,Completion Certificate,29-08-2026,demo/evidence/MPL-0280_Completion_Certificate.pdf,Payment
EVD-00709,MPL-0280,Payment Document,08-11-2026,demo/evidence/MPL-0280_Payment_Document.pdf,Completion
EVD-00710,MPL-0280,Progress Photo,10-08-2026,demo/evidence/MPL-0280_Progress_Photo.pdf,Sanction
EVD-00711,MPL-0281,Sanction Document,29-10-2026,demo/evidence/MPL-0281_Sanction_Document.pdf,Payment
EVD-00712,MPL-0282,Sanction Document,26-06-2026,demo/evidence/MPL-0282_Sanction_Document.pdf,Execution
EVD-00713,MPL-0283,Inspection Report,20-06-2026,demo/evidence/MPL-0283_Inspection_Report.pdf,Sanction
EVD-00714,MPL-0283,Sanction Document,17-08-2026,demo/evidence/MPL-0283_Sanction_Document.pdf,Execution
EVD-00715,MPL-0284,Inspection Report,02-08-2026,demo/evidence/MPL-0284_Inspection_Report.pdf,Completion
EVD-00716,MPL-0284,Payment Document,04-07-2026,demo/evidence/MPL-0284_Payment_Document.pdf,Sanction
EVD-00717,MPL-0284,Progress Photo,29-03-2026,demo/evidence/MPL-0284_Progress_Photo.pdf,Payment
EVD-00718,MPL-0285,Inspection Report,22-01-2027,demo/evidence/MPL-0285_Inspection_Report.pdf,Completion
EVD-00719,MPL-0285,Completion Certificate,09-02-2027,demo/evidence/MPL-0285_Completion_Certificate.pdf,Sanction
EVD-00720,MPL-0286,Completion Certificate,11-09-2026,demo/evidence/MPL-0286_Completion_Certificate.pdf,Execution
EVD-00721,MPL-0287,Inspection Report,17-03-2026,demo/evidence/MPL-0287_Inspection_Report.pdf,Completion
EVD-00722,MPL-0287,Progress Photo,12-09-2026,demo/evidence/MPL-0287_Progress_Photo.pdf,Payment
EVD-00723,MPL-0287,Completion Certificate,04-03-2026,demo/evidence/MPL-0287_Completion_Certificate.pdf,Completion
EVD-00724,MPL-0288,Sanction Document,03-09-2026,demo/evidence/MPL-0288_Sanction_Document.pdf,Payment
EVD-00725,MPL-0288,Progress Photo,18-06-2026,demo/evidence/MPL-0288_Progress_Photo.pdf,Execution
EVD-00726,MPL-0288,Completion Certificate,13-09-2026,demo/evidence/MPL-0288_Completion_Certificate.pdf,Payment
EVD-00727,MPL-0289,Sanction Document,23-04-2026,demo/evidence/MPL-0289_Sanction_Document.pdf,Payment
EVD-00728,MPL-0290,Inspection Report,30-11-2026,demo/evidence/MPL-0290_Inspection_Report.pdf,Execution
EVD-00729,MPL-0290,Payment Document,20-09-2026,demo/evidence/MPL-0290_Payment_Document.pdf,Execution
EVD-00730,MPL-0290,Progress Photo,18-08-2026,demo/evidence/MPL-0290_Progress_Photo.pdf,Execution
EVD-00731,MPL-0290,Sanction Document,08-10-2026,demo/evidence/MPL-0290_Sanction_Document.pdf,Sanction
EVD-00732,MPL-0291,Progress Photo,13-08-2026,demo/evidence/MPL-0291_Progress_Photo.pdf,Completion
EVD-00733,MPL-0291,Sanction Document,15-12-2026,demo/evidence/MPL-0291_Sanction_Document.pdf,Sanction
EVD-00734,MPL-0292,Sanction Document,09-06-2026,demo/evidence/MPL-0292_Sanction_Document.pdf,Sanction
EVD-00735,MPL-0292,Progress Photo,04-06-2026,demo/evidence/MPL-0292_Progress_Photo.pdf,Execution
EVD-00736,MPL-0293,Inspection Report,26-03-2026,demo/evidence/MPL-0293_Inspection_Report.pdf,Sanction
EVD-00737,MPL-0293,Completion Certificate,27-09-2026,demo/evidence/MPL-0293_Completion_Certificate.pdf,Completion
EVD-00738,MPL-0293,Sanction Document,25-08-2026,demo/evidence/MPL-0293_Sanction_Document.pdf,Sanction
EVD-00739,MPL-0294,Inspection Report,13-10-2026,demo/evidence/MPL-0294_Inspection_Report.pdf,Execution
EVD-00740,MPL-0294,Sanction Document,03-06-2026,demo/evidence/MPL-0294_Sanction_Document.pdf,Execution
EVD-00741,MPL-0294,Completion Certificate,24-09-2026,demo/evidence/MPL-0294_Completion_Certificate.pdf,Payment
EVD-00742,MPL-0294,Payment Document,20-08-2026,demo/evidence/MPL-0294_Payment_Document.pdf,Sanction
EVD-00743,MPL-0295,Sanction Document,24-05-2026,demo/evidence/MPL-0295_Sanction_Document.pdf,Payment
EVD-00744,MPL-0296,Sanction Document,26-06-2026,demo/evidence/MPL-0296_Sanction_Document.pdf,Execution
EVD-00745,MPL-0296,Completion Certificate,03-03-2026,demo/evidence/MPL-0296_Completion_Certificate.pdf,Execution
EVD-00746,MPL-0296,Progress Photo,11-11-2026,demo/evidence/MPL-0296_Progress_Photo.pdf,Payment
EVD-00747,MPL-0296,Payment Document,30-09-2026,demo/evidence/MPL-0296_Payment_Document.pdf,Sanction
EVD-00748,MPL-0297,Progress Photo,01-03-2027,demo/evidence/MPL-0297_Progress_Photo.pdf,Execution
EVD-00749,MPL-0298,Sanction Document,22-02-2026,demo/evidence/MPL-0298_Sanction_Document.pdf,Payment
EVD-00750,MPL-0298,Payment Document,25-02-2026,demo/evidence/MPL-0298_Payment_Document.pdf,Completion
EVD-00751,MPL-0299,Payment Document,06-11-2026,demo/evidence/MPL-0299_Payment_Document.pdf,Completion
EVD-00752,MPL-0299,Inspection Report,19-08-2026,demo/evidence/MPL-0299_Inspection_Report.pdf,Payment
EVD-00753,MPL-0299,Completion Certificate,05-10-2026,demo/evidence/MPL-0299_Completion_Certificate.pdf,Sanction
EVD-00754,MPL-0299,Progress Photo,09-01-2027,demo/evidence/MPL-0299_Progress_Photo.pdf,Execution
EVD-00755,MPL-0300,Progress Photo,12-12-2026,demo/evidence/MPL-0300_Progress_Photo.pdf,Execution
EVD-00756,MPL-0300,Inspection Report,09-12-2026,demo/evidence/MPL-0300_Inspection_Report.pdf,Completion
EVD-00757,MPL-0300,Sanction Document,27-05-2026,demo/evidence/MPL-0300_Sanction_Document.pdf,Completion
EVD-00758,MPL-0301,Payment Document,11-09-2026,demo/evidence/MPL-0301_Payment_Document.pdf,Execution
EVD-00759,MPL-0301,Progress Photo,20-11-2026,demo/evidence/MPL-0301_Progress_Photo.pdf,Sanction
EVD-00760,MPL-0302,Inspection Report,21-10-2026,demo/evidence/MPL-0302_Inspection_Report.pdf,Payment
EVD-00761,MPL-0302,Completion Certificate,13-02-2027,demo/evidence/MPL-0302_Completion_Certificate.pdf,Execution
EVD-00762,MPL-0302,Payment Document,03-10-2026,demo/evidence/MPL-0302_Payment_Document.pdf,Completion
EVD-00763,MPL-0303,Sanction Document,11-04-2027,demo/evidence/MPL-0303_Sanction_Document.pdf,Sanction
EVD-00764,MPL-0303,Inspection Report,25-09-2026,demo/evidence/MPL-0303_Inspection_Report.pdf,Sanction
EVD-00765,MPL-0304,Progress Photo,05-05-2026,demo/evidence/MPL-0304_Progress_Photo.pdf,Sanction
EVD-00766,MPL-0304,Completion Certificate,07-01-2027,demo/evidence/MPL-0304_Completion_Certificate.pdf,Completion
EVD-00767,MPL-0305,Sanction Document,16-12-2026,demo/evidence/MPL-0305_Sanction_Document.pdf,Completion
EVD-00768,MPL-0306,Progress Photo,19-09-2026,demo/evidence/MPL-0306_Progress_Photo.pdf,Sanction
EVD-00769,MPL-0307,Payment Document,25-02-2027,demo/evidence/MPL-0307_Payment_Document.pdf,Execution
EVD-00770,MPL-0307,Progress Photo,22-10-2026,demo/evidence/MPL-0307_Progress_Photo.pdf,Sanction
EVD-00771,MPL-0307,Completion Certificate,19-02-2027,demo/evidence/MPL-0307_Completion_Certificate.pdf,Payment
EVD-00772,MPL-0307,Inspection Report,23-10-2026,demo/evidence/MPL-0307_Inspection_Report.pdf,Execution
EVD-00773,MPL-0308,Progress Photo,04-06-2026,demo/evidence/MPL-0308_Progress_Photo.pdf,Execution
EVD-00774,MPL-0308,Inspection Report,19-05-2026,demo/evidence/MPL-0308_Inspection_Report.pdf,Completion
EVD-00775,MPL-0308,Completion Certificate,22-09-2026,demo/evidence/MPL-0308_Completion_Certificate.pdf,Payment
EVD-00776,MPL-0309,Sanction Document,14-08-2026,demo/evidence/MPL-0309_Sanction_Document.pdf,Execution
EVD-00777,MPL-0309,Inspection Report,23-05-2026,demo/evidence/MPL-0309_Inspection_Report.pdf,Payment
EVD-00778,MPL-0310,Sanction Document,06-01-2027,demo/evidence/MPL-0310_Sanction_Document.pdf,Execution
EVD-00779,MPL-0310,Completion Certificate,06-01-2027,demo/evidence/MPL-0310_Completion_Certificate.pdf,Payment
EVD-00780,MPL-0310,Progress Photo,08-11-2026,demo/evidence/MPL-0310_Progress_Photo.pdf,Completion
EVD-00781,MPL-0311,Sanction Document,17-04-2027,demo/evidence/MPL-0311_Sanction_Document.pdf,Execution
EVD-00782,MPL-0311,Progress Photo,26-10-2026,demo/evidence/MPL-0311_Progress_Photo.pdf,Payment
EVD-00783,MPL-0312,Payment Document,25-11-2026,demo/evidence/MPL-0312_Payment_Document.pdf,Completion
EVD-00784,MPL-0312,Inspection Report,09-03-2027,demo/evidence/MPL-0312_Inspection_Report.pdf,Payment
EVD-00785,MPL-0312,Progress Photo,28-06-2026,demo/evidence/MPL-0312_Progress_Photo.pdf,Payment
EVD-00786,MPL-0313,Progress Photo,26-03-2027,demo/evidence/MPL-0313_Progress_Photo.pdf,Completion
EVD-00787,MPL-0313,Sanction Document,30-01-2027,demo/evidence/MPL-0313_Sanction_Document.pdf,Payment
EVD-00788,MPL-0313,Completion Certificate,21-06-2026,demo/evidence/MPL-0313_Completion_Certificate.pdf,Payment
EVD-00789,MPL-0313,Inspection Report,21-08-2026,demo/evidence/MPL-0313_Inspection_Report.pdf,Completion
EVD-00790,MPL-0314,Payment Document,14-07-2026,demo/evidence/MPL-0314_Payment_Document.pdf,Execution
EVD-00791,MPL-0314,Sanction Document,29-01-2027,demo/evidence/MPL-0314_Sanction_Document.pdf,Payment
EVD-00792,MPL-0314,Inspection Report,27-10-2026,demo/evidence/MPL-0314_Inspection_Report.pdf,Execution
EVD-00793,MPL-0314,Completion Certificate,13-08-2026,demo/evidence/MPL-0314_Completion_Certificate.pdf,Execution
EVD-00794,MPL-0315,Inspection Report,14-07-2026,demo/evidence/MPL-0315_Inspection_Report.pdf,Payment
EVD-00795,MPL-0315,Completion Certificate,08-02-2027,demo/evidence/MPL-0315_Completion_Certificate.pdf,Execution
EVD-00796,MPL-0315,Sanction Document,02-05-2026,demo/evidence/MPL-0315_Sanction_Document.pdf,Completion
EVD-00797,MPL-0315,Progress Photo,04-06-2026,demo/evidence/MPL-0315_Progress_Photo.pdf,Completion
EVD-00798,MPL-0316,Completion Certificate,19-03-2027,demo/evidence/MPL-0316_Completion_Certificate.pdf,Execution
EVD-00799,MPL-0316,Progress Photo,28-05-2026,demo/evidence/MPL-0316_Progress_Photo.pdf,Payment
EVD-00800,MPL-0316,Inspection Report,03-03-2027,demo/evidence/MPL-0316_Inspection_Report.pdf,Execution
EVD-00801,MPL-0317,Completion Certificate,22-04-2026,demo/evidence/MPL-0317_Completion_Certificate.pdf,Sanction
EVD-00802,MPL-0317,Payment Document,06-08-2026,demo/evidence/MPL-0317_Payment_Document.pdf,Completion
EVD-00803,MPL-0318,Progress Photo,24-03-2027,demo/evidence/MPL-0318_Progress_Photo.pdf,Payment
EVD-00804,MPL-0318,Sanction Document,03-11-2026,demo/evidence/MPL-0318_Sanction_Document.pdf,Completion
EVD-00805,MPL-0319,Inspection Report,30-12-2026,demo/evidence/MPL-0319_Inspection_Report.pdf,Execution
EVD-00806,MPL-0319,Sanction Document,02-12-2026,demo/evidence/MPL-0319_Sanction_Document.pdf,Execution
EVD-00807,MPL-0320,Sanction Document,12-01-2027,demo/evidence/MPL-0320_Sanction_Document.pdf,Sanction
EVD-00808,MPL-0320,Progress Photo,21-12-2026,demo/evidence/MPL-0320_Progress_Photo.pdf,Payment
EVD-00809,MPL-0320,Completion Certificate,23-03-2027,demo/evidence/MPL-0320_Completion_Certificate.pdf,Sanction
EVD-00810,MPL-0321,Progress Photo,12-08-2026,demo/evidence/MPL-0321_Progress_Photo.pdf,Execution
EVD-00811,MPL-0321,Sanction Document,21-03-2027,demo/evidence/MPL-0321_Sanction_Document.pdf,Sanction
EVD-00812,MPL-0321,Completion Certificate,11-07-2026,demo/evidence/MPL-0321_Completion_Certificate.pdf,Payment
EVD-00813,MPL-0322,Sanction Document,09-05-2026,demo/evidence/MPL-0322_Sanction_Document.pdf,Execution
EVD-00814,MPL-0322,Progress Photo,13-06-2026,demo/evidence/MPL-0322_Progress_Photo.pdf,Sanction
EVD-00815,MPL-0323,Progress Photo,09-11-2026,demo/evidence/MPL-0323_Progress_Photo.pdf,Sanction
EVD-00816,MPL-0323,Payment Document,18-12-2026,demo/evidence/MPL-0323_Payment_Document.pdf,Execution
EVD-00817,MPL-0324,Completion Certificate,11-12-2026,demo/evidence/MPL-0324_Completion_Certificate.pdf,Payment
EVD-00818,MPL-0324,Inspection Report,24-05-2026,demo/evidence/MPL-0324_Inspection_Report.pdf,Sanction
EVD-00819,MPL-0324,Payment Document,14-03-2027,demo/evidence/MPL-0324_Payment_Document.pdf,Sanction
EVD-00820,MPL-0324,Sanction Document,15-02-2027,demo/evidence/MPL-0324_Sanction_Document.pdf,Payment
EVD-00821,MPL-0325,Completion Certificate,01-07-2026,demo/evidence/MPL-0325_Completion_Certificate.pdf,Payment
EVD-00822,MPL-0325,Progress Photo,02-04-2026,demo/evidence/MPL-0325_Progress_Photo.pdf,Sanction
EVD-00823,MPL-0325,Sanction Document,14-02-2026,demo/evidence/MPL-0325_Sanction_Document.pdf,Completion
EVD-00824,MPL-0326,Completion Certificate,28-09-2026,demo/evidence/MPL-0326_Completion_Certificate.pdf,Completion
EVD-00825,MPL-0326,Inspection Report,19-06-2026,demo/evidence/MPL-0326_Inspection_Report.pdf,Payment
EVD-00826,MPL-0327,Inspection Report,21-12-2026,demo/evidence/MPL-0327_Inspection_Report.pdf,Payment
EVD-00827,MPL-0327,Completion Certificate,30-07-2026,demo/evidence/MPL-0327_Completion_Certificate.pdf,Completion
EVD-00828,MPL-0327,Sanction Document,05-08-2026,demo/evidence/MPL-0327_Sanction_Document.pdf,Execution
EVD-00829,MPL-0328,Sanction Document,17-05-2026,demo/evidence/MPL-0328_Sanction_Document.pdf,Completion
EVD-00830,MPL-0328,Progress Photo,19-05-2026,demo/evidence/MPL-0328_Progress_Photo.pdf,Execution
EVD-00831,MPL-0328,Payment Document,13-04-2026,demo/evidence/MPL-0328_Payment_Document.pdf,Execution
EVD-00832,MPL-0329,Progress Photo,23-02-2026,demo/evidence/MPL-0329_Progress_Photo.pdf,Sanction
EVD-00833,MPL-0329,Payment Document,16-06-2026,demo/evidence/MPL-0329_Payment_Document.pdf,Execution
EVD-00834,MPL-0330,Completion Certificate,04-12-2026,demo/evidence/MPL-0330_Completion_Certificate.pdf,Completion
EVD-00835,MPL-0330,Sanction Document,31-03-2027,demo/evidence/MPL-0330_Sanction_Document.pdf,Sanction
EVD-00836,MPL-0330,Progress Photo,28-08-2026,demo/evidence/MPL-0330_Progress_Photo.pdf,Completion
EVD-00837,MPL-0331,Sanction Document,21-12-2026,demo/evidence/MPL-0331_Sanction_Document.pdf,Sanction
EVD-00838,MPL-0331,Inspection Report,23-05-2026,demo/evidence/MPL-0331_Inspection_Report.pdf,Execution
EVD-00839,MPL-0331,Payment Document,27-04-2026,demo/evidence/MPL-0331_Payment_Document.pdf,Sanction
EVD-00840,MPL-0331,Completion Certificate,31-03-2026,demo/evidence/MPL-0331_Completion_Certificate.pdf,Execution
EVD-00841,MPL-0332,Inspection Report,12-06-2026,demo/evidence/MPL-0332_Inspection_Report.pdf,Sanction
EVD-00842,MPL-0332,Completion Certificate,13-06-2026,demo/evidence/MPL-0332_Completion_Certificate.pdf,Payment
EVD-00843,MPL-0332,Progress Photo,19-09-2026,demo/evidence/MPL-0332_Progress_Photo.pdf,Execution
EVD-00844,MPL-0332,Payment Document,14-03-2027,demo/evidence/MPL-0332_Payment_Document.pdf,Payment
EVD-00845,MPL-0333,Completion Certificate,29-07-2026,demo/evidence/MPL-0333_Completion_Certificate.pdf,Sanction
EVD-00846,MPL-0333,Inspection Report,25-04-2026,demo/evidence/MPL-0333_Inspection_Report.pdf,Payment
EVD-00847,MPL-0334,Payment Document,30-06-2026,demo/evidence/MPL-0334_Payment_Document.pdf,Payment
EVD-00848,MPL-0335,Completion Certificate,24-12-2026,demo/evidence/MPL-0335_Completion_Certificate.pdf,Sanction
EVD-00849,MPL-0335,Sanction Document,15-09-2026,demo/evidence/MPL-0335_Sanction_Document.pdf,Execution
EVD-00850,MPL-0336,Completion Certificate,12-06-2026,demo/evidence/MPL-0336_Completion_Certificate.pdf,Completion
EVD-00851,MPL-0336,Sanction Document,02-12-2026,demo/evidence/MPL-0336_Sanction_Document.pdf,Completion
EVD-00852,MPL-0336,Payment Document,04-08-2026,demo/evidence/MPL-0336_Payment_Document.pdf,Completion
EVD-00853,MPL-0336,Progress Photo,22-12-2026,demo/evidence/MPL-0336_Progress_Photo.pdf,Execution
EVD-00854,MPL-0337,Sanction Document,16-12-2026,demo/evidence/MPL-0337_Sanction_Document.pdf,Completion
EVD-00855,MPL-0337,Completion Certificate,17-07-2026,demo/evidence/MPL-0337_Completion_Certificate.pdf,Execution
EVD-00856,MPL-0338,Inspection Report,01-08-2026,demo/evidence/MPL-0338_Inspection_Report.pdf,Completion
EVD-00857,MPL-0338,Progress Photo,02-09-2026,demo/evidence/MPL-0338_Progress_Photo.pdf,Completion
EVD-00858,MPL-0338,Payment Document,22-01-2027,demo/evidence/MPL-0338_Payment_Document.pdf,Sanction
EVD-00859,MPL-0338,Sanction Document,08-10-2026,demo/evidence/MPL-0338_Sanction_Document.pdf,Completion
EVD-00860,MPL-0339,Progress Photo,28-07-2026,demo/evidence/MPL-0339_Progress_Photo.pdf,Execution
EVD-00861,MPL-0339,Completion Certificate,05-01-2027,demo/evidence/MPL-0339_Completion_Certificate.pdf,Execution
EVD-00862,MPL-0339,Inspection Report,02-08-2026,demo/evidence/MPL-0339_Inspection_Report.pdf,Execution
EVD-00863,MPL-0340,Progress Photo,16-12-2026,demo/evidence/MPL-0340_Progress_Photo.pdf,Execution
EVD-00864,MPL-0340,Sanction Document,12-02-2027,demo/evidence/MPL-0340_Sanction_Document.pdf,Sanction
EVD-00865,MPL-0341,Payment Document,01-02-2027,demo/evidence/MPL-0341_Payment_Document.pdf,Completion
EVD-00866,MPL-0341,Progress Photo,12-07-2026,demo/evidence/MPL-0341_Progress_Photo.pdf,Sanction
EVD-00867,MPL-0341,Sanction Document,27-12-2026,demo/evidence/MPL-0341_Sanction_Document.pdf,Payment
EVD-00868,MPL-0341,Completion Certificate,18-03-2027,demo/evidence/MPL-0341_Completion_Certificate.pdf,Execution
EVD-00869,MPL-0342,Completion Certificate,13-12-2026,demo/evidence/MPL-0342_Completion_Certificate.pdf,Sanction
EVD-00870,MPL-0343,Sanction Document,07-07-2026,demo/evidence/MPL-0343_Sanction_Document.pdf,Completion
EVD-00871,MPL-0343,Progress Photo,09-03-2027,demo/evidence/MPL-0343_Progress_Photo.pdf,Completion
EVD-00872,MPL-0343,Payment Document,28-11-2026,demo/evidence/MPL-0343_Payment_Document.pdf,Sanction
EVD-00873,MPL-0344,Completion Certificate,15-02-2027,demo/evidence/MPL-0344_Completion_Certificate.pdf,Execution
EVD-00874,MPL-0344,Progress Photo,27-01-2027,demo/evidence/MPL-0344_Progress_Photo.pdf,Payment
EVD-00875,MPL-0344,Sanction Document,21-10-2026,demo/evidence/MPL-0344_Sanction_Document.pdf,Completion
EVD-00876,MPL-0344,Payment Document,25-07-2026,demo/evidence/MPL-0344_Payment_Document.pdf,Sanction
EVD-00877,MPL-0345,Inspection Report,24-12-2026,demo/evidence/MPL-0345_Inspection_Report.pdf,Completion
EVD-00878,MPL-0345,Completion Certificate,19-03-2027,demo/evidence/MPL-0345_Completion_Certificate.pdf,Completion
EVD-00879,MPL-0346,Completion Certificate,23-02-2027,demo/evidence/MPL-0346_Completion_Certificate.pdf,Sanction
EVD-00880,MPL-0346,Payment Document,14-07-2026,demo/evidence/MPL-0346_Payment_Document.pdf,Payment
EVD-00881,MPL-0347,Sanction Document,04-01-2027,demo/evidence/MPL-0347_Sanction_Document.pdf,Payment
EVD-00882,MPL-0347,Payment Document,04-11-2026,demo/evidence/MPL-0347_Payment_Document.pdf,Payment
EVD-00883,MPL-0347,Inspection Report,20-02-2027,demo/evidence/MPL-0347_Inspection_Report.pdf,Sanction
EVD-00884,MPL-0347,Progress Photo,25-02-2027,demo/evidence/MPL-0347_Progress_Photo.pdf,Payment
EVD-00885,MPL-0348,Completion Certificate,24-01-2027,demo/evidence/MPL-0348_Completion_Certificate.pdf,Payment
EVD-00886,MPL-0348,Progress Photo,09-02-2027,demo/evidence/MPL-0348_Progress_Photo.pdf,Execution
EVD-00887,MPL-0349,Inspection Report,22-02-2027,demo/evidence/MPL-0349_Inspection_Report.pdf,Completion
EVD-00888,MPL-0349,Payment Document,08-01-2027,demo/evidence/MPL-0349_Payment_Document.pdf,Sanction
EVD-00889,MPL-0349,Progress Photo,16-02-2027,demo/evidence/MPL-0349_Progress_Photo.pdf,Sanction
EVD-00890,MPL-0349,Sanction Document,12-02-2027,demo/evidence/MPL-0349_Sanction_Document.pdf,Completion
EVD-00891,MPL-0350,Inspection Report,25-07-2026,demo/evidence/MPL-0350_Inspection_Report.pdf,Payment
EVD-00892,MPL-0350,Payment Document,21-08-2026,demo/evidence/MPL-0350_Payment_Document.pdf,Payment
EVD-00893,MPL-0350,Completion Certificate,05-03-2026,demo/evidence/MPL-0350_Completion_Certificate.pdf,Execution
EVD-00894,MPL-0351,Progress Photo,25-09-2026,demo/evidence/MPL-0351_Progress_Photo.pdf,Payment
EVD-00895,MPL-0351,Inspection Report,13-01-2027,demo/evidence/MPL-0351_Inspection_Report.pdf,Payment
EVD-00896,MPL-0351,Sanction Document,06-09-2026,demo/evidence/MPL-0351_Sanction_Document.pdf,Completion
EVD-00897,MPL-0352,Inspection Report,06-07-2026,demo/evidence/MPL-0352_Inspection_Report.pdf,Sanction
EVD-00898,MPL-0353,Payment Document,08-03-2027,demo/evidence/MPL-0353_Payment_Document.pdf,Execution
EVD-00899,MPL-0353,Completion Certificate,21-01-2027,demo/evidence/MPL-0353_Completion_Certificate.pdf,Completion
EVD-00900,MPL-0353,Progress Photo,08-05-2026,demo/evidence/MPL-0353_Progress_Photo.pdf,Payment
EVD-00901,MPL-0354,Progress Photo,25-06-2026,demo/evidence/MPL-0354_Progress_Photo.pdf,Completion
EVD-00902,MPL-0354,Completion Certificate,13-06-2026,demo/evidence/MPL-0354_Completion_Certificate.pdf,Completion
EVD-00903,MPL-0355,Inspection Report,21-09-2026,demo/evidence/MPL-0355_Inspection_Report.pdf,Payment
EVD-00904,MPL-0356,Progress Photo,12-02-2027,demo/evidence/MPL-0356_Progress_Photo.pdf,Execution
EVD-00905,MPL-0357,Completion Certificate,04-03-2027,demo/evidence/MPL-0357_Completion_Certificate.pdf,Sanction
EVD-00906,MPL-0357,Payment Document,02-10-2026,demo/evidence/MPL-0357_Payment_Document.pdf,Sanction
EVD-00907,MPL-0357,Sanction Document,22-03-2027,demo/evidence/MPL-0357_Sanction_Document.pdf,Execution
EVD-00908,MPL-0358,Payment Document,12-12-2026,demo/evidence/MPL-0358_Payment_Document.pdf,Payment
EVD-00909,MPL-0359,Completion Certificate,08-09-2026,demo/evidence/MPL-0359_Completion_Certificate.pdf,Sanction
EVD-00910,MPL-0359,Inspection Report,04-02-2027,demo/evidence/MPL-0359_Inspection_Report.pdf,Payment
EVD-00911,MPL-0360,Sanction Document,07-11-2026,demo/evidence/MPL-0360_Sanction_Document.pdf,Sanction
EVD-00912,MPL-0360,Progress Photo,26-05-2026,demo/evidence/MPL-0360_Progress_Photo.pdf,Sanction
EVD-00913,MPL-0360,Inspection Report,18-08-2026,demo/evidence/MPL-0360_Inspection_Report.pdf,Sanction
EVD-00914,MPL-0360,Completion Certificate,25-10-2026,demo/evidence/MPL-0360_Completion_Certificate.pdf,Completion
EVD-00915,MPL-0361,Progress Photo,28-02-2026,demo/evidence/MPL-0361_Progress_Photo.pdf,Payment
EVD-00916,MPL-0361,Payment Document,06-09-2026,demo/evidence/MPL-0361_Payment_Document.pdf,Payment
EVD-00917,MPL-0361,Inspection Report,10-04-2026,demo/evidence/MPL-0361_Inspection_Report.pdf,Payment
EVD-00918,MPL-0361,Completion Certificate,06-12-2026,demo/evidence/MPL-0361_Completion_Certificate.pdf,Execution
EVD-00919,MPL-0362,Completion Certificate,17-02-2027,demo/evidence/MPL-0362_Completion_Certificate.pdf,Sanction
EVD-00920,MPL-0362,Payment Document,14-01-2027,demo/evidence/MPL-0362_Payment_Document.pdf,Completion
EVD-00921,MPL-0362,Sanction Document,11-05-2026,demo/evidence/MPL-0362_Sanction_Document.pdf,Sanction
EVD-00922,MPL-0362,Inspection Report,28-01-2027,demo/evidence/MPL-0362_Inspection_Report.pdf,Completion
EVD-00923,MPL-0363,Inspection Report,27-06-2026,demo/evidence/MPL-0363_Inspection_Report.pdf,Sanction
EVD-00924,MPL-0363,Progress Photo,24-09-2026,demo/evidence/MPL-0363_Progress_Photo.pdf,Completion
EVD-00925,MPL-0364,Progress Photo,27-06-2026,demo/evidence/MPL-0364_Progress_Photo.pdf,Payment
EVD-00926,MPL-0364,Completion Certificate,14-07-2026,demo/evidence/MPL-0364_Completion_Certificate.pdf,Payment
EVD-00927,MPL-0364,Inspection Report,17-04-2026,demo/evidence/MPL-0364_Inspection_Report.pdf,Sanction
EVD-00928,MPL-0365,Inspection Report,30-09-2026,demo/evidence/MPL-0365_Inspection_Report.pdf,Completion
EVD-00929,MPL-0365,Payment Document,05-09-2026,demo/evidence/MPL-0365_Payment_Document.pdf,Execution
EVD-00930,MPL-0365,Completion Certificate,30-07-2026,demo/evidence/MPL-0365_Completion_Certificate.pdf,Sanction
EVD-00931,MPL-0365,Sanction Document,07-09-2026,demo/evidence/MPL-0365_Sanction_Document.pdf,Execution
EVD-00932,MPL-0366,Progress Photo,03-01-2027,demo/evidence/MPL-0366_Progress_Photo.pdf,Completion
EVD-00933,MPL-0366,Payment Document,12-03-2027,demo/evidence/MPL-0366_Payment_Document.pdf,Execution
EVD-00934,MPL-0367,Inspection Report,04-08-2026,demo/evidence/MPL-0367_Inspection_Report.pdf,Sanction
EVD-00935,MPL-0367,Sanction Document,11-03-2027,demo/evidence/MPL-0367_Sanction_Document.pdf,Sanction
EVD-00936,MPL-0367,Progress Photo,20-10-2026,demo/evidence/MPL-0367_Progress_Photo.pdf,Execution
EVD-00937,MPL-0368,Payment Document,24-02-2026,demo/evidence/MPL-0368_Payment_Document.pdf,Payment
EVD-00938,MPL-0368,Inspection Report,22-10-2026,demo/evidence/MPL-0368_Inspection_Report.pdf,Payment
EVD-00939,MPL-0369,Inspection Report,26-11-2026,demo/evidence/MPL-0369_Inspection_Report.pdf,Payment
EVD-00940,MPL-0369,Payment Document,14-04-2027,demo/evidence/MPL-0369_Payment_Document.pdf,Execution
EVD-00941,MPL-0369,Completion Certificate,16-04-2027,demo/evidence/MPL-0369_Completion_Certificate.pdf,Completion
EVD-00942,MPL-0369,Sanction Document,27-11-2026,demo/evidence/MPL-0369_Sanction_Document.pdf,Execution
EVD-00943,MPL-0370,Sanction Document,09-12-2026,demo/evidence/MPL-0370_Sanction_Document.pdf,Execution
EVD-00944,MPL-0371,Progress Photo,23-05-2026,demo/evidence/MPL-0371_Progress_Photo.pdf,Payment
EVD-00945,MPL-0371,Inspection Report,31-08-2026,demo/evidence/MPL-0371_Inspection_Report.pdf,Payment
EVD-00946,MPL-0371,Completion Certificate,03-07-2026,demo/evidence/MPL-0371_Completion_Certificate.pdf,Sanction
EVD-00947,MPL-0372,Completion Certificate,29-04-2026,demo/evidence/MPL-0372_Completion_Certificate.pdf,Execution
EVD-00948,MPL-0372,Progress Photo,15-11-2026,demo/evidence/MPL-0372_Progress_Photo.pdf,Execution
EVD-00949,MPL-0373,Progress Photo,14-12-2026,demo/evidence/MPL-0373_Progress_Photo.pdf,Execution
EVD-00950,MPL-0373,Completion Certificate,29-06-2026,demo/evidence/MPL-0373_Completion_Certificate.pdf,Completion
EVD-00951,MPL-0374,Sanction Document,16-11-2026,demo/evidence/MPL-0374_Sanction_Document.pdf,Payment
EVD-00952,MPL-0374,Inspection Report,03-11-2026,demo/evidence/MPL-0374_Inspection_Report.pdf,Payment
EVD-00953,MPL-0374,Completion Certificate,18-08-2026,demo/evidence/MPL-0374_Completion_Certificate.pdf,Execution
EVD-00954,MPL-0374,Progress Photo,18-03-2027,demo/evidence/MPL-0374_Progress_Photo.pdf,Payment
EVD-00955,MPL-0375,Payment Document,10-11-2026,demo/evidence/MPL-0375_Payment_Document.pdf,Sanction
EVD-00956,MPL-0375,Sanction Document,27-12-2026,demo/evidence/MPL-0375_Sanction_Document.pdf,Sanction
EVD-00957,MPL-0376,Inspection Report,27-08-2026,demo/evidence/MPL-0376_Inspection_Report.pdf,Completion
EVD-00958,MPL-0376,Payment Document,18-08-2026,demo/evidence/MPL-0376_Payment_Document.pdf,Sanction
EVD-00959,MPL-0376,Completion Certificate,03-01-2027,demo/evidence/MPL-0376_Completion_Certificate.pdf,Sanction
EVD-00960,MPL-0377,Payment Document,12-12-2026,demo/evidence/MPL-0377_Payment_Document.pdf,Sanction
EVD-00961,MPL-0378,Inspection Report,04-08-2026,demo/evidence/MPL-0378_Inspection_Report.pdf,Completion
EVD-00962,MPL-0378,Completion Certificate,15-07-2026,demo/evidence/MPL-0378_Completion_Certificate.pdf,Payment
EVD-00963,MPL-0378,Sanction Document,07-07-2026,demo/evidence/MPL-0378_Sanction_Document.pdf,Payment
EVD-00964,MPL-0379,Payment Document,12-03-2027,demo/evidence/MPL-0379_Payment_Document.pdf,Payment
EVD-00965,MPL-0379,Inspection Report,11-08-2026,demo/evidence/MPL-0379_Inspection_Report.pdf,Completion
EVD-00966,MPL-0380,Payment Document,20-04-2027,demo/evidence/MPL-0380_Payment_Document.pdf,Payment
EVD-00967,MPL-0381,Sanction Document,04-06-2026,demo/evidence/MPL-0381_Sanction_Document.pdf,Payment
EVD-00968,MPL-0381,Payment Document,12-09-2026,demo/evidence/MPL-0381_Payment_Document.pdf,Completion
EVD-00969,MPL-0381,Completion Certificate,02-02-2027,demo/evidence/MPL-0381_Completion_Certificate.pdf,Sanction
EVD-00970,MPL-0381,Progress Photo,07-09-2026,demo/evidence/MPL-0381_Progress_Photo.pdf,Execution
EVD-00971,MPL-0382,Completion Certificate,14-10-2026,demo/evidence/MPL-0382_Completion_Certificate.pdf,Completion
EVD-00972,MPL-0383,Progress Photo,24-08-2026,demo/evidence/MPL-0383_Progress_Photo.pdf,Execution
EVD-00973,MPL-0384,Inspection Report,05-12-2026,demo/evidence/MPL-0384_Inspection_Report.pdf,Completion
EVD-00974,MPL-0384,Progress Photo,02-12-2026,demo/evidence/MPL-0384_Progress_Photo.pdf,Execution
EVD-00975,MPL-0385,Payment Document,17-08-2026,demo/evidence/MPL-0385_Payment_Document.pdf,Completion
EVD-00976,MPL-0386,Sanction Document,31-08-2026,demo/evidence/MPL-0386_Sanction_Document.pdf,Payment
EVD-00977,MPL-0386,Progress Photo,30-06-2026,demo/evidence/MPL-0386_Progress_Photo.pdf,Payment
EVD-00978,MPL-0386,Completion Certificate,29-08-2026,demo/evidence/MPL-0386_Completion_Certificate.pdf,Sanction
EVD-00979,MPL-0386,Payment Document,11-01-2027,demo/evidence/MPL-0386_Payment_Document.pdf,Payment
EVD-00980,MPL-0387,Payment Document,29-11-2026,demo/evidence/MPL-0387_Payment_Document.pdf,Sanction
EVD-00981,MPL-0387,Sanction Document,17-05-2026,demo/evidence/MPL-0387_Sanction_Document.pdf,Sanction
EVD-00982,MPL-0387,Inspection Report,25-09-2026,demo/evidence/MPL-0387_Inspection_Report.pdf,Completion
EVD-00983,MPL-0387,Progress Photo,26-11-2026,demo/evidence/MPL-0387_Progress_Photo.pdf,Execution
EVD-00984,MPL-0388,Payment Document,09-03-2026,demo/evidence/MPL-0388_Payment_Document.pdf,Completion
EVD-00985,MPL-0388,Inspection Report,07-09-2026,demo/evidence/MPL-0388_Inspection_Report.pdf,Completion
EVD-00986,MPL-0388,Sanction Document,17-04-2026,demo/evidence/MPL-0388_Sanction_Document.pdf,Completion
EVD-00987,MPL-0389,Payment Document,09-07-2026,demo/evidence/MPL-0389_Payment_Document.pdf,Execution
EVD-00988,MPL-0390,Sanction Document,15-09-2026,demo/evidence/MPL-0390_Sanction_Document.pdf,Payment
EVD-00989,MPL-0390,Payment Document,30-05-2026,demo/evidence/MPL-0390_Payment_Document.pdf,Sanction
EVD-00990,MPL-0390,Completion Certificate,22-05-2026,demo/evidence/MPL-0390_Completion_Certificate.pdf,Sanction
EVD-00991,MPL-0390,Inspection Report,28-05-2026,demo/evidence/MPL-0390_Inspection_Report.pdf,Payment
EVD-00992,MPL-0391,Sanction Document,16-12-2026,demo/evidence/MPL-0391_Sanction_Document.pdf,Execution
EVD-00993,MPL-0391,Progress Photo,12-08-2026,demo/evidence/MPL-0391_Progress_Photo.pdf,Sanction
EVD-00994,MPL-0391,Payment Document,28-03-2027,demo/evidence/MPL-0391_Payment_Document.pdf,Completion
EVD-00995,MPL-0391,Inspection Report,19-03-2027,demo/evidence/MPL-0391_Inspection_Report.pdf,Payment
EVD-00996,MPL-0392,Sanction Document,28-08-2026,demo/evidence/MPL-0392_Sanction_Document.pdf,Payment
EVD-00997,MPL-0392,Payment Document,17-02-2027,demo/evidence/MPL-0392_Payment_Document.pdf,Completion
EVD-00998,MPL-0392,Completion Certificate,01-02-2027,demo/evidence/MPL-0392_Completion_Certificate.pdf,Payment
EVD-00999,MPL-0393,Sanction Document,02-05-2027,demo/evidence/MPL-0393_Sanction_Document.pdf,Payment
EVD-01000,MPL-0393,Payment Document,06-04-2027,demo/evidence/MPL-0393_Payment_Document.pdf,Execution
EVD-01001,MPL-0393,Completion Certificate,05-04-2027,demo/evidence/MPL-0393_Completion_Certificate.pdf,Sanction
EVD-01002,MPL-0393,Inspection Report,13-05-2027,demo/evidence/MPL-0393_Inspection_Report.pdf,Sanction
EVD-01003,MPL-0394,Sanction Document,10-11-2026,demo/evidence/MPL-0394_Sanction_Document.pdf,Completion
EVD-01004,MPL-0394,Progress Photo,30-12-2026,demo/evidence/MPL-0394_Progress_Photo.pdf,Sanction
EVD-01005,MPL-0395,Payment Document,25-01-2027,demo/evidence/MPL-0395_Payment_Document.pdf,Completion
EVD-01006,MPL-0395,Sanction Document,30-04-2026,demo/evidence/MPL-0395_Sanction_Document.pdf,Completion
EVD-01007,MPL-0396,Payment Document,22-11-2026,demo/evidence/MPL-0396_Payment_Document.pdf,Payment
EVD-01008,MPL-0397,Payment Document,11-05-2026,demo/evidence/MPL-0397_Payment_Document.pdf,Completion
EVD-01009,MPL-0397,Progress Photo,07-10-2026,demo/evidence/MPL-0397_Progress_Photo.pdf,Execution
EVD-01010,MPL-0397,Sanction Document,20-10-2026,demo/evidence/MPL-0397_Sanction_Document.pdf,Completion
EVD-01011,MPL-0398,Progress Photo,30-06-2026,demo/evidence/MPL-0398_Progress_Photo.pdf,Execution
EVD-01012,MPL-0399,Sanction Document,28-11-2026,demo/evidence/MPL-0399_Sanction_Document.pdf,Payment
EVD-01013,MPL-0400,Completion Certificate,15-01-2027,demo/evidence/MPL-0400_Completion_Certificate.pdf,Completion
EVD-01014,MPL-0400,Progress Photo,09-12-2026,demo/evidence/MPL-0400_Progress_Photo.pdf,Sanction
EVD-01015,MPL-0400,Inspection Report,27-07-2026,demo/evidence/MPL-0400_Inspection_Report.pdf,Payment
EVD-01016,MPL-0400,Payment Document,29-12-2026,demo/evidence/MPL-0400_Payment_Document.pdf,Sanction
EVD-01017,MPL-0401,Completion Certificate,11-11-2026,demo/evidence/MPL-0401_Completion_Certificate.pdf,Execution
EVD-01018,MPL-0402,Inspection Report,05-12-2026,demo/evidence/MPL-0402_Inspection_Report.pdf,Sanction
EVD-01019,MPL-0403,Payment Document,26-11-2026,demo/evidence/MPL-0403_Payment_Document.pdf,Completion
EVD-01020,MPL-0403,Sanction Document,16-02-2027,demo/evidence/MPL-0403_Sanction_Document.pdf,Execution
EVD-01021,MPL-0403,Completion Certificate,14-08-2026,demo/evidence/MPL-0403_Completion_Certificate.pdf,Payment
EVD-01022,MPL-0404,Payment Document,19-01-2027,demo/evidence/MPL-0404_Payment_Document.pdf,Sanction
EVD-01023,MPL-0405,Progress Photo,14-01-2027,demo/evidence/MPL-0405_Progress_Photo.pdf,Sanction
EVD-01024,MPL-0405,Payment Document,27-08-2026,demo/evidence/MPL-0405_Payment_Document.pdf,Sanction
EVD-01025,MPL-0405,Completion Certificate,16-04-2027,demo/evidence/MPL-0405_Completion_Certificate.pdf,Execution
EVD-01026,MPL-0405,Inspection Report,21-04-2027,demo/evidence/MPL-0405_Inspection_Report.pdf,Sanction
EVD-01027,MPL-0406,Sanction Document,16-11-2026,demo/evidence/MPL-0406_Sanction_Document.pdf,Execution
EVD-01028,MPL-0407,Payment Document,18-11-2026,demo/evidence/MPL-0407_Payment_Document.pdf,Sanction
EVD-01029,MPL-0407,Sanction Document,25-09-2026,demo/evidence/MPL-0407_Sanction_Document.pdf,Completion
EVD-01030,MPL-0407,Completion Certificate,14-06-2026,demo/evidence/MPL-0407_Completion_Certificate.pdf,Sanction
EVD-01031,MPL-0407,Inspection Report,19-02-2027,demo/evidence/MPL-0407_Inspection_Report.pdf,Payment
EVD-01032,MPL-0408,Completion Certificate,20-08-2026,demo/evidence/MPL-0408_Completion_Certificate.pdf,Sanction
EVD-01033,MPL-0409,Payment Document,03-09-2026,demo/evidence/MPL-0409_Payment_Document.pdf,Execution
EVD-01034,MPL-0409,Progress Photo,25-11-2026,demo/evidence/MPL-0409_Progress_Photo.pdf,Execution
EVD-01035,MPL-0409,Inspection Report,25-10-2026,demo/evidence/MPL-0409_Inspection_Report.pdf,Sanction
EVD-01036,MPL-0410,Completion Certificate,24-11-2026,demo/evidence/MPL-0410_Completion_Certificate.pdf,Completion
EVD-01037,MPL-0410,Inspection Report,24-07-2026,demo/evidence/MPL-0410_Inspection_Report.pdf,Completion
EVD-01038,MPL-0410,Progress Photo,23-06-2026,demo/evidence/MPL-0410_Progress_Photo.pdf,Execution
EVD-01039,MPL-0411,Completion Certificate,16-06-2026,demo/evidence/MPL-0411_Completion_Certificate.pdf,Execution
EVD-01040,MPL-0411,Inspection Report,10-08-2026,demo/evidence/MPL-0411_Inspection_Report.pdf,Execution
EVD-01041,MPL-0411,Payment Document,13-03-2026,demo/evidence/MPL-0411_Payment_Document.pdf,Sanction
EVD-01042,MPL-0412,Completion Certificate,16-07-2026,demo/evidence/MPL-0412_Completion_Certificate.pdf,Payment
EVD-01043,MPL-0412,Payment Document,27-10-2026,demo/evidence/MPL-0412_Payment_Document.pdf,Completion
EVD-01044,MPL-0412,Sanction Document,04-10-2026,demo/evidence/MPL-0412_Sanction_Document.pdf,Sanction
EVD-01045,MPL-0413,Inspection Report,09-01-2027,demo/evidence/MPL-0413_Inspection_Report.pdf,Completion
EVD-01046,MPL-0413,Completion Certificate,31-12-2026,demo/evidence/MPL-0413_Completion_Certificate.pdf,Execution
EVD-01047,MPL-0413,Progress Photo,14-09-2026,demo/evidence/MPL-0413_Progress_Photo.pdf,Payment
EVD-01048,MPL-0414,Progress Photo,04-01-2027,demo/evidence/MPL-0414_Progress_Photo.pdf,Payment
EVD-01049,MPL-0415,Inspection Report,24-06-2026,demo/evidence/MPL-0415_Inspection_Report.pdf,Execution
EVD-01050,MPL-0415,Progress Photo,14-12-2026,demo/evidence/MPL-0415_Progress_Photo.pdf,Completion
EVD-01051,MPL-0416,Inspection Report,14-06-2026,demo/evidence/MPL-0416_Inspection_Report.pdf,Completion
EVD-01052,MPL-0416,Progress Photo,04-10-2026,demo/evidence/MPL-0416_Progress_Photo.pdf,Completion
EVD-01053,MPL-0417,Payment Document,18-06-2026,demo/evidence/MPL-0417_Payment_Document.pdf,Payment
EVD-01054,MPL-0418,Completion Certificate,28-09-2026,demo/evidence/MPL-0418_Completion_Certificate.pdf,Payment
EVD-01055,MPL-0418,Progress Photo,28-07-2026,demo/evidence/MPL-0418_Progress_Photo.pdf,Sanction
EVD-01056,MPL-0419,Progress Photo,25-10-2026,demo/evidence/MPL-0419_Progress_Photo.pdf,Execution
EVD-01057,MPL-0419,Completion Certificate,31-10-2026,demo/evidence/MPL-0419_Completion_Certificate.pdf,Payment
EVD-01058,MPL-0419,Inspection Report,08-12-2026,demo/evidence/MPL-0419_Inspection_Report.pdf,Payment
EVD-01059,MPL-0419,Sanction Document,03-06-2026,demo/evidence/MPL-0419_Sanction_Document.pdf,Payment
EVD-01060,MPL-0420,Progress Photo,08-10-2026,demo/evidence/MPL-0420_Progress_Photo.pdf,Sanction
EVD-01061,MPL-0421,Inspection Report,04-06-2026,demo/evidence/MPL-0421_Inspection_Report.pdf,Payment
EVD-01062,MPL-0421,Sanction Document,12-08-2026,demo/evidence/MPL-0421_Sanction_Document.pdf,Completion
EVD-01063,MPL-0422,Sanction Document,23-08-2026,demo/evidence/MPL-0422_Sanction_Document.pdf,Payment
EVD-01064,MPL-0422,Inspection Report,27-08-2026,demo/evidence/MPL-0422_Inspection_Report.pdf,Completion
EVD-01065,MPL-0422,Progress Photo,09-06-2026,demo/evidence/MPL-0422_Progress_Photo.pdf,Execution
EVD-01066,MPL-0422,Payment Document,08-02-2027,demo/evidence/MPL-0422_Payment_Document.pdf,Payment
EVD-01067,MPL-0423,Progress Photo,21-11-2026,demo/evidence/MPL-0423_Progress_Photo.pdf,Sanction
EVD-01068,MPL-0423,Inspection Report,02-09-2026,demo/evidence/MPL-0423_Inspection_Report.pdf,Completion
EVD-01069,MPL-0424,Payment Document,29-06-2026,demo/evidence/MPL-0424_Payment_Document.pdf,Payment
EVD-01070,MPL-0424,Progress Photo,10-02-2027,demo/evidence/MPL-0424_Progress_Photo.pdf,Completion
EVD-01071,MPL-0424,Completion Certificate,18-08-2026,demo/evidence/MPL-0424_Completion_Certificate.pdf,Payment
EVD-01072,MPL-0424,Inspection Report,28-09-2026,demo/evidence/MPL-0424_Inspection_Report.pdf,Sanction
EVD-01073,MPL-0425,Payment Document,09-07-2026,demo/evidence/MPL-0425_Payment_Document.pdf,Completion
EVD-01074,MPL-0425,Inspection Report,03-07-2026,demo/evidence/MPL-0425_Inspection_Report.pdf,Completion
EVD-01075,MPL-0426,Sanction Document,01-10-2026,demo/evidence/MPL-0426_Sanction_Document.pdf,Sanction
EVD-01076,MPL-0426,Progress Photo,21-04-2026,demo/evidence/MPL-0426_Progress_Photo.pdf,Completion
EVD-01077,MPL-0426,Payment Document,14-07-2026,demo/evidence/MPL-0426_Payment_Document.pdf,Sanction
EVD-01078,MPL-0427,Payment Document,12-12-2026,demo/evidence/MPL-0427_Payment_Document.pdf,Sanction
EVD-01079,MPL-0427,Sanction Document,30-10-2026,demo/evidence/MPL-0427_Sanction_Document.pdf,Completion
EVD-01080,MPL-0428,Completion Certificate,02-01-2027,demo/evidence/MPL-0428_Completion_Certificate.pdf,Payment
EVD-01081,MPL-0428,Inspection Report,07-02-2027,demo/evidence/MPL-0428_Inspection_Report.pdf,Execution
EVD-01082,MPL-0429,Sanction Document,03-10-2026,demo/evidence/MPL-0429_Sanction_Document.pdf,Completion
EVD-01083,MPL-0429,Inspection Report,27-12-2026,demo/evidence/MPL-0429_Inspection_Report.pdf,Sanction
EVD-01084,MPL-0430,Progress Photo,26-01-2026,demo/evidence/MPL-0430_Progress_Photo.pdf,Sanction
EVD-01085,MPL-0430,Sanction Document,20-03-2026,demo/evidence/MPL-0430_Sanction_Document.pdf,Payment
EVD-01086,MPL-0430,Payment Document,30-04-2026,demo/evidence/MPL-0430_Payment_Document.pdf,Completion
EVD-01087,MPL-0431,Sanction Document,13-12-2026,demo/evidence/MPL-0431_Sanction_Document.pdf,Execution
EVD-01088,MPL-0432,Sanction Document,11-04-2026,demo/evidence/MPL-0432_Sanction_Document.pdf,Payment
EVD-01089,MPL-0432,Payment Document,25-04-2026,demo/evidence/MPL-0432_Payment_Document.pdf,Execution
EVD-01090,MPL-0432,Completion Certificate,19-07-2026,demo/evidence/MPL-0432_Completion_Certificate.pdf,Sanction
EVD-01091,MPL-0432,Progress Photo,28-01-2027,demo/evidence/MPL-0432_Progress_Photo.pdf,Sanction
EVD-01092,MPL-0433,Inspection Report,24-02-2026,demo/evidence/MPL-0433_Inspection_Report.pdf,Payment
EVD-01093,MPL-0433,Completion Certificate,14-07-2026,demo/evidence/MPL-0433_Completion_Certificate.pdf,Sanction
EVD-01094,MPL-0433,Progress Photo,03-03-2026,demo/evidence/MPL-0433_Progress_Photo.pdf,Sanction
EVD-01095,MPL-0434,Completion Certificate,11-04-2026,demo/evidence/MPL-0434_Completion_Certificate.pdf,Payment
EVD-01096,MPL-0434,Payment Document,29-07-2026,demo/evidence/MPL-0434_Payment_Document.pdf,Execution
EVD-01097,MPL-0434,Progress Photo,29-10-2026,demo/evidence/MPL-0434_Progress_Photo.pdf,Sanction
EVD-01098,MPL-0434,Inspection Report,19-02-2026,demo/evidence/MPL-0434_Inspection_Report.pdf,Completion
EVD-01099,MPL-0435,Progress Photo,21-10-2026,demo/evidence/MPL-0435_Progress_Photo.pdf,Completion
EVD-01100,MPL-0435,Sanction Document,16-06-2026,demo/evidence/MPL-0435_Sanction_Document.pdf,Completion
EVD-01101,MPL-0435,Completion Certificate,18-08-2026,demo/evidence/MPL-0435_Completion_Certificate.pdf,Completion
EVD-01102,MPL-0436,Completion Certificate,15-09-2026,demo/evidence/MPL-0436_Completion_Certificate.pdf,Execution
EVD-01103,MPL-0436,Inspection Report,22-12-2026,demo/evidence/MPL-0436_Inspection_Report.pdf,Sanction
EVD-01104,MPL-0436,Progress Photo,22-02-2027,demo/evidence/MPL-0436_Progress_Photo.pdf,Payment
EVD-01105,MPL-0437,Sanction Document,18-05-2026,demo/evidence/MPL-0437_Sanction_Document.pdf,Payment
EVD-01106,MPL-0437,Payment Document,28-08-2026,demo/evidence/MPL-0437_Payment_Document.pdf,Execution
EVD-01107,MPL-0438,Progress Photo,19-07-2026,demo/evidence/MPL-0438_Progress_Photo.pdf,Execution
EVD-01108,MPL-0438,Completion Certificate,04-12-2026,demo/evidence/MPL-0438_Completion_Certificate.pdf,Completion
EVD-01109,MPL-0438,Payment Document,27-03-2027,demo/evidence/MPL-0438_Payment_Document.pdf,Completion
EVD-01110,MPL-0438,Inspection Report,20-08-2026,demo/evidence/MPL-0438_Inspection_Report.pdf,Completion
EVD-01111,MPL-0439,Progress Photo,15-05-2026,demo/evidence/MPL-0439_Progress_Photo.pdf,Execution
EVD-01112,MPL-0439,Inspection Report,12-02-2027,demo/evidence/MPL-0439_Inspection_Report.pdf,Completion
EVD-01113,MPL-0440,Sanction Document,14-07-2026,demo/evidence/MPL-0440_Sanction_Document.pdf,Payment
EVD-01114,MPL-0440,Progress Photo,27-10-2026,demo/evidence/MPL-0440_Progress_Photo.pdf,Completion
EVD-01115,MPL-0440,Inspection Report,26-01-2027,demo/evidence/MPL-0440_Inspection_Report.pdf,Execution
EVD-01116,MPL-0440,Payment Document,02-08-2026,demo/evidence/MPL-0440_Payment_Document.pdf,Payment
EVD-01117,MPL-0441,Inspection Report,01-04-2026,demo/evidence/MPL-0441_Inspection_Report.pdf,Payment
EVD-01118,MPL-0441,Progress Photo,20-11-2026,demo/evidence/MPL-0441_Progress_Photo.pdf,Completion
EVD-01119,MPL-0442,Progress Photo,05-12-2026,demo/evidence/MPL-0442_Progress_Photo.pdf,Execution
EVD-01120,MPL-0442,Completion Certificate,04-06-2026,demo/evidence/MPL-0442_Completion_Certificate.pdf,Payment
EVD-01121,MPL-0442,Inspection Report,09-01-2027,demo/evidence/MPL-0442_Inspection_Report.pdf,Sanction
EVD-01122,MPL-0443,Inspection Report,25-05-2026,demo/evidence/MPL-0443_Inspection_Report.pdf,Completion
EVD-01123,MPL-0444,Sanction Document,15-06-2026,demo/evidence/MPL-0444_Sanction_Document.pdf,Completion
EVD-01124,MPL-0445,Sanction Document,26-03-2026,demo/evidence/MPL-0445_Sanction_Document.pdf,Execution
EVD-01125,MPL-0445,Progress Photo,02-11-2026,demo/evidence/MPL-0445_Progress_Photo.pdf,Completion
EVD-01126,MPL-0446,Completion Certificate,10-01-2027,demo/evidence/MPL-0446_Completion_Certificate.pdf,Sanction
EVD-01127,MPL-0447,Inspection Report,03-04-2026,demo/evidence/MPL-0447_Inspection_Report.pdf,Payment
EVD-01128,MPL-0447,Sanction Document,30-08-2026,demo/evidence/MPL-0447_Sanction_Document.pdf,Payment
EVD-01129,MPL-0447,Progress Photo,16-10-2026,demo/evidence/MPL-0447_Progress_Photo.pdf,Sanction
EVD-01130,MPL-0447,Payment Document,30-11-2026,demo/evidence/MPL-0447_Payment_Document.pdf,Sanction
EVD-01131,MPL-0448,Completion Certificate,29-09-2026,demo/evidence/MPL-0448_Completion_Certificate.pdf,Sanction
EVD-01132,MPL-0448,Progress Photo,19-09-2026,demo/evidence/MPL-0448_Progress_Photo.pdf,Payment
EVD-01133,MPL-0449,Sanction Document,15-06-2026,demo/evidence/MPL-0449_Sanction_Document.pdf,Execution
EVD-01134,MPL-0449,Inspection Report,03-09-2026,demo/evidence/MPL-0449_Inspection_Report.pdf,Payment
EVD-01135,MPL-0449,Progress Photo,08-06-2026,demo/evidence/MPL-0449_Progress_Photo.pdf,Execution
EVD-01136,MPL-0450,Sanction Document,23-09-2026,demo/evidence/MPL-0450_Sanction_Document.pdf,Sanction
EVD-01137,MPL-0450,Progress Photo,16-05-2026,demo/evidence/MPL-0450_Progress_Photo.pdf,Payment
EVD-01138,MPL-0450,Payment Document,04-06-2026,demo/evidence/MPL-0450_Payment_Document.pdf,Execution
EVD-01139,MPL-0451,Progress Photo,27-03-2026,demo/evidence/MPL-0451_Progress_Photo.pdf,Payment
EVD-01140,MPL-0451,Sanction Document,22-08-2026,demo/evidence/MPL-0451_Sanction_Document.pdf,Completion
EVD-01141,MPL-0451,Payment Document,16-11-2026,demo/evidence/MPL-0451_Payment_Document.pdf,Execution
EVD-01142,MPL-0452,Completion Certificate,08-12-2026,demo/evidence/MPL-0452_Completion_Certificate.pdf,Payment
EVD-01143,MPL-0452,Progress Photo,15-10-2026,demo/evidence/MPL-0452_Progress_Photo.pdf,Sanction
EVD-01144,MPL-0452,Inspection Report,30-08-2026,demo/evidence/MPL-0452_Inspection_Report.pdf,Execution
EVD-01145,MPL-0452,Payment Document,02-01-2027,demo/evidence/MPL-0452_Payment_Document.pdf,Completion
EVD-01146,MPL-0453,Inspection Report,11-02-2027,demo/evidence/MPL-0453_Inspection_Report.pdf,Payment
EVD-01147,MPL-0454,Sanction Document,06-09-2026,demo/evidence/MPL-0454_Sanction_Document.pdf,Payment
EVD-01148,MPL-0455,Completion Certificate,22-11-2026,demo/evidence/MPL-0455_Completion_Certificate.pdf,Sanction
EVD-01149,MPL-0455,Payment Document,17-07-2026,demo/evidence/MPL-0455_Payment_Document.pdf,Sanction
EVD-01150,MPL-0455,Progress Photo,04-07-2026,demo/evidence/MPL-0455_Progress_Photo.pdf,Sanction
EVD-01151,MPL-0456,Completion Certificate,30-01-2027,demo/evidence/MPL-0456_Completion_Certificate.pdf,Completion
EVD-01152,MPL-0456,Progress Photo,17-11-2026,demo/evidence/MPL-0456_Progress_Photo.pdf,Completion
EVD-01153,MPL-0456,Inspection Report,01-11-2026,demo/evidence/MPL-0456_Inspection_Report.pdf,Completion
EVD-01154,MPL-0457,Completion Certificate,21-02-2027,demo/evidence/MPL-0457_Completion_Certificate.pdf,Completion
EVD-01155,MPL-0457,Inspection Report,29-07-2026,demo/evidence/MPL-0457_Inspection_Report.pdf,Sanction
EVD-01156,MPL-0457,Progress Photo,12-03-2027,demo/evidence/MPL-0457_Progress_Photo.pdf,Payment
EVD-01157,MPL-0457,Payment Document,05-12-2026,demo/evidence/MPL-0457_Payment_Document.pdf,Completion
EVD-01158,MPL-0458,Progress Photo,08-01-2027,demo/evidence/MPL-0458_Progress_Photo.pdf,Sanction
EVD-01159,MPL-0458,Sanction Document,12-01-2027,demo/evidence/MPL-0458_Sanction_Document.pdf,Sanction
EVD-01160,MPL-0458,Inspection Report,15-01-2027,demo/evidence/MPL-0458_Inspection_Report.pdf,Sanction
EVD-01161,MPL-0459,Payment Document,15-10-2026,demo/evidence/MPL-0459_Payment_Document.pdf,Sanction
EVD-01162,MPL-0459,Sanction Document,09-06-2026,demo/evidence/MPL-0459_Sanction_Document.pdf,Completion
EVD-01163,MPL-0459,Progress Photo,03-03-2027,demo/evidence/MPL-0459_Progress_Photo.pdf,Execution
EVD-01164,MPL-0459,Inspection Report,02-12-2026,demo/evidence/MPL-0459_Inspection_Report.pdf,Execution
EVD-01165,MPL-0460,Payment Document,12-10-2026,demo/evidence/MPL-0460_Payment_Document.pdf,Payment
EVD-01166,MPL-0460,Sanction Document,08-02-2027,demo/evidence/MPL-0460_Sanction_Document.pdf,Completion
EVD-01167,MPL-0461,Inspection Report,08-09-2026,demo/evidence/MPL-0461_Inspection_Report.pdf,Sanction
EVD-01168,MPL-0461,Progress Photo,12-10-2026,demo/evidence/MPL-0461_Progress_Photo.pdf,Completion
EVD-01169,MPL-0461,Payment Document,30-11-2026,demo/evidence/MPL-0461_Payment_Document.pdf,Payment
EVD-01170,MPL-0462,Sanction Document,15-08-2026,demo/evidence/MPL-0462_Sanction_Document.pdf,Sanction
EVD-01171,MPL-0462,Completion Certificate,14-08-2026,demo/evidence/MPL-0462_Completion_Certificate.pdf,Execution
EVD-01172,MPL-0462,Payment Document,27-01-2027,demo/evidence/MPL-0462_Payment_Document.pdf,Execution
EVD-01173,MPL-0462,Progress Photo,28-05-2026,demo/evidence/MPL-0462_Progress_Photo.pdf,Payment
EVD-01174,MPL-0463,Progress Photo,19-02-2026,demo/evidence/MPL-0463_Progress_Photo.pdf,Sanction
EVD-01175,MPL-0463,Sanction Document,28-02-2026,demo/evidence/MPL-0463_Sanction_Document.pdf,Sanction
EVD-01176,MPL-0463,Completion Certificate,25-11-2026,demo/evidence/MPL-0463_Completion_Certificate.pdf,Completion
EVD-01177,MPL-0464,Payment Document,06-09-2026,demo/evidence/MPL-0464_Payment_Document.pdf,Execution
EVD-01178,MPL-0464,Inspection Report,16-11-2026,demo/evidence/MPL-0464_Inspection_Report.pdf,Sanction
EVD-01179,MPL-0465,Progress Photo,15-01-2027,demo/evidence/MPL-0465_Progress_Photo.pdf,Sanction
EVD-01180,MPL-0466,Payment Document,30-05-2026,demo/evidence/MPL-0466_Payment_Document.pdf,Completion
EVD-01181,MPL-0467,Progress Photo,31-12-2026,demo/evidence/MPL-0467_Progress_Photo.pdf,Sanction
EVD-01182,MPL-0468,Completion Certificate,28-01-2027,demo/evidence/MPL-0468_Completion_Certificate.pdf,Execution
EVD-01183,MPL-0468,Sanction Document,08-01-2027,demo/evidence/MPL-0468_Sanction_Document.pdf,Completion
EVD-01184,MPL-0468,Progress Photo,11-06-2026,demo/evidence/MPL-0468_Progress_Photo.pdf,Completion
EVD-01185,MPL-0468,Payment Document,24-05-2026,demo/evidence/MPL-0468_Payment_Document.pdf,Payment
EVD-01186,MPL-0469,Completion Certificate,08-02-2027,demo/evidence/MPL-0469_Completion_Certificate.pdf,Completion
EVD-01187,MPL-0469,Progress Photo,15-11-2026,demo/evidence/MPL-0469_Progress_Photo.pdf,Completion
EVD-01188,MPL-0469,Payment Document,08-11-2026,demo/evidence/MPL-0469_Payment_Document.pdf,Sanction
EVD-01189,MPL-0470,Progress Photo,10-03-2027,demo/evidence/MPL-0470_Progress_Photo.pdf,Payment
EVD-01190,MPL-0471,Sanction Document,03-09-2026,demo/evidence/MPL-0471_Sanction_Document.pdf,Sanction
EVD-01191,MPL-0471,Inspection Report,07-11-2026,demo/evidence/MPL-0471_Inspection_Report.pdf,Completion
EVD-01192,MPL-0472,Progress Photo,13-10-2026,demo/evidence/MPL-0472_Progress_Photo.pdf,Sanction
EVD-01193,MPL-0473,Progress Photo,19-08-2026,demo/evidence/MPL-0473_Progress_Photo.pdf,Payment
EVD-01194,MPL-0473,Payment Document,21-12-2026,demo/evidence/MPL-0473_Payment_Document.pdf,Execution
EVD-01195,MPL-0473,Inspection Report,27-01-2027,demo/evidence/MPL-0473_Inspection_Report.pdf,Payment
EVD-01196,MPL-0474,Progress Photo,04-10-2026,demo/evidence/MPL-0474_Progress_Photo.pdf,Sanction
EVD-01197,MPL-0474,Sanction Document,28-06-2026,demo/evidence/MPL-0474_Sanction_Document.pdf,Payment
EVD-01198,MPL-0475,Payment Document,28-09-2026,demo/evidence/MPL-0475_Payment_Document.pdf,Completion
EVD-01199,MPL-0475,Sanction Document,05-12-2026,demo/evidence/MPL-0475_Sanction_Document.pdf,Sanction
EVD-01200,MPL-0476,Payment Document,02-12-2026,demo/evidence/MPL-0476_Payment_Document.pdf,Payment
EVD-01201,MPL-0476,Inspection Report,02-02-2027,demo/evidence/MPL-0476_Inspection_Report.pdf,Completion
EVD-01202,MPL-0476,Completion Certificate,21-02-2027,demo/evidence/MPL-0476_Completion_Certificate.pdf,Execution
EVD-01203,MPL-0476,Sanction Document,06-08-2026,demo/evidence/MPL-0476_Sanction_Document.pdf,Sanction
EVD-01204,MPL-0477,Completion Certificate,16-04-2026,demo/evidence/MPL-0477_Completion_Certificate.pdf,Payment
EVD-01205,MPL-0478,Sanction Document,08-02-2027,demo/evidence/MPL-0478_Sanction_Document.pdf,Sanction
EVD-01206,MPL-0479,Sanction Document,09-03-2027,demo/evidence/MPL-0479_Sanction_Document.pdf,Completion
EVD-01207,MPL-0479,Completion Certificate,21-04-2027,demo/evidence/MPL-0479_Completion_Certificate.pdf,Payment
EVD-01208,MPL-0480,Sanction Document,22-08-2026,demo/evidence/MPL-0480_Sanction_Document.pdf,Execution
EVD-01209,MPL-0481,Completion Certificate,13-09-2026,demo/evidence/MPL-0481_Completion_Certificate.pdf,Sanction
EVD-01210,MPL-0482,Payment Document,04-06-2026,demo/evidence/MPL-0482_Payment_Document.pdf,Payment
EVD-01211,MPL-0482,Completion Certificate,17-05-2026,demo/evidence/MPL-0482_Completion_Certificate.pdf,Completion
EVD-01212,MPL-0482,Progress Photo,17-07-2026,demo/evidence/MPL-0482_Progress_Photo.pdf,Execution
EVD-01213,MPL-0482,Sanction Document,01-06-2026,demo/evidence/MPL-0482_Sanction_Document.pdf,Payment
EVD-01214,MPL-0483,Progress Photo,21-07-2026,demo/evidence/MPL-0483_Progress_Photo.pdf,Sanction
EVD-01215,MPL-0483,Completion Certificate,11-02-2027,demo/evidence/MPL-0483_Completion_Certificate.pdf,Execution
EVD-01216,MPL-0483,Sanction Document,07-02-2027,demo/evidence/MPL-0483_Sanction_Document.pdf,Payment
EVD-01217,MPL-0483,Inspection Report,24-06-2026,demo/evidence/MPL-0483_Inspection_Report.pdf,Sanction
EVD-01218,MPL-0484,Progress Photo,30-10-2026,demo/evidence/MPL-0484_Progress_Photo.pdf,Sanction
EVD-01219,MPL-0484,Sanction Document,29-09-2026,demo/evidence/MPL-0484_Sanction_Document.pdf,Completion
EVD-01220,MPL-0484,Payment Document,03-07-2026,demo/evidence/MPL-0484_Payment_Document.pdf,Sanction
EVD-01221,MPL-0484,Inspection Report,06-06-2026,demo/evidence/MPL-0484_Inspection_Report.pdf,Completion
EVD-01222,MPL-0485,Sanction Document,27-06-2026,demo/evidence/MPL-0485_Sanction_Document.pdf,Completion
EVD-01223,MPL-0485,Progress Photo,09-09-2026,demo/evidence/MPL-0485_Progress_Photo.pdf,Sanction
EVD-01224,MPL-0486,Progress Photo,15-04-2026,demo/evidence/MPL-0486_Progress_Photo.pdf,Execution
EVD-01225,MPL-0487,Inspection Report,07-05-2026,demo/evidence/MPL-0487_Inspection_Report.pdf,Sanction
EVD-01226,MPL-0487,Progress Photo,20-07-2026,demo/evidence/MPL-0487_Progress_Photo.pdf,Execution
EVD-01227,MPL-0488,Completion Certificate,14-08-2026,demo/evidence/MPL-0488_Completion_Certificate.pdf,Payment
EVD-01228,MPL-0488,Inspection Report,24-08-2026,demo/evidence/MPL-0488_Inspection_Report.pdf,Execution
EVD-01229,MPL-0489,Payment Document,20-03-2027,demo/evidence/MPL-0489_Payment_Document.pdf,Payment
EVD-01230,MPL-0490,Inspection Report,28-12-2026,demo/evidence/MPL-0490_Inspection_Report.pdf,Completion
EVD-01231,MPL-0491,Sanction Document,09-09-2026,demo/evidence/MPL-0491_Sanction_Document.pdf,Sanction
EVD-01232,MPL-0491,Payment Document,01-08-2026,demo/evidence/MPL-0491_Payment_Document.pdf,Execution
EVD-01233,MPL-0491,Completion Certificate,10-05-2026,demo/evidence/MPL-0491_Completion_Certificate.pdf,Completion
EVD-01234,MPL-0492,Sanction Document,11-08-2026,demo/evidence/MPL-0492_Sanction_Document.pdf,Sanction
EVD-01235,MPL-0492,Payment Document,05-12-2026,demo/evidence/MPL-0492_Payment_Document.pdf,Execution
EVD-01236,MPL-0492,Completion Certificate,21-06-2026,demo/evidence/MPL-0492_Completion_Certificate.pdf,Payment
EVD-01237,MPL-0492,Progress Photo,28-02-2027,demo/evidence/MPL-0492_Progress_Photo.pdf,Execution
EVD-01238,MPL-0493,Inspection Report,14-06-2026,demo/evidence/MPL-0493_Inspection_Report.pdf,Payment
EVD-01239,MPL-0493,Sanction Document,26-11-2026,demo/evidence/MPL-0493_Sanction_Document.pdf,Completion
EVD-01240,MPL-0493,Completion Certificate,28-03-2026,demo/evidence/MPL-0493_Completion_Certificate.pdf,Completion
EVD-01241,MPL-0494,Completion Certificate,04-04-2026,demo/evidence/MPL-0494_Completion_Certificate.pdf,Execution
EVD-01242,MPL-0494,Sanction Document,04-10-2026,demo/evidence/MPL-0494_Sanction_Document.pdf,Execution
EVD-01243,MPL-0494,Progress Photo,01-09-2026,demo/evidence/MPL-0494_Progress_Photo.pdf,Completion
EVD-01244,MPL-0494,Inspection Report,13-02-2026,demo/evidence/MPL-0494_Inspection_Report.pdf,Completion
EVD-01245,MPL-0495,Inspection Report,08-08-2026,demo/evidence/MPL-0495_Inspection_Report.pdf,Execution
EVD-01246,MPL-0495,Payment Document,10-10-2026,demo/evidence/MPL-0495_Payment_Document.pdf,Sanction
EVD-01247,MPL-0495,Completion Certificate,03-01-2027,demo/evidence/MPL-0495_Completion_Certificate.pdf,Completion
EVD-01248,MPL-0495,Sanction Document,25-02-2027,demo/evidence/MPL-0495_Sanction_Document.pdf,Completion
EVD-01249,MPL-0496,Completion Certificate,07-12-2026,demo/evidence/MPL-0496_Completion_Certificate.pdf,Sanction
EVD-01250,MPL-0496,Payment Document,02-07-2026,demo/evidence/MPL-0496_Payment_Document.pdf,Sanction
EVD-01251,MPL-0496,Sanction Document,27-07-2026,demo/evidence/MPL-0496_Sanction_Document.pdf,Payment
EVD-01252,MPL-0497,Progress Photo,09-01-2027,demo/evidence/MPL-0497_Progress_Photo.pdf,Sanction
EVD-01253,MPL-0498,Completion Certificate,30-07-2026,demo/evidence/MPL-0498_Completion_Certificate.pdf,Execution
EVD-01254,MPL-0498,Inspection Report,14-09-2026,demo/evidence/MPL-0498_Inspection_Report.pdf,Payment
EVD-01255,MPL-0498,Sanction Document,03-10-2026,demo/evidence/MPL-0498_Sanction_Document.pdf,Execution
EVD-01256,MPL-0499,Progress Photo,14-12-2026,demo/evidence/MPL-0499_Progress_Photo.pdf,Completion
EVD-01257,MPL-0499,Payment Document,18-02-2027,demo/evidence/MPL-0499_Payment_Document.pdf,Execution
EVD-01258,MPL-0499,Inspection Report,09-07-2026,demo/evidence/MPL-0499_Inspection_Report.pdf,Execution
EVD-01259,MPL-0500,Payment Document,26-12-2026,demo/evidence/MPL-0500_Payment_Document.pdf,Payment
