payment_id,project_id,vendor_id,payment_date,amount_lakh,payment_stage,payment_status,reference_number
PAY-00001,MPL-0001,V036,2026-08-27,0.58,Mobilization,Processed,REF-0000001
PAY-00002,MPL-0001,V036,2027-01-28,0.01,Mobilization,Processed,REF-0000002
PAY-00003,MPL-0001,V036,2026-09-12,0.17,Foundation,Processed,REF-0000003
PAY-00004,MPL-0001,V036,2026-08-04,6.51,Foundation,Processed,REF-0000004
PAY-00005,MPL-0001,V036,2026-07-23,2.89,Mobilization,Processed,REF-0000005
PAY-00006,MPL-0001,V036,2026-12-14,0.88,Final,Processed,REF-0000006
PAY-00007,MPL-0001,V036,2026-05-07,0.54,Finishing,Processed,REF-0000007
PAY-00008,MPL-0001,V036,2027-02-11,0.96,Execution,Processed,REF-0000008
PAY-00009,MPL-0001,V036,2027-01-28,0.34,Final,Processed,REF-0000009
PAY-00010,MPL-0002,V001,2026-10-04,2.89,Foundation,Processed,REF-0000010
PAY-00011,MPL-0002,V001,2026-08-05,1.56,Execution,Processed,REF-0000011
PAY-00012,MPL-0002,V001,2026-06-04,0.63,Final,Processed,REF-0000012
PAY-00013,MPL-0002,V001,2027-01-08,2.04,Finishing,Processed,REF-0000013
PAY-00014,MPL-0002,V001,2026-05-10,0.29,Finishing,Processed,REF-0000014
PAY-00015,MPL-0002,V001,2026-06-18,1.28,Finishing,Processed,REF-0000015
PAY-00016,MPL-0002,V001,2026-08-27,1.97,Foundation,Processed,REF-0000016
PAY-00017,MPL-0002,V001,2026-10-23,0.45,Mobilization,Processed,REF-0000017
PAY-00018,MPL-0003,V071,2026-06-27,10.0,Finishing,Processed,REF-0000018
PAY-00019,MPL-0003,V071,2026-06-28,10.0,Foundation,Processed,REF-0000019
PAY-00020,MPL-0003,V071,2026-07-01,0.09,Final,Processed,REF-0000020
PAY-00021,MPL-0003,V071,2026-12-03,0.03,Foundation,Processed,REF-0000021
PAY-00022,MPL-0003,V071,2027-02-21,0.15,Execution,Processed,REF-0000022
PAY-00023,MPL-0003,V071,2026-04-06,0.34,Execution,Processed,REF-0000023
PAY-00024,MPL-0003,V071,2026-06-18,0.73,Foundation,Processed,REF-0000024
PAY-00025,MPL-0003,V071,2026-10-14,0.24,Final,Processed,REF-0000025
PAY-00026,MPL-0003,V071,2026-07-01,0.51,Mobilization,Processed,REF-0000026
PAY-00027,MPL-0003,V071,2026-06-08,0.45,Mobilization,Processed,REF-0000027
PAY-00028,MPL-0003,V071,2026-10-31,0.05,Foundation,Processed,REF-0000028
PAY-00029,MPL-0003,V071,2026-11-14,0.17,Finishing,Processed,REF-0000029
PAY-00030,MPL-0004,V035,2027-04-04,0.34,Foundation,Processed,REF-0000030
PAY-00031,MPL-0004,V035,2026-07-15,3.09,Final,Processed,REF-0000031
PAY-00032,MPL-0004,V035,2026-08-29,8.07,Finishing,Processed,REF-0000032
PAY-00033,MPL-0004,V035,2027-01-21,0.4,Mobilization,Processed,REF-0000033
PAY-00034,MPL-0004,V035,2026-09-03,3.57,Mobilization,Processed,REF-0000034
PAY-00035,MPL-0004,V035,2027-06-03,2.7,Mobilization,Processed,REF-0000035
PAY-00036,MPL-0005,V009,2026-07-11,14.62,Mobilization,Processed,REF-0000036
PAY-00037,MPL-0005,V009,2026-07-21,8.25,Foundation,Processed,REF-0000037
PAY-00038,MPL-0005,V009,2027-01-21,7.32,Final,Processed,REF-0000038
PAY-00039,MPL-0005,V009,2026-03-12,0.77,Mobilization,Processed,REF-0000039
PAY-00040,MPL-0005,V009,2026-04-29,4.1,Final,Processed,REF-0000040
PAY-00041,MPL-0005,V009,2026-08-26,0.26,Mobilization,Processed,REF-0000041
PAY-00042,MPL-0005,V009,2026-06-17,14.54,Foundation,Processed,REF-0000042
PAY-00043,MPL-0006,V029,2026-11-30,0.16,Finishing,Processed,REF-0000043
PAY-00044,MPL-0006,V029,2026-05-09,2.9,Execution,Processed,REF-0000044
PAY-00045,MPL-0006,V029,2026-08-03,1.04,Finishing,Processed,REF-0000045
PAY-00046,MPL-0006,V029,2026-05-05,1.69,Foundation,Processed,REF-0000046
PAY-00047,MPL-0006,V029,2026-03-15,0.74,Final,Processed,REF-0000047
PAY-00048,MPL-0006,V029,2026-07-01,1.16,Final,Processed,REF-0000048
PAY-00049,MPL-0006,V029,2026-04-19,4.02,Mobilization,Processed,REF-0000049
PAY-00050,MPL-0006,V029,2026-03-09,0.12,Mobilization,Processed,REF-0000050
PAY-00051,MPL-0006,V029,2026-11-20,0.41,Execution,Processed,REF-0000051
PAY-00052,MPL-0006,V029,2026-04-08,2.13,Final,Processed,REF-0000052
PAY-00053,MPL-0006,V029,2026-09-15,0.15,Foundation,Processed,REF-0000053
PAY-00054,MPL-0006,V029,2026-02-15,0.11,Foundation,Processed,REF-0000054
PAY-00055,MPL-0007,V069,2026-07-14,2.23,Finishing,Processed,REF-0000055
PAY-00056,MPL-0007,V069,2026-10-03,0.48,Foundation,Processed,REF-0000056
PAY-00057,MPL-0007,V069,2026-09-16,4.37,Execution,Processed,REF-0000057
PAY-00058,MPL-0007,V069,2026-07-13,1.27,Finishing,Processed,REF-0000058
PAY-00059,MPL-0007,V069,2026-05-16,11.23,Finishing,Processed,REF-0000059
PAY-00060,MPL-0008,V048,2026-04-18,14.21,Foundation,Processed,REF-0000060
PAY-00061,MPL-0008,V048,2026-04-14,11.17,Execution,Processed,REF-0000061
PAY-00062,MPL-0008,V048,2026-08-22,8.91,Mobilization,Processed,REF-0000062
PAY-00063,MPL-0008,V048,2027-01-02,18.49,Execution,Processed,REF-0000063
PAY-00064,MPL-0008,V048,2026-04-22,2.34,Execution,Processed,REF-0000064
PAY-00065,MPL-0008,V048,2026-04-05,19.17,Mobilization,Processed,REF-0000065
PAY-00066,MPL-0008,V048,2026-12-27,14.47,Foundation,Processed,REF-0000066
PAY-00067,MPL-0009,V069,2026-09-19,7.26,Final,Processed,REF-0000067
PAY-00068,MPL-0009,V069,2026-08-02,4.34,Final,Processed,REF-0000068
PAY-00069,MPL-0009,V069,2026-05-15,1.49,Finishing,Processed,REF-0000069
PAY-00070,MPL-0009,V069,2026-04-29,2.9,Execution,Processed,REF-0000070
PAY-00071,MPL-0009,V069,2026-12-28,8.31,Execution,Processed,REF-0000071
PAY-00072,MPL-0009,V069,2026-08-09,0.17,Mobilization,Processed,REF-0000072
PAY-00073,MPL-0009,V069,2026-06-30,8.02,Finishing,Processed,REF-0000073
PAY-00074,MPL-0010,V029,2026-06-11,0.22,Mobilization,Processed,REF-0000074
PAY-00075,MPL-0010,V029,2026-01-28,0.13,Foundation,Processed,REF-0000075
PAY-00076,MPL-0010,V029,2026-12-28,0.1,Foundation,Processed,REF-0000076
PAY-00077,MPL-0010,V029,2026-07-09,0.02,Foundation,Processed,REF-0000077
PAY-00078,MPL-0010,V029,2026-08-14,0.61,Finishing,Processed,REF-0000078
PAY-00079,MPL-0010,V029,2026-09-28,0.2,Mobilization,Processed,REF-0000079
PAY-00080,MPL-0010,V029,2026-03-25,3.72,Final,Processed,REF-0000080
PAY-00081,MPL-0010,V029,2026-09-02,0.7,Execution,Processed,REF-0000081
PAY-00082,MPL-0010,V029,2026-04-11,0.12,Mobilization,Processed,REF-0000082
PAY-00083,MPL-0010,V029,2026-07-11,0.95,Foundation,Processed,REF-0000083
PAY-00084,MPL-0011,V032,2026-11-25,2.94,Execution,Processed,REF-0000084
PAY-00085,MPL-0011,V032,2026-10-22,1.76,Finishing,Processed,REF-0000085
PAY-00086,MPL-0011,V032,2026-12-15,0.1,Finishing,Processed,REF-0000086
PAY-00087,MPL-0011,V032,2026-12-09,2.92,Final,Processed,REF-0000087
PAY-00088,MPL-0011,V032,2027-04-02,2.04,Execution,Processed,REF-0000088
PAY-00089,MPL-0011,V032,2026-07-21,0.22,Foundation,Processed,REF-0000089
PAY-00090,MPL-0011,V032,2026-11-24,0.07,Finishing,Processed,REF-0000090
PAY-00091,MPL-0012,V058,2026-11-17,1.04,Final,Processed,REF-0000091
PAY-00092,MPL-0012,V058,2026-10-25,0.22,Final,Processed,REF-0000092
PAY-00093,MPL-0012,V058,2026-11-16,2.29,Foundation,Processed,REF-0000093
PAY-00094,MPL-0012,V058,2026-08-30,0.56,Mobilization,Processed,REF-0000094
PAY-00095,MPL-0012,V058,2026-12-09,3.1,Finishing,Processed,REF-0000095
PAY-00096,MPL-0012,V058,2026-11-11,1.06,Final,Processed,REF-0000096
PAY-00097,MPL-0012,V058,2026-06-07,0.26,Mobilization,Processed,REF-0000097
PAY-00098,MPL-0012,V058,2026-06-15,0.19,Execution,Processed,REF-0000098
PAY-00099,MPL-0012,V058,2026-02-16,1.09,Foundation,Processed,REF-0000099
PAY-00100,MPL-0012,V058,2026-02-23,1.82,Execution,Processed,REF-0000100
PAY-00101,MPL-0012,V058,2026-11-27,1.93,Finishing,Processed,REF-0000101
PAY-00102,MPL-0012,V058,2026-04-24,0.41,Mobilization,Processed,REF-0000102
PAY-00103,MPL-0013,V063,2026-11-08,3.72,Execution,Processed,REF-0000103
PAY-00104,MPL-0013,V063,2026-07-24,0.28,Execution,Processed,REF-0000104
PAY-00105,MPL-0013,V063,2027-01-04,18.52,Foundation,Processed,REF-0000105
PAY-00106,MPL-0013,V063,2027-02-20,1.3,Finishing,Processed,REF-0000106
PAY-00107,MPL-0013,V063,2026-09-15,8.9,Foundation,Processed,REF-0000107
PAY-00108,MPL-0014,V038,2026-04-04,2.67,Foundation,Processed,REF-0000108
PAY-00109,MPL-0014,V038,2026-05-06,8.01,Foundation,Processed,REF-0000109
PAY-00110,MPL-0014,V038,2026-09-16,1.08,Mobilization,Processed,REF-0000110
PAY-00111,MPL-0014,V038,2026-10-10,0.83,Execution,Processed,REF-0000111
PAY-00112,MPL-0014,V038,2026-04-03,3.07,Mobilization,Processed,REF-0000112
PAY-00113,MPL-0014,V038,2027-02-09,2.8,Final,Processed,REF-0000113
PAY-00114,MPL-0014,V038,2026-04-13,1.17,Finishing,Processed,REF-0000114
PAY-00115,MPL-0014,V038,2027-01-05,7.62,Foundation,Processed,REF-0000115
PAY-00116,MPL-0015,V073,2026-05-29,10.74,Execution,Processed,REF-0000116
PAY-00117,MPL-0015,V073,2026-05-26,1.46,Mobilization,Processed,REF-0000117
PAY-00118,MPL-0015,V073,2026-07-18,1.57,Mobilization,Processed,REF-0000118
PAY-00119,MPL-0015,V073,2026-03-21,4.14,Final,Processed,REF-0000119
PAY-00120,MPL-0015,V073,2026-10-14,8.56,Foundation,Processed,REF-0000120
PAY-00121,MPL-0016,V010,2026-09-10,0.4,Foundation,Processed,REF-0000121
PAY-00122,MPL-0016,V010,2026-10-10,10.57,Execution,Processed,REF-0000122
PAY-00123,MPL-0016,V010,2026-09-10,9.34,Finishing,Processed,REF-0000123
PAY-00124,MPL-0016,V010,2026-07-04,2.35,Finishing,Processed,REF-0000124
PAY-00125,MPL-0016,V010,2026-12-09,10.23,Mobilization,Processed,REF-0000125
PAY-00126,MPL-0016,V010,2026-06-08,25.19,Mobilization,Processed,REF-0000126
PAY-00127,MPL-0016,V010,2026-04-02,0.43,Mobilization,Processed,REF-0000127
PAY-00128,MPL-0017,V068,2026-11-18,3.7,Foundation,Processed,REF-0000128
PAY-00129,MPL-0017,V068,2026-09-27,5.54,Foundation,Processed,REF-0000129
PAY-00130,MPL-0017,V068,2026-01-18,22.06,Finishing,Processed,REF-0000130
PAY-00131,MPL-0017,V068,2026-08-17,31.49,Finishing,Processed,REF-0000131
PAY-00132,MPL-0017,V068,2026-10-23,5.64,Execution,Processed,REF-0000132
PAY-00133,MPL-0018,V033,2026-05-20,3.41,Finishing,Processed,REF-0000133
PAY-00134,MPL-0018,V033,2026-04-14,1.87,Execution,Processed,REF-0000134
PAY-00135,MPL-0018,V033,2026-03-12,1.9,Final,Processed,REF-0000135
PAY-00136,MPL-0018,V033,2026-08-05,0.8,Foundation,Processed,REF-0000136
PAY-00137,MPL-0018,V033,2026-05-12,0.6,Finishing,Processed,REF-0000137
PAY-00138,MPL-0018,V033,2026-12-06,0.84,Mobilization,Processed,REF-0000138
PAY-00139,MPL-0018,V033,2026-05-16,2.0,Finishing,Processed,REF-0000139
PAY-00140,MPL-0018,V033,2026-04-28,0.07,Final,Processed,REF-0000140
PAY-00141,MPL-0018,V033,2026-11-29,5.85,Mobilization,Processed,REF-0000141
PAY-00142,MPL-0019,V048,2027-02-08,0.21,Execution,Processed,REF-0000142
PAY-00143,MPL-0019,V048,2027-05-09,0.31,Finishing,Processed,REF-0000143
PAY-00144,MPL-0019,V048,2026-12-20,0.9,Foundation,Processed,REF-0000144
PAY-00145,MPL-0019,V048,2026-07-06,1.53,Execution,Processed,REF-0000145
PAY-00146,MPL-0019,V048,2027-05-06,0.12,Finishing,Processed,REF-0000146
PAY-00147,MPL-0019,V048,2026-09-16,0.47,Execution,Processed,REF-0000147
PAY-00148,MPL-0019,V048,2026-08-03,4.27,Mobilization,Processed,REF-0000148
PAY-00149,MPL-0019,V048,2026-07-18,0.38,Execution,Processed,REF-0000149
PAY-00150,MPL-0019,V048,2027-04-13,0.46,Execution,Processed,REF-0000150
PAY-00151,MPL-0019,V048,2026-06-23,2.23,Foundation,Processed,REF-0000151
PAY-00152,MPL-0019,V048,2026-10-31,0.06,Foundation,Processed,REF-0000152
PAY-00153,MPL-0019,V048,2027-03-13,0.77,Mobilization,Processed,REF-0000153
PAY-00154,MPL-0020,V020,2026-06-28,14.11,Final,Processed,REF-0000154
PAY-00155,MPL-0020,V020,2026-03-17,11.25,Execution,Processed,REF-0000155
PAY-00156,MPL-0020,V020,2026-06-16,9.94,Final,Processed,REF-0000156
PAY-00157,MPL-0020,V020,2026-06-23,2.83,Mobilization,Processed,REF-0000157
PAY-00158,MPL-0020,V020,2026-07-13,11.17,Execution,Processed,REF-0000158
PAY-00159,MPL-0020,V020,2026-04-24,1.3,Final,Processed,REF-0000159
PAY-00160,MPL-0021,V026,2027-02-20,2.73,Finishing,Processed,REF-0000160
PAY-00161,MPL-0021,V026,2026-05-31,0.91,Mobilization,Processed,REF-0000161
PAY-00162,MPL-0021,V026,2026-10-16,1.05,Mobilization,Processed,REF-0000162
PAY-00163,MPL-0021,V026,2026-10-13,4.02,Mobilization,Processed,REF-0000163
PAY-00164,MPL-0021,V026,2026-11-06,1.93,Execution,Processed,REF-0000164
PAY-00165,MPL-0022,V015,2026-11-29,0.02,Foundation,Processed,REF-0000165
PAY-00166,MPL-0022,V015,2026-08-26,6.55,Finishing,Processed,REF-0000166
PAY-00167,MPL-0022,V015,2026-09-16,0.62,Foundation,Processed,REF-0000167
PAY-00168,MPL-0022,V015,2026-05-06,0.26,Execution,Processed,REF-0000168
PAY-00169,MPL-0022,V015,2026-10-12,3.34,Final,Processed,REF-0000169
PAY-00170,MPL-0022,V015,2026-05-08,1.59,Final,Processed,REF-0000170
PAY-00171,MPL-0022,V015,2026-06-02,1.3,Mobilization,Processed,REF-0000171
PAY-00172,MPL-0022,V015,2027-01-12,0.66,Finishing,Processed,REF-0000172
PAY-00173,MPL-0022,V015,2026-11-17,1.81,Final,Processed,REF-0000173
PAY-00174,MPL-0022,V015,2026-04-06,0.73,Execution,Processed,REF-0000174
PAY-00175,MPL-0022,V015,2026-06-08,5.3,Foundation,Processed,REF-0000175
PAY-00176,MPL-0023,V069,2026-08-14,1.1,Mobilization,Processed,REF-0000176
PAY-00177,MPL-0023,V069,2026-10-31,9.8,Foundation,Processed,REF-0000177
PAY-00178,MPL-0023,V069,2027-06-04,3.72,Foundation,Processed,REF-0000178
PAY-00179,MPL-0023,V069,2026-09-25,8.01,Final,Processed,REF-0000179
PAY-00180,MPL-0023,V069,2027-03-26,5.67,Final,Processed,REF-0000180
PAY-00181,MPL-0023,V069,2027-06-03,5.42,Final,Processed,REF-0000181
PAY-00182,MPL-0023,V069,2026-12-26,1.78,Finishing,Processed,REF-0000182
PAY-00183,MPL-0023,V069,2026-09-10,1.21,Execution,Processed,REF-0000183
PAY-00184,MPL-0023,V069,2026-11-30,1.08,Execution,Processed,REF-0000184
PAY-00185,MPL-0023,V069,2027-05-20,8.84,Finishing,Processed,REF-0000185
PAY-00186,MPL-0023,V069,2026-07-25,7.8,Finishing,Processed,REF-0000186
PAY-00187,MPL-0023,V069,2026-11-04,2.64,Foundation,Processed,REF-0000187
PAY-00188,MPL-0024,V038,2026-08-18,0.11,Final,Processed,REF-0000188
PAY-00189,MPL-0024,V038,2027-04-18,0.37,Finishing,Processed,REF-0000189
PAY-00190,MPL-0024,V038,2026-07-20,0.73,Mobilization,Processed,REF-0000190
PAY-00191,MPL-0024,V038,2026-08-13,0.46,Execution,Processed,REF-0000191
PAY-00192,MPL-0024,V038,2027-03-08,1.15,Mobilization,Processed,REF-0000192
PAY-00193,MPL-0024,V038,2027-02-11,4.59,Mobilization,Processed,REF-0000193
PAY-00194,MPL-0025,V057,2026-12-09,0.6,Foundation,Processed,REF-0000194
PAY-00195,MPL-0025,V057,2026-11-30,1.74,Foundation,Processed,REF-0000195
PAY-00196,MPL-0025,V057,2026-08-05,1.59,Execution,Processed,REF-0000196
PAY-00197,MPL-0025,V057,2027-04-23,1.02,Execution,Processed,REF-0000197
PAY-00198,MPL-0025,V057,2026-12-29,0.62,Mobilization,Processed,REF-0000198
PAY-00199,MPL-0025,V057,2026-08-07,0.19,Foundation,Processed,REF-0000199
PAY-00200,MPL-0025,V057,2027-02-22,6.16,Execution,Processed,REF-0000200
PAY-00201,MPL-0025,V057,2027-03-01,1.54,Execution,Processed,REF-0000201
PAY-00202,MPL-0025,V057,2027-02-13,1.94,Foundation,Processed,REF-0000202
PAY-00203,MPL-0025,V057,2026-09-03,7.02,Final,Processed,REF-0000203
PAY-00204,MPL-0025,V057,2027-03-08,4.23,Mobilization,Processed,REF-0000204
PAY-00205,MPL-0025,V057,2027-01-04,0.39,Execution,Processed,REF-0000205
PAY-00206,MPL-0026,V079,2026-08-26,0.19,Final,Processed,REF-0000206
PAY-00207,MPL-0026,V079,2026-04-05,0.13,Finishing,Processed,REF-0000207
PAY-00208,MPL-0026,V079,2026-08-04,0.37,Final,Processed,REF-0000208
PAY-00209,MPL-0026,V079,2026-12-14,0.3,Execution,Processed,REF-0000209
PAY-00210,MPL-0026,V079,2026-08-08,0.27,Mobilization,Processed,REF-0000210
PAY-00211,MPL-0026,V079,2026-08-28,0.1,Final,Processed,REF-0000211
PAY-00212,MPL-0026,V079,2026-09-16,0.38,Execution,Processed,REF-0000212
PAY-00213,MPL-0026,V079,2026-02-19,0.01,Final,Processed,REF-0000213
PAY-00214,MPL-0026,V079,2026-12-24,0.04,Mobilization,Processed,REF-0000214
PAY-00215,MPL-0026,V079,2026-06-03,0.09,Final,Processed,REF-0000215
PAY-00216,MPL-0026,V079,2026-02-02,0.02,Foundation,Processed,REF-0000216
PAY-00217,MPL-0027,V016,2026-10-02,2.2,Finishing,Processed,REF-0000217
PAY-00218,MPL-0027,V016,2026-07-27,14.53,Final,Processed,REF-0000218
PAY-00219,MPL-0027,V016,2026-11-27,24.27,Mobilization,Processed,REF-0000219
PAY-00220,MPL-0027,V016,2026-08-29,2.98,Finishing,Processed,REF-0000220
PAY-00221,MPL-0027,V016,2026-12-29,2.52,Mobilization,Processed,REF-0000221
PAY-00222,MPL-0027,V016,2026-11-01,2.69,Finishing,Processed,REF-0000222
PAY-00223,MPL-0028,V067,2027-04-08,0.28,Final,Processed,REF-0000223
PAY-00224,MPL-0028,V067,2027-01-08,0.03,Mobilization,Processed,REF-0000224
PAY-00225,MPL-0028,V067,2026-06-27,2.25,Foundation,Processed,REF-0000225
PAY-00226,MPL-0028,V067,2026-07-09,0.21,Finishing,Processed,REF-0000226
PAY-00227,MPL-0028,V067,2026-12-22,0.47,Foundation,Processed,REF-0000227
PAY-00228,MPL-0028,V067,2026-12-06,0.01,Execution,Processed,REF-0000228
PAY-00229,MPL-0028,V067,2026-06-17,1.68,Execution,Processed,REF-0000229
PAY-00230,MPL-0028,V067,2026-11-06,1.13,Final,Processed,REF-0000230
PAY-00231,MPL-0028,V067,2027-01-18,2.52,Foundation,Processed,REF-0000231
PAY-00232,MPL-0028,V067,2027-01-13,1.31,Mobilization,Processed,REF-0000232
PAY-00233,MPL-0028,V067,2026-10-04,0.32,Finishing,Processed,REF-0000233
PAY-00234,MPL-0028,V067,2026-06-03,0.25,Final,Processed,REF-0000234
PAY-00235,MPL-0029,V043,2027-01-24,5.76,Foundation,Processed,REF-0000235
PAY-00236,MPL-0029,V043,2027-04-21,2.18,Foundation,Processed,REF-0000236
PAY-00237,MPL-0029,V043,2026-11-08,4.02,Final,Processed,REF-0000237
PAY-00238,MPL-0029,V043,2026-06-14,0.03,Final,Processed,REF-0000238
PAY-00239,MPL-0029,V043,2026-12-09,0.31,Mobilization,Processed,REF-0000239
PAY-00240,MPL-0029,V043,2026-11-30,3.69,Finishing,Processed,REF-0000240
PAY-00241,MPL-0029,V043,2027-01-26,4.02,Foundation,Processed,REF-0000241
PAY-00242,MPL-0030,V070,2026-09-30,13.43,Mobilization,Processed,REF-0000242
PAY-00243,MPL-0030,V070,2027-01-16,1.37,Execution,Processed,REF-0000243
PAY-00244,MPL-0030,V070,2026-10-21,6.95,Foundation,Processed,REF-0000244
PAY-00245,MPL-0030,V070,2026-07-26,2.09,Foundation,Processed,REF-0000245
PAY-00246,MPL-0030,V070,2026-07-19,0.94,Execution,Processed,REF-0000246
PAY-00247,MPL-0031,V004,2026-03-14,2.59,Execution,Processed,REF-0000247
PAY-00248,MPL-0031,V004,2026-09-20,0.87,Finishing,Processed,REF-0000248
PAY-00249,MPL-0031,V004,2026-10-27,1.23,Foundation,Processed,REF-0000249
PAY-00250,MPL-0031,V004,2026-06-13,1.87,Foundation,Processed,REF-0000250
PAY-00251,MPL-0031,V004,2026-02-28,1.47,Mobilization,Processed,REF-0000251
PAY-00252,MPL-0031,V004,2026-09-08,0.45,Execution,Processed,REF-0000252
PAY-00253,MPL-0031,V004,2026-07-03,0.46,Foundation,Processed,REF-0000253
PAY-00254,MPL-0031,V004,2026-05-13,1.05,Execution,Processed,REF-0000254
PAY-00255,MPL-0031,V004,2026-09-03,0.25,Finishing,Processed,REF-0000255
PAY-00256,MPL-0031,V004,2026-10-02,4.82,Final,Processed,REF-0000256
PAY-00257,MPL-0031,V004,2026-04-24,1.66,Finishing,Processed,REF-0000257
PAY-00258,MPL-0032,V045,2026-12-26,10.0,Finishing,Processed,REF-0000258
PAY-00259,MPL-0032,V045,2026-12-27,10.0,Final,Processed,REF-0000259
PAY-00260,MPL-0032,V045,2027-01-08,0.58,Foundation,Processed,REF-0000260
PAY-00261,MPL-0032,V045,2026-04-17,1.09,Final,Processed,REF-0000261
PAY-00262,MPL-0032,V045,2027-01-18,0.76,Foundation,Processed,REF-0000262
PAY-00263,MPL-0032,V045,2026-08-21,0.69,Execution,Processed,REF-0000263
PAY-00264,MPL-0032,V045,2026-03-16,0.35,Foundation,Processed,REF-0000264
PAY-00265,MPL-0032,V045,2026-10-29,0.63,Foundation,Processed,REF-0000265
PAY-00266,MPL-0032,V045,2026-11-19,0.43,Execution,Processed,REF-0000266
PAY-00267,MPL-0032,V045,2026-05-06,0.13,Finishing,Processed,REF-0000267
PAY-00268,MPL-0033,V048,2026-11-15,2.0,Mobilization,Processed,REF-0000268
PAY-00269,MPL-0033,V048,2026-10-10,3.01,Foundation,Processed,REF-0000269
PAY-00270,MPL-0033,V048,2027-01-12,20.7,Finishing,Processed,REF-0000270
PAY-00271,MPL-0033,V048,2027-01-15,6.79,Final,Processed,REF-0000271
PAY-00272,MPL-0033,V048,2026-04-12,11.34,Mobilization,Processed,REF-0000272
PAY-00273,MPL-0033,V048,2026-06-13,3.64,Foundation,Processed,REF-0000273
PAY-00274,MPL-0033,V048,2026-09-25,4.49,Final,Processed,REF-0000274
PAY-00275,MPL-0033,V048,2026-05-18,1.15,Final,Processed,REF-0000275
PAY-00276,MPL-0033,V048,2026-09-03,1.61,Foundation,Processed,REF-0000276
PAY-00277,MPL-0034,V039,2026-10-20,6.2,Foundation,Processed,REF-0000277
PAY-00278,MPL-0034,V039,2027-04-26,3.1,Mobilization,Processed,REF-0000278
PAY-00279,MPL-0034,V039,2027-01-10,1.45,Execution,Processed,REF-0000279
PAY-00280,MPL-0034,V039,2026-07-13,5.73,Execution,Processed,REF-0000280
PAY-00281,MPL-0034,V039,2026-12-09,1.0,Final,Processed,REF-0000281
PAY-00282,MPL-0034,V039,2026-09-06,13.18,Finishing,Processed,REF-0000282
PAY-00283,MPL-0034,V039,2027-06-02,1.49,Finishing,Processed,REF-0000283
PAY-00284,MPL-0034,V039,2027-02-01,1.45,Finishing,Processed,REF-0000284
PAY-00285,MPL-0034,V039,2027-01-01,1.32,Execution,Processed,REF-0000285
PAY-00286,MPL-0034,V039,2027-04-08,0.46,Finishing,Processed,REF-0000286
PAY-00287,MPL-0035,V059,2026-04-18,0.23,Foundation,Processed,REF-0000287
PAY-00288,MPL-0035,V059,2026-10-11,2.01,Finishing,Processed,REF-0000288
PAY-00289,MPL-0035,V059,2026-08-29,4.01,Foundation,Processed,REF-0000289
PAY-00290,MPL-0035,V059,2026-11-29,3.01,Final,Processed,REF-0000290
PAY-00291,MPL-0035,V059,2026-05-13,0.29,Final,Processed,REF-0000291
PAY-00292,MPL-0035,V059,2026-09-30,1.52,Finishing,Processed,REF-0000292
PAY-00293,MPL-0035,V059,2026-07-14,0.21,Finishing,Processed,REF-0000293
PAY-00294,MPL-0035,V059,2027-01-09,0.09,Execution,Processed,REF-0000294
PAY-00295,MPL-0035,V059,2027-01-02,2.06,Mobilization,Processed,REF-0000295
PAY-00296,MPL-0035,V059,2026-04-04,1.48,Mobilization,Processed,REF-0000296
PAY-00297,MPL-0036,V058,2027-02-09,0.29,Mobilization,Processed,REF-0000297
PAY-00298,MPL-0036,V058,2027-01-23,0.12,Finishing,Processed,REF-0000298
PAY-00299,MPL-0036,V058,2026-05-06,15.64,Finishing,Processed,REF-0000299
PAY-00300,MPL-0036,V058,2027-01-27,0.1,Final,Processed,REF-0000300
PAY-00301,MPL-0036,V058,2026-05-04,2.01,Finishing,Processed,REF-0000301
PAY-00302,MPL-0036,V058,2026-11-26,2.4,Final,Processed,REF-0000302
PAY-00303,MPL-0037,V011,2026-08-08,0.99,Finishing,Processed,REF-0000303
PAY-00304,MPL-0037,V011,2026-06-29,1.47,Foundation,Processed,REF-0000304
PAY-00305,MPL-0037,V011,2026-10-31,3.45,Final,Processed,REF-0000305
PAY-00306,MPL-0037,V011,2026-09-24,11.4,Mobilization,Processed,REF-0000306
PAY-00307,MPL-0037,V011,2026-06-21,5.62,Finishing,Processed,REF-0000307
PAY-00308,MPL-0038,V071,2026-11-21,1.76,Finishing,Processed,REF-0000308
PAY-00309,MPL-0038,V071,2026-12-23,7.28,Finishing,Processed,REF-0000309
PAY-00310,MPL-0038,V071,2026-05-29,2.53,Execution,Processed,REF-0000310
PAY-00311,MPL-0038,V071,2026-09-17,0.99,Final,Processed,REF-0000311
PAY-00312,MPL-0038,V071,2026-10-18,1.02,Execution,Processed,REF-0000312
PAY-00313,MPL-0038,V071,2027-04-28,1.67,Execution,Processed,REF-0000313
PAY-00314,MPL-0039,V062,2026-10-20,7.81,Foundation,Processed,REF-0000314
PAY-00315,MPL-0039,V062,2026-03-24,4.96,Finishing,Processed,REF-0000315
PAY-00316,MPL-0039,V062,2026-04-07,7.39,Mobilization,Processed,REF-0000316
PAY-00317,MPL-0039,V062,2026-04-04,0.17,Foundation,Processed,REF-0000317
PAY-00318,MPL-0039,V062,2026-09-29,4.01,Final,Processed,REF-0000318
PAY-00319,MPL-0039,V062,2027-01-23,2.33,Execution,Processed,REF-0000319
PAY-00320,MPL-0039,V062,2026-09-09,0.99,Foundation,Processed,REF-0000320
PAY-00321,MPL-0039,V062,2027-01-08,0.75,Finishing,Processed,REF-0000321
PAY-00322,MPL-0039,V062,2026-07-23,6.6,Final,Processed,REF-0000322
PAY-00323,MPL-0040,V002,2026-09-12,2.67,Final,Processed,REF-0000323
PAY-00324,MPL-0040,V002,2027-05-01,1.05,Finishing,Processed,REF-0000324
PAY-00325,MPL-0040,V002,2026-07-02,2.29,Final,Processed,REF-0000325
PAY-00326,MPL-0040,V002,2027-01-11,2.44,Foundation,Processed,REF-0000326
PAY-00327,MPL-0040,V002,2027-04-27,0.78,Finishing,Processed,REF-0000327
PAY-00328,MPL-0040,V002,2026-09-02,3.81,Finishing,Processed,REF-0000328
PAY-00329,MPL-0040,V002,2026-11-15,5.47,Final,Processed,REF-0000329
PAY-00330,MPL-0040,V002,2026-08-26,5.65,Finishing,Processed,REF-0000330
PAY-00331,MPL-0040,V002,2026-10-02,3.32,Mobilization,Processed,REF-0000331
PAY-00332,MPL-0040,V002,2026-08-09,2.58,Final,Processed,REF-0000332
PAY-00333,MPL-0040,V002,2026-08-05,0.23,Final,Processed,REF-0000333
PAY-00334,MPL-0041,V011,2027-01-30,0.94,Execution,Processed,REF-0000334
PAY-00335,MPL-0041,V011,2026-12-23,0.27,Foundation,Processed,REF-0000335
PAY-00336,MPL-0041,V011,2026-08-27,9.21,Foundation,Processed,REF-0000336
PAY-00337,MPL-0041,V011,2026-05-01,0.4,Mobilization,Processed,REF-0000337
PAY-00338,MPL-0041,V011,2026-03-28,0.46,Finishing,Processed,REF-0000338
PAY-00339,MPL-0041,V011,2026-03-20,6.12,Final,Processed,REF-0000339
PAY-00340,MPL-0041,V011,2026-06-01,8.0,Mobilization,Processed,REF-0000340
PAY-00341,MPL-0041,V011,2027-01-25,4.03,Final,Processed,REF-0000341
PAY-00342,MPL-0041,V011,2026-04-24,0.02,Final,Processed,REF-0000342
PAY-00343,MPL-0041,V011,2026-09-26,0.0,Mobilization,Processed,REF-0000343
PAY-00344,MPL-0041,V011,2026-05-20,1.32,Finishing,Processed,REF-0000344
PAY-00345,MPL-0042,V027,2026-09-23,0.17,Foundation,Processed,REF-0000345
PAY-00346,MPL-0042,V027,2027-05-20,0.02,Foundation,Processed,REF-0000346
PAY-00347,MPL-0042,V027,2026-11-19,0.67,Foundation,Processed,REF-0000347
PAY-00348,MPL-0042,V027,2027-03-21,3.09,Foundation,Processed,REF-0000348
PAY-00349,MPL-0042,V027,2026-12-30,0.42,Execution,Processed,REF-0000349
PAY-00350,MPL-0042,V027,2027-05-23,1.17,Mobilization,Processed,REF-0000350
PAY-00351,MPL-0042,V027,2026-11-07,1.14,Mobilization,Processed,REF-0000351
PAY-00352,MPL-0042,V027,2026-09-01,0.31,Mobilization,Processed,REF-0000352
PAY-00353,MPL-0042,V027,2027-05-12,1.13,Final,Processed,REF-0000353
PAY-00354,MPL-0042,V027,2026-08-11,0.26,Mobilization,Processed,REF-0000354
PAY-00355,MPL-0043,V030,2027-01-18,0.18,Mobilization,Processed,REF-0000355
PAY-00356,MPL-0043,V030,2026-05-12,1.68,Foundation,Processed,REF-0000356
PAY-00357,MPL-0043,V030,2026-08-10,0.17,Execution,Processed,REF-0000357
PAY-00358,MPL-0043,V030,2026-06-19,8.04,Mobilization,Processed,REF-0000358
PAY-00359,MPL-0043,V030,2026-04-27,0.28,Finishing,Processed,REF-0000359
PAY-00360,MPL-0043,V030,2026-09-20,1.25,Foundation,Processed,REF-0000360
PAY-00361,MPL-0043,V030,2026-10-05,0.74,Mobilization,Processed,REF-0000361
PAY-00362,MPL-0043,V030,2026-11-25,0.19,Mobilization,Processed,REF-0000362
PAY-00363,MPL-0043,V030,2026-10-16,0.04,Mobilization,Processed,REF-0000363
PAY-00364,MPL-0043,V030,2026-11-23,1.36,Mobilization,Processed,REF-0000364
PAY-00365,MPL-0043,V030,2026-07-04,2.29,Finishing,Processed,REF-0000365
PAY-00366,MPL-0043,V030,2026-09-27,2.57,Execution,Processed,REF-0000366
PAY-00367,MPL-0044,V016,2026-07-31,0.82,Foundation,Processed,REF-0000367
PAY-00368,MPL-0044,V016,2026-10-09,1.87,Mobilization,Processed,REF-0000368
PAY-00369,MPL-0044,V016,2026-08-09,1.39,Final,Processed,REF-0000369
PAY-00370,MPL-0044,V016,2027-03-29,1.61,Final,Processed,REF-0000370
PAY-00371,MPL-0044,V016,2026-05-26,0.85,Mobilization,Processed,REF-0000371
PAY-00372,MPL-0044,V016,2026-11-01,1.25,Execution,Processed,REF-0000372
PAY-00373,MPL-0044,V016,2027-01-12,2.04,Final,Processed,REF-0000373
PAY-00374,MPL-0044,V016,2027-03-13,0.63,Final,Processed,REF-0000374
PAY-00375,MPL-0044,V016,2026-05-12,2.05,Foundation,Processed,REF-0000375
PAY-00376,MPL-0044,V016,2027-02-01,1.12,Execution,Processed,REF-0000376
PAY-00377,MPL-0044,V016,2026-07-11,0.23,Foundation,Processed,REF-0000377
PAY-00378,MPL-0044,V016,2027-03-16,0.03,Mobilization,Processed,REF-0000378
PAY-00379,MPL-0045,V035,2027-02-27,2.2,Final,Processed,REF-0000379
PAY-00380,MPL-0045,V035,2026-08-24,3.86,Foundation,Processed,REF-0000380
PAY-00381,MPL-0045,V035,2026-12-10,8.93,Mobilization,Processed,REF-0000381
PAY-00382,MPL-0045,V035,2026-09-26,0.66,Mobilization,Processed,REF-0000382
PAY-00383,MPL-0045,V035,2026-11-21,7.85,Foundation,Processed,REF-0000383
PAY-00384,MPL-0046,V053,2026-08-18,1.62,Foundation,Processed,REF-0000384
PAY-00385,MPL-0046,V053,2026-11-21,0.13,Execution,Processed,REF-0000385
PAY-00386,MPL-0046,V053,2027-03-10,1.55,Foundation,Processed,REF-0000386
PAY-00387,MPL-0046,V053,2026-08-23,3.87,Execution,Processed,REF-0000387
PAY-00388,MPL-0046,V053,2027-04-15,1.06,Execution,Processed,REF-0000388
PAY-00389,MPL-0046,V053,2027-03-03,1.25,Finishing,Processed,REF-0000389
PAY-00390,MPL-0046,V053,2027-02-15,4.22,Final,Processed,REF-0000390
PAY-00391,MPL-0046,V053,2027-01-27,0.76,Foundation,Processed,REF-0000391
PAY-00392,MPL-0047,V067,2026-07-10,1.4,Foundation,Processed,REF-0000392
PAY-00393,MPL-0047,V067,2026-09-03,6.92,Finishing,Processed,REF-0000393
PAY-00394,MPL-0047,V067,2026-06-04,3.63,Final,Processed,REF-0000394
PAY-00395,MPL-0047,V067,2027-02-07,3.32,Execution,Processed,REF-0000395
PAY-00396,MPL-0047,V067,2026-07-06,1.11,Foundation,Processed,REF-0000396
PAY-00397,MPL-0047,V067,2026-12-18,5.38,Finishing,Processed,REF-0000397
PAY-00398,MPL-0047,V067,2026-11-27,0.32,Finishing,Processed,REF-0000398
PAY-00399,MPL-0047,V067,2027-02-12,9.83,Execution,Processed,REF-0000399
PAY-00400,MPL-0047,V067,2026-09-23,1.5,Final,Processed,REF-0000400
PAY-00401,MPL-0048,V002,2027-04-07,0.11,Finishing,Processed,REF-0000401
PAY-00402,MPL-0048,V002,2027-01-06,0.46,Foundation,Processed,REF-0000402
PAY-00403,MPL-0048,V002,2027-03-18,0.03,Execution,Processed,REF-0000403
PAY-00404,MPL-0048,V002,2026-12-09,0.9,Mobilization,Processed,REF-0000404
PAY-00405,MPL-0048,V002,2027-01-17,1.82,Foundation,Processed,REF-0000405
PAY-00406,MPL-0048,V002,2026-06-18,1.42,Final,Processed,REF-0000406
PAY-00407,MPL-0049,V071,2026-12-14,0.09,Finishing,Processed,REF-0000407
PAY-00408,MPL-0049,V071,2026-07-17,0.09,Final,Processed,REF-0000408
PAY-00409,MPL-0049,V071,2027-01-13,1.09,Final,Processed,REF-0000409
PAY-00410,MPL-0049,V071,2026-08-16,1.67,Finishing,Processed,REF-0000410
PAY-00411,MPL-0049,V071,2026-03-04,0.4,Mobilization,Processed,REF-0000411
PAY-00412,MPL-0049,V071,2026-05-20,0.45,Execution,Processed,REF-0000412
PAY-00413,MPL-0049,V071,2026-09-24,0.25,Foundation,Processed,REF-0000413
PAY-00414,MPL-0049,V071,2026-08-19,1.45,Foundation,Processed,REF-0000414
PAY-00415,MPL-0049,V071,2026-03-26,0.67,Foundation,Processed,REF-0000415
PAY-00416,MPL-0050,V063,2026-08-27,0.9,Foundation,Processed,REF-0000416
PAY-00417,MPL-0050,V063,2026-07-28,0.94,Mobilization,Processed,REF-0000417
PAY-00418,MPL-0050,V063,2026-02-22,5.87,Execution,Processed,REF-0000418
PAY-00419,MPL-0050,V063,2026-02-23,0.04,Execution,Processed,REF-0000419
PAY-00420,MPL-0050,V063,2026-06-07,1.03,Finishing,Processed,REF-0000420
PAY-00421,MPL-0050,V063,2026-12-05,2.14,Execution,Processed,REF-0000421
PAY-00422,MPL-0050,V063,2026-06-17,0.42,Final,Processed,REF-0000422
PAY-00423,MPL-0050,V063,2026-03-23,0.26,Finishing,Processed,REF-0000423
PAY-00424,MPL-0050,V063,2026-07-13,4.47,Final,Processed,REF-0000424
PAY-00425,MPL-0050,V063,2026-06-06,5.95,Final,Processed,REF-0000425
PAY-00426,MPL-0051,V049,2026-06-10,2.76,Final,Processed,REF-0000426
PAY-00427,MPL-0051,V049,2026-09-08,3.65,Final,Processed,REF-0000427
PAY-00428,MPL-0051,V049,2026-05-27,1.28,Final,Processed,REF-0000428
PAY-00429,MPL-0051,V049,2027-03-15,2.66,Finishing,Processed,REF-0000429
PAY-00430,MPL-0051,V049,2026-11-27,0.77,Execution,Processed,REF-0000430
PAY-00431,MPL-0051,V049,2026-09-29,1.75,Foundation,Processed,REF-0000431
PAY-00432,MPL-0051,V049,2026-07-28,7.16,Mobilization,Processed,REF-0000432
PAY-00433,MPL-0051,V049,2026-12-27,0.41,Finishing,Processed,REF-0000433
PAY-00434,MPL-0052,V034,2026-08-25,6.35,Finishing,Processed,REF-0000434
PAY-00435,MPL-0052,V034,2026-06-07,8.4,Mobilization,Processed,REF-0000435
PAY-00436,MPL-0052,V034,2026-11-24,1.91,Foundation,Processed,REF-0000436
PAY-00437,MPL-0052,V034,2027-02-08,1.09,Execution,Processed,REF-0000437
PAY-00438,MPL-0052,V034,2027-02-03,22.74,Finishing,Processed,REF-0000438
PAY-00439,MPL-0053,V012,2027-02-21,20.71,Mobilization,Processed,REF-0000439
PAY-00440,MPL-0053,V012,2026-09-24,2.85,Mobilization,Processed,REF-0000440
PAY-00441,MPL-0053,V012,2027-03-27,0.5,Final,Processed,REF-0000441
PAY-00442,MPL-0053,V012,2026-05-04,0.37,Finishing,Processed,REF-0000442
PAY-00443,MPL-0053,V012,2026-09-24,12.21,Foundation,Processed,REF-0000443
PAY-00444,MPL-0053,V012,2026-11-24,3.43,Mobilization,Processed,REF-0000444
PAY-00445,MPL-0053,V012,2027-01-30,2.12,Final,Processed,REF-0000445
PAY-00446,MPL-0053,V012,2026-05-22,3.56,Execution,Processed,REF-0000446
PAY-00447,MPL-0054,V011,2026-07-21,1.85,Finishing,Processed,REF-0000447
PAY-00448,MPL-0054,V011,2026-08-03,3.24,Finishing,Processed,REF-0000448
PAY-00449,MPL-0054,V011,2026-11-17,9.47,Execution,Processed,REF-0000449
PAY-00450,MPL-0054,V011,2026-11-25,4.33,Execution,Processed,REF-0000450
PAY-00451,MPL-0054,V011,2027-01-06,5.73,Mobilization,Processed,REF-0000451
PAY-00452,MPL-0055,V055,2027-03-15,0.46,Final,Processed,REF-0000452
PAY-00453,MPL-0055,V055,2026-07-30,1.37,Finishing,Processed,REF-0000453
PAY-00454,MPL-0055,V055,2026-12-05,1.12,Finishing,Processed,REF-0000454
PAY-00455,MPL-0055,V055,2027-03-15,0.13,Mobilization,Processed,REF-0000455
PAY-00456,MPL-0055,V055,2027-01-13,0.87,Final,Processed,REF-0000456
PAY-00457,MPL-0055,V055,2026-08-27,0.3,Mobilization,Processed,REF-0000457
PAY-00458,MPL-0055,V055,2026-10-28,1.67,Mobilization,Processed,REF-0000458
PAY-00459,MPL-0055,V055,2026-07-11,0.57,Foundation,Processed,REF-0000459
PAY-00460,MPL-0055,V055,2026-08-28,5.35,Execution,Processed,REF-0000460
PAY-00461,MPL-0055,V055,2027-02-14,0.1,Foundation,Processed,REF-0000461
PAY-00462,MPL-0056,V007,2026-07-30,1.24,Foundation,Processed,REF-0000462
PAY-00463,MPL-0056,V007,2026-12-20,0.92,Final,Processed,REF-0000463
PAY-00464,MPL-0056,V007,2026-06-17,1.19,Mobilization,Processed,REF-0000464
PAY-00465,MPL-0056,V007,2026-10-25,0.3,Mobilization,Processed,REF-0000465
PAY-00466,MPL-0056,V007,2026-08-10,0.55,Mobilization,Processed,REF-0000466
PAY-00467,MPL-0056,V007,2026-11-17,1.3,Mobilization,Processed,REF-0000467
PAY-00468,MPL-0056,V007,2026-10-28,0.22,Execution,Processed,REF-0000468
PAY-00469,MPL-0057,V017,2026-06-21,0.49,Foundation,Processed,REF-0000469
PAY-00470,MPL-0057,V017,2026-04-14,1.52,Final,Processed,REF-0000470
PAY-00471,MPL-0057,V017,2026-09-26,1.4,Mobilization,Processed,REF-0000471
PAY-00472,MPL-0057,V017,2026-04-08,0.63,Execution,Processed,REF-0000472
PAY-00473,MPL-0057,V017,2026-04-19,0.67,Final,Processed,REF-0000473
PAY-00474,MPL-0057,V017,2026-09-02,0.62,Finishing,Processed,REF-0000474
PAY-00475,MPL-0057,V017,2026-04-06,2.8,Final,Processed,REF-0000475
PAY-00476,MPL-0057,V017,2026-10-31,2.0,Foundation,Processed,REF-0000476
PAY-00477,MPL-0057,V017,2026-11-25,3.38,Finishing,Processed,REF-0000477
PAY-00478,MPL-0057,V017,2027-01-07,7.03,Finishing,Processed,REF-0000478
PAY-00479,MPL-0057,V017,2026-06-26,1.22,Execution,Processed,REF-0000479
PAY-00480,MPL-0058,V010,2026-06-11,0.29,Mobilization,Processed,REF-0000480
PAY-00481,MPL-0058,V010,2026-07-01,0.2,Execution,Processed,REF-0000481
PAY-00482,MPL-0058,V010,2026-03-30,1.45,Execution,Processed,REF-0000482
PAY-00483,MPL-0058,V010,2026-11-28,11.15,Foundation,Processed,REF-0000483
PAY-00484,MPL-0058,V010,2027-01-19,3.06,Foundation,Processed,REF-0000484
PAY-00485,MPL-0058,V010,2026-03-27,1.31,Mobilization,Processed,REF-0000485
PAY-00486,MPL-0058,V010,2026-10-27,2.11,Mobilization,Processed,REF-0000486
PAY-00487,MPL-0058,V010,2026-06-04,3.78,Mobilization,Processed,REF-0000487
PAY-00488,MPL-0058,V010,2026-06-06,4.38,Finishing,Processed,REF-0000488
PAY-00489,MPL-0058,V010,2026-09-01,0.69,Foundation,Processed,REF-0000489
PAY-00490,MPL-0058,V010,2026-10-23,15.61,Mobilization,Processed,REF-0000490
PAY-00491,MPL-0058,V010,2026-08-09,3.26,Foundation,Processed,REF-0000491
PAY-00492,MPL-0059,V048,2026-07-16,10.0,Finishing,Processed,REF-0000492
PAY-00493,MPL-0059,V048,2026-07-17,10.0,Foundation,Processed,REF-0000493
PAY-00494,MPL-0059,V048,2026-10-23,0.02,Mobilization,Processed,REF-0000494
PAY-00495,MPL-0059,V048,2026-04-14,0.5,Foundation,Processed,REF-0000495
PAY-00496,MPL-0059,V048,2026-08-12,1.19,Finishing,Processed,REF-0000496
PAY-00497,MPL-0059,V048,2026-09-26,0.25,Final,Processed,REF-0000497
PAY-00498,MPL-0059,V048,2026-10-27,0.31,Foundation,Processed,REF-0000498
PAY-00499,MPL-0059,V048,2026-08-30,0.09,Foundation,Processed,REF-0000499
PAY-00500,MPL-0059,V048,2026-03-14,0.59,Execution,Processed,REF-0000500
PAY-00501,MPL-0059,V048,2026-09-11,0.16,Foundation,Processed,REF-0000501
PAY-00502,MPL-0060,V031,2027-03-19,1.36,Mobilization,Processed,REF-0000502
PAY-00503,MPL-0060,V031,2026-08-11,2.67,Finishing,Processed,REF-0000503
PAY-00504,MPL-0060,V031,2026-07-21,3.82,Mobilization,Processed,REF-0000504
PAY-00505,MPL-0060,V031,2026-09-28,1.85,Mobilization,Processed,REF-0000505
PAY-00506,MPL-0060,V031,2027-01-18,0.37,Foundation,Processed,REF-0000506
PAY-00507,MPL-0060,V031,2026-10-11,3.51,Mobilization,Processed,REF-0000507
PAY-00508,MPL-0060,V031,2027-01-26,1.02,Final,Processed,REF-0000508
PAY-00509,MPL-0060,V031,2027-01-14,2.76,Execution,Processed,REF-0000509
PAY-00510,MPL-0060,V031,2026-10-10,1.17,Mobilization,Processed,REF-0000510
PAY-00511,MPL-0061,V048,2026-09-04,1.39,Finishing,Processed,REF-0000511
PAY-00512,MPL-0061,V048,2026-06-23,1.75,Foundation,Processed,REF-0000512
PAY-00513,MPL-0061,V048,2026-09-26,3.03,Final,Processed,REF-0000513
PAY-00514,MPL-0061,V048,2026-10-13,5.92,Final,Processed,REF-0000514
PAY-00515,MPL-0061,V048,2026-08-24,1.45,Mobilization,Processed,REF-0000515
PAY-00516,MPL-0061,V048,2026-10-18,3.29,Execution,Processed,REF-0000516
PAY-00517,MPL-0062,V077,2026-03-07,1.09,Mobilization,Processed,REF-0000517
PAY-00518,MPL-0062,V077,2026-12-14,4.34,Finishing,Processed,REF-0000518
PAY-00519,MPL-0062,V077,2026-08-20,1.61,Foundation,Processed,REF-0000519
PAY-00520,MPL-0062,V077,2026-06-15,0.21,Foundation,Processed,REF-0000520
PAY-00521,MPL-0062,V077,2026-08-10,0.47,Foundation,Processed,REF-0000521
PAY-00522,MPL-0062,V077,2026-11-16,0.16,Execution,Processed,REF-0000522
PAY-00523,MPL-0062,V077,2026-10-14,1.78,Final,Processed,REF-0000523
PAY-00524,MPL-0062,V077,2026-09-25,0.29,Final,Processed,REF-0000524
PAY-00525,MPL-0062,V077,2026-08-25,0.31,Mobilization,Processed,REF-0000525
PAY-00526,MPL-0062,V077,2026-02-10,7.27,Foundation,Processed,REF-0000526
PAY-00527,MPL-0063,V019,2026-06-05,1.47,Mobilization,Processed,REF-0000527
PAY-00528,MPL-0063,V019,2026-03-12,0.43,Mobilization,Processed,REF-0000528
PAY-00529,MPL-0063,V019,2026-12-04,3.04,Execution,Processed,REF-0000529
PAY-00530,MPL-0063,V019,2026-06-15,0.0,Mobilization,Processed,REF-0000530
PAY-00531,MPL-0063,V019,2026-11-12,0.68,Mobilization,Processed,REF-0000531
PAY-00532,MPL-0063,V019,2026-07-04,0.68,Foundation,Processed,REF-0000532
PAY-00533,MPL-0064,V009,2026-11-28,6.44,Finishing,Processed,REF-0000533
PAY-00534,MPL-0064,V009,2026-07-02,5.32,Foundation,Processed,REF-0000534
PAY-00535,MPL-0064,V009,2026-09-26,6.4,Finishing,Processed,REF-0000535
PAY-00536,MPL-0064,V009,2026-08-25,5.64,Foundation,Processed,REF-0000536
PAY-00537,MPL-0064,V009,2026-08-24,13.8,Execution,Processed,REF-0000537
PAY-00538,MPL-0064,V009,2027-04-03,1.53,Execution,Processed,REF-0000538
PAY-00539,MPL-0064,V009,2027-03-13,2.32,Execution,Processed,REF-0000539
PAY-00540,MPL-0064,V009,2026-05-13,2.1,Mobilization,Processed,REF-0000540
PAY-00541,MPL-0064,V009,2026-08-14,3.21,Final,Processed,REF-0000541
PAY-00542,MPL-0064,V009,2027-03-26,7.84,Finishing,Processed,REF-0000542
PAY-00543,MPL-0064,V009,2026-10-15,1.24,Foundation,Processed,REF-0000543
PAY-00544,MPL-0065,V011,2026-09-11,3.77,Mobilization,Processed,REF-0000544
PAY-00545,MPL-0065,V011,2026-06-27,0.66,Foundation,Processed,REF-0000545
PAY-00546,MPL-0065,V011,2026-09-20,0.33,Finishing,Processed,REF-0000546
PAY-00547,MPL-0065,V011,2026-06-14,2.09,Mobilization,Processed,REF-0000547
PAY-00548,MPL-0065,V011,2026-12-01,0.07,Finishing,Processed,REF-0000548
PAY-00549,MPL-0065,V011,2026-09-21,1.8,Mobilization,Processed,REF-0000549
PAY-00550,MPL-0065,V011,2026-07-02,2.23,Execution,Processed,REF-0000550
PAY-00551,MPL-0066,V058,2026-06-05,2.88,Mobilization,Processed,REF-0000551
PAY-00552,MPL-0066,V058,2027-01-08,0.51,Execution,Processed,REF-0000552
PAY-00553,MPL-0066,V058,2026-11-07,5.38,Final,Processed,REF-0000553
PAY-00554,MPL-0066,V058,2026-03-10,1.23,Finishing,Processed,REF-0000554
PAY-00555,MPL-0066,V058,2026-07-14,1.47,Finishing,Processed,REF-0000555
PAY-00556,MPL-0066,V058,2026-05-05,3.49,Mobilization,Processed,REF-0000556
PAY-00557,MPL-0067,V008,2027-03-27,3.83,Execution,Processed,REF-0000557
PAY-00558,MPL-0067,V008,2026-10-04,8.25,Final,Processed,REF-0000558
PAY-00559,MPL-0067,V008,2027-02-22,12.39,Foundation,Processed,REF-0000559
PAY-00560,MPL-0067,V008,2026-08-24,9.82,Mobilization,Processed,REF-0000560
PAY-00561,MPL-0067,V008,2026-07-31,1.75,Execution,Processed,REF-0000561
PAY-00562,MPL-0068,V014,2026-11-27,10.0,Finishing,Processed,REF-0000562
PAY-00563,MPL-0068,V014,2026-11-28,10.0,Final,Processed,REF-0000563
PAY-00564,MPL-0068,V014,2026-08-19,2.18,Finishing,Processed,REF-0000564
PAY-00565,MPL-0068,V014,2026-08-17,5.45,Execution,Processed,REF-0000565
PAY-00566,MPL-0068,V014,2026-11-30,1.24,Mobilization,Processed,REF-0000566
PAY-00567,MPL-0068,V014,2026-10-07,2.55,Execution,Processed,REF-0000567
PAY-00568,MPL-0068,V014,2026-09-27,1.98,Final,Processed,REF-0000568
PAY-00569,MPL-0068,V014,2027-03-15,1.03,Final,Processed,REF-0000569
PAY-00570,MPL-0068,V014,2026-12-13,1.7,Mobilization,Processed,REF-0000570
PAY-00571,MPL-0068,V014,2026-08-26,1.87,Final,Processed,REF-0000571
PAY-00572,MPL-0069,V024,2026-05-02,0.67,Finishing,Processed,REF-0000572
PAY-00573,MPL-0069,V024,2026-06-08,1.14,Foundation,Processed,REF-0000573
PAY-00574,MPL-0069,V024,2026-08-17,4.72,Finishing,Processed,REF-0000574
PAY-00575,MPL-0069,V024,2026-03-03,7.45,Foundation,Processed,REF-0000575
PAY-00576,MPL-0069,V024,2026-12-08,1.34,Finishing,Processed,REF-0000576
PAY-00577,MPL-0070,V007,2026-06-04,0.95,Mobilization,Processed,REF-0000577
PAY-00578,MPL-0070,V007,2026-05-29,0.56,Finishing,Processed,REF-0000578
PAY-00579,MPL-0070,V007,2027-01-12,2.94,Mobilization,Processed,REF-0000579
PAY-00580,MPL-0070,V007,2026-07-09,1.01,Final,Processed,REF-0000580
PAY-00581,MPL-0070,V007,2026-10-07,11.39,Final,Processed,REF-0000581
PAY-00582,MPL-0070,V007,2026-05-19,1.02,Execution,Processed,REF-0000582
PAY-00583,MPL-0070,V007,2026-08-16,1.3,Execution,Processed,REF-0000583
PAY-00584,MPL-0070,V007,2026-09-07,2.39,Final,Processed,REF-0000584
PAY-00585,MPL-0070,V007,2026-09-20,4.19,Execution,Processed,REF-0000585
PAY-00586,MPL-0070,V007,2026-07-27,1.64,Foundation,Processed,REF-0000586
PAY-00587,MPL-0071,V068,2027-04-22,0.06,Final,Processed,REF-0000587
PAY-00588,MPL-0071,V068,2026-12-22,0.58,Final,Processed,REF-0000588
PAY-00589,MPL-0071,V068,2026-08-31,0.0,Finishing,Processed,REF-0000589
PAY-00590,MPL-0071,V068,2027-02-17,0.24,Final,Processed,REF-0000590
PAY-00591,MPL-0071,V068,2026-12-24,0.02,Execution,Processed,REF-0000591
PAY-00592,MPL-0072,V046,2026-02-02,13.41,Finishing,Processed,REF-0000592
PAY-00593,MPL-0072,V046,2026-04-14,8.37,Finishing,Processed,REF-0000593
PAY-00594,MPL-0072,V046,2026-04-15,3.64,Final,Processed,REF-0000594
PAY-00595,MPL-0072,V046,2026-06-26,18.01,Final,Processed,REF-0000595
PAY-00596,MPL-0072,V046,2026-11-10,0.11,Foundation,Processed,REF-0000596
PAY-00597,MPL-0072,V046,2026-07-03,2.24,Finishing,Processed,REF-0000597
PAY-00598,MPL-0073,V047,2026-03-07,5.31,Execution,Processed,REF-0000598
PAY-00599,MPL-0073,V047,2026-02-09,2.75,Finishing,Processed,REF-0000599
PAY-00600,MPL-0073,V047,2026-02-22,5.99,Foundation,Processed,REF-0000600
PAY-00601,MPL-0073,V047,2026-06-26,0.15,Final,Processed,REF-0000601
PAY-00602,MPL-0073,V047,2026-04-06,0.79,Mobilization,Processed,REF-0000602
PAY-00603,MPL-0073,V047,2026-10-10,0.86,Execution,Processed,REF-0000603
PAY-00604,MPL-0073,V047,2026-02-04,1.33,Finishing,Processed,REF-0000604
PAY-00605,MPL-0073,V047,2026-08-01,3.9,Mobilization,Processed,REF-0000605
PAY-00606,MPL-0073,V047,2026-02-27,8.86,Execution,Processed,REF-0000606
PAY-00607,MPL-0074,V045,2026-10-06,13.68,Execution,Processed,REF-0000607
PAY-00608,MPL-0074,V045,2026-12-23,10.46,Final,Processed,REF-0000608
PAY-00609,MPL-0074,V045,2026-06-28,1.27,Mobilization,Processed,REF-0000609
PAY-00610,MPL-0074,V045,2026-08-26,3.37,Foundation,Processed,REF-0000610
PAY-00611,MPL-0074,V045,2026-07-19,1.29,Finishing,Processed,REF-0000611
PAY-00612,MPL-0074,V045,2027-02-03,1.78,Mobilization,Processed,REF-0000612
PAY-00613,MPL-0074,V045,2026-09-05,4.06,Foundation,Processed,REF-0000613
PAY-00614,MPL-0075,V073,2027-02-21,0.6,Execution,Processed,REF-0000614
PAY-00615,MPL-0075,V073,2026-10-29,2.1,Finishing,Processed,REF-0000615
PAY-00616,MPL-0075,V073,2027-01-26,23.39,Finishing,Processed,REF-0000616
PAY-00617,MPL-0075,V073,2026-08-13,5.36,Execution,Processed,REF-0000617
PAY-00618,MPL-0075,V073,2026-11-25,5.03,Final,Processed,REF-0000618
PAY-00619,MPL-0076,V048,2026-06-21,0.07,Final,Processed,REF-0000619
PAY-00620,MPL-0076,V048,2026-11-03,1.33,Execution,Processed,REF-0000620
PAY-00621,MPL-0076,V048,2027-01-15,9.41,Foundation,Processed,REF-0000621
PAY-00622,MPL-0076,V048,2026-07-05,0.84,Execution,Processed,REF-0000622
PAY-00623,MPL-0076,V048,2026-06-02,2.51,Finishing,Processed,REF-0000623
PAY-00624,MPL-0076,V048,2027-01-02,0.07,Foundation,Processed,REF-0000624
PAY-00625,MPL-0076,V048,2026-08-26,3.04,Execution,Processed,REF-0000625
PAY-00626,MPL-0076,V048,2026-05-07,0.1,Execution,Processed,REF-0000626
PAY-00627,MPL-0076,V048,2027-01-09,8.01,Finishing,Processed,REF-0000627
PAY-00628,MPL-0077,V008,2026-11-14,14.01,Finishing,Processed,REF-0000628
PAY-00629,MPL-0077,V008,2026-06-24,12.46,Foundation,Processed,REF-0000629
PAY-00630,MPL-0077,V008,2027-01-30,2.68,Finishing,Processed,REF-0000630
PAY-00631,MPL-0077,V008,2026-10-13,14.6,Final,Processed,REF-0000631
PAY-00632,MPL-0077,V008,2026-11-05,6.3,Finishing,Processed,REF-0000632
PAY-00633,MPL-0077,V008,2026-11-03,3.76,Finishing,Processed,REF-0000633
PAY-00634,MPL-0077,V008,2026-12-30,7.89,Finishing,Processed,REF-0000634
PAY-00635,MPL-0078,V043,2026-09-20,0.01,Mobilization,Processed,REF-0000635
PAY-00636,MPL-0078,V043,2026-11-09,0.13,Mobilization,Processed,REF-0000636
PAY-00637,MPL-0078,V043,2026-08-30,1.1,Mobilization,Processed,REF-0000637
PAY-00638,MPL-0078,V043,2026-04-08,0.23,Final,Processed,REF-0000638
PAY-00639,MPL-0078,V043,2026-06-30,0.74,Foundation,Processed,REF-0000639
PAY-00640,MPL-0078,V043,2026-11-20,0.39,Final,Processed,REF-0000640
PAY-00641,MPL-0078,V043,2026-08-06,1.56,Foundation,Processed,REF-0000641
PAY-00642,MPL-0078,V043,2026-12-10,2.47,Final,Processed,REF-0000642
PAY-00643,MPL-0078,V043,2026-11-12,1.74,Execution,Processed,REF-0000643
PAY-00644,MPL-0078,V043,2026-02-23,0.26,Finishing,Processed,REF-0000644
PAY-00645,MPL-0078,V043,2026-04-01,0.18,Finishing,Processed,REF-0000645
PAY-00646,MPL-0079,V011,2026-11-22,7.07,Final,Processed,REF-0000646
PAY-00647,MPL-0079,V011,2026-11-21,0.08,Mobilization,Processed,REF-0000647
PAY-00648,MPL-0079,V011,2026-05-13,0.29,Mobilization,Processed,REF-0000648
PAY-00649,MPL-0079,V011,2026-08-16,8.86,Mobilization,Processed,REF-0000649
PAY-00650,MPL-0079,V011,2026-09-17,8.08,Final,Processed,REF-0000650
PAY-00651,MPL-0080,V063,2026-07-27,20.59,Final,Processed,REF-0000651
PAY-00652,MPL-0080,V063,2026-11-02,0.89,Execution,Processed,REF-0000652
PAY-00653,MPL-0080,V063,2026-04-01,1.18,Mobilization,Processed,REF-0000653
PAY-00654,MPL-0080,V063,2026-12-25,0.48,Final,Processed,REF-0000654
PAY-00655,MPL-0080,V063,2026-03-28,9.85,Foundation,Processed,REF-0000655
PAY-00656,MPL-0080,V063,2026-11-20,5.93,Foundation,Processed,REF-0000656
PAY-00657,MPL-0081,V080,2026-05-02,1.8,Foundation,Processed,REF-0000657
PAY-00658,MPL-0081,V080,2027-01-15,2.42,Foundation,Processed,REF-0000658
PAY-00659,MPL-0081,V080,2026-07-26,0.77,Execution,Processed,REF-0000659
PAY-00660,MPL-0081,V080,2026-02-25,0.62,Finishing,Processed,REF-0000660
PAY-00661,MPL-0081,V080,2027-01-07,0.42,Foundation,Processed,REF-0000661
PAY-00662,MPL-0081,V080,2026-04-21,0.92,Mobilization,Processed,REF-0000662
PAY-00663,MPL-0081,V080,2026-02-22,0.63,Foundation,Processed,REF-0000663
PAY-00664,MPL-0081,V080,2026-12-28,0.62,Mobilization,Processed,REF-0000664
PAY-00665,MPL-0081,V080,2026-11-15,2.87,Mobilization,Processed,REF-0000665
PAY-00666,MPL-0081,V080,2026-06-28,4.3,Foundation,Processed,REF-0000666
PAY-00667,MPL-0081,V080,2026-04-16,1.65,Finishing,Processed,REF-0000667
PAY-00668,MPL-0081,V080,2026-03-06,1.47,Final,Processed,REF-0000668
PAY-00669,MPL-0082,V060,2026-10-10,3.34,Mobilization,Processed,REF-0000669
PAY-00670,MPL-0082,V060,2026-05-25,0.53,Execution,Processed,REF-0000670
PAY-00671,MPL-0082,V060,2026-10-17,0.18,Finishing,Processed,REF-0000671
PAY-00672,MPL-0082,V060,2026-06-26,3.43,Foundation,Processed,REF-0000672
PAY-00673,MPL-0082,V060,2026-12-28,3.82,Execution,Processed,REF-0000673
PAY-00674,MPL-0082,V060,2027-01-31,0.14,Finishing,Processed,REF-0000674
PAY-00675,MPL-0082,V060,2027-02-23,7.69,Final,Processed,REF-0000675
PAY-00676,MPL-0082,V060,2026-05-26,0.28,Finishing,Processed,REF-0000676
PAY-00677,MPL-0082,V060,2026-06-06,0.98,Mobilization,Processed,REF-0000677
PAY-00678,MPL-0082,V060,2026-06-26,3.26,Foundation,Processed,REF-0000678
PAY-00679,MPL-0082,V060,2027-02-23,0.54,Foundation,Processed,REF-0000679
PAY-00680,MPL-0082,V060,2026-06-19,0.17,Final,Processed,REF-0000680
PAY-00681,MPL-0083,V011,2026-10-22,1.31,Finishing,Processed,REF-0000681
PAY-00682,MPL-0083,V011,2026-07-19,4.74,Execution,Processed,REF-0000682
PAY-00683,MPL-0083,V011,2026-04-13,1.74,Final,Processed,REF-0000683
PAY-00684,MPL-0083,V011,2026-10-31,3.45,Execution,Processed,REF-0000684
PAY-00685,MPL-0083,V011,2026-07-11,2.83,Finishing,Processed,REF-0000685
PAY-00686,MPL-0083,V011,2026-09-06,0.07,Mobilization,Processed,REF-0000686
PAY-00687,MPL-0083,V011,2026-10-16,14.58,Finishing,Processed,REF-0000687
PAY-00688,MPL-0083,V011,2026-09-26,0.14,Foundation,Processed,REF-0000688
PAY-00689,MPL-0084,V004,2026-08-25,11.25,Finishing,Processed,REF-0000689
PAY-00690,MPL-0084,V004,2026-06-02,2.61,Final,Processed,REF-0000690
PAY-00691,MPL-0084,V004,2026-10-18,10.81,Mobilization,Processed,REF-0000691
PAY-00692,MPL-0084,V004,2027-01-24,0.4,Execution,Processed,REF-0000692
PAY-00693,MPL-0084,V004,2026-04-19,2.21,Final,Processed,REF-0000693
PAY-00694,MPL-0085,V078,2026-06-16,0.15,Execution,Processed,REF-0000694
PAY-00695,MPL-0085,V078,2026-08-05,0.04,Finishing,Processed,REF-0000695
PAY-00696,MPL-0085,V078,2027-01-15,0.78,Execution,Processed,REF-0000696
PAY-00697,MPL-0085,V078,2026-05-30,0.19,Foundation,Processed,REF-0000697
PAY-00698,MPL-0085,V078,2026-11-25,0.72,Final,Processed,REF-0000698
PAY-00699,MPL-0085,V078,2027-02-07,0.1,Foundation,Processed,REF-0000699
PAY-00700,MPL-0085,V078,2026-11-20,0.33,Final,Processed,REF-0000700
PAY-00701,MPL-0085,V078,2026-12-11,1.24,Final,Processed,REF-0000701
PAY-00702,MPL-0085,V078,2026-06-27,0.47,Foundation,Processed,REF-0000702
PAY-00703,MPL-0085,V078,2027-04-26,0.81,Foundation,Processed,REF-0000703
PAY-00704,MPL-0085,V078,2026-11-22,0.85,Final,Processed,REF-0000704
PAY-00705,MPL-0085,V078,2026-11-15,1.51,Finishing,Processed,REF-0000705
PAY-00706,MPL-0086,V019,2026-08-15,0.2,Execution,Processed,REF-0000706
PAY-00707,MPL-0086,V019,2026-10-13,0.6,Mobilization,Processed,REF-0000707
PAY-00708,MPL-0086,V019,2027-02-19,1.68,Finishing,Processed,REF-0000708
PAY-00709,MPL-0086,V019,2026-10-04,0.67,Finishing,Processed,REF-0000709
PAY-00710,MPL-0086,V019,2027-01-30,0.35,Foundation,Processed,REF-0000710
PAY-00711,MPL-0086,V019,2027-01-14,0.51,Final,Processed,REF-0000711
PAY-00712,MPL-0086,V019,2027-02-26,0.69,Final,Processed,REF-0000712
PAY-00713,MPL-0087,V050,2026-06-21,11.56,Execution,Processed,REF-0000713
PAY-00714,MPL-0087,V050,2027-02-11,0.21,Final,Processed,REF-0000714
PAY-00715,MPL-0087,V050,2026-10-11,2.64,Final,Processed,REF-0000715
PAY-00716,MPL-0087,V050,2027-02-26,20.3,Finishing,Processed,REF-0000716
PAY-00717,MPL-0087,V050,2026-05-20,3.89,Mobilization,Processed,REF-0000717
PAY-00718,MPL-0087,V050,2026-05-01,16.05,Foundation,Processed,REF-0000718
PAY-00719,MPL-0087,V050,2026-08-12,5.68,Mobilization,Processed,REF-0000719
PAY-00720,MPL-0087,V050,2027-03-22,9.01,Mobilization,Processed,REF-0000720
PAY-00721,MPL-0087,V050,2026-12-27,0.86,Finishing,Processed,REF-0000721
PAY-00722,MPL-0088,V024,2026-06-12,0.73,Foundation,Processed,REF-0000722
PAY-00723,MPL-0088,V024,2026-04-08,11.46,Foundation,Processed,REF-0000723
PAY-00724,MPL-0088,V024,2026-08-29,8.03,Finishing,Processed,REF-0000724
PAY-00725,MPL-0088,V024,2026-03-18,3.84,Mobilization,Processed,REF-0000725
PAY-00726,MPL-0088,V024,2026-12-24,2.24,Execution,Processed,REF-0000726
PAY-00727,MPL-0088,V024,2026-04-13,4.09,Mobilization,Processed,REF-0000727
PAY-00728,MPL-0088,V024,2026-03-23,3.5,Finishing,Processed,REF-0000728
PAY-00729,MPL-0088,V024,2026-08-24,3.06,Final,Processed,REF-0000729
PAY-00730,MPL-0088,V024,2027-01-03,0.22,Mobilization,Processed,REF-0000730
PAY-00731,MPL-0088,V024,2026-05-14,3.64,Execution,Processed,REF-0000731
PAY-00732,MPL-0089,V007,2027-02-12,2.11,Finishing,Processed,REF-0000732
PAY-00733,MPL-0089,V007,2026-09-03,7.4,Final,Processed,REF-0000733
PAY-00734,MPL-0089,V007,2027-04-07,0.02,Foundation,Processed,REF-0000734
PAY-00735,MPL-0089,V007,2026-10-05,1.89,Execution,Processed,REF-0000735
PAY-00736,MPL-0089,V007,2027-03-05,1.22,Finishing,Processed,REF-0000736
PAY-00737,MPL-0089,V007,2026-11-20,0.82,Foundation,Processed,REF-0000737
PAY-00738,MPL-0090,V056,2026-09-04,10.0,Finishing,Processed,REF-0000738
PAY-00739,MPL-0090,V056,2026-09-05,10.0,Foundation,Processed,REF-0000739
PAY-00740,MPL-0090,V056,2026-07-28,1.06,Final,Processed,REF-0000740
PAY-00741,MPL-0090,V056,2026-06-26,0.88,Mobilization,Processed,REF-0000741
PAY-00742,MPL-0090,V056,2026-09-26,3.19,Mobilization,Processed,REF-0000742
PAY-00743,MPL-0090,V056,2026-08-24,2.93,Mobilization,Processed,REF-0000743
PAY-00744,MPL-0090,V056,2026-12-15,2.16,Finishing,Processed,REF-0000744
PAY-00745,MPL-0090,V056,2027-03-31,6.79,Final,Processed,REF-0000745
PAY-00746,MPL-0091,V036,2026-12-14,1.32,Foundation,Processed,REF-0000746
PAY-00747,MPL-0091,V036,2027-05-17,0.86,Final,Processed,REF-0000747
PAY-00748,MPL-0091,V036,2027-03-04,3.28,Foundation,Processed,REF-0000748
PAY-00749,MPL-0091,V036,2026-10-07,0.68,Final,Processed,REF-0000749
PAY-00750,MPL-0091,V036,2027-02-20,1.16,Final,Processed,REF-0000750
PAY-00751,MPL-0091,V036,2026-12-20,0.78,Execution,Processed,REF-0000751
PAY-00752,MPL-0092,V005,2026-07-18,0.52,Finishing,Processed,REF-0000752
PAY-00753,MPL-0092,V005,2027-01-18,12.87,Finishing,Processed,REF-0000753
PAY-00754,MPL-0092,V005,2026-07-20,2.15,Final,Processed,REF-0000754
PAY-00755,MPL-0092,V005,2026-07-24,4.69,Foundation,Processed,REF-0000755
PAY-00756,MPL-0092,V005,2027-03-05,0.32,Execution,Processed,REF-0000756
PAY-00757,MPL-0092,V005,2026-08-04,8.8,Mobilization,Processed,REF-0000757
PAY-00758,MPL-0092,V005,2027-02-24,2.94,Foundation,Processed,REF-0000758
PAY-00759,MPL-0093,V050,2027-04-06,4.69,Final,Processed,REF-0000759
PAY-00760,MPL-0093,V050,2026-11-19,1.83,Mobilization,Processed,REF-0000760
PAY-00761,MPL-0093,V050,2026-09-25,0.75,Execution,Processed,REF-0000761
PAY-00762,MPL-0093,V050,2026-10-09,2.47,Finishing,Processed,REF-0000762
PAY-00763,MPL-0093,V050,2026-12-03,0.48,Mobilization,Processed,REF-0000763
PAY-00764,MPL-0094,V041,2026-11-24,2.15,Mobilization,Processed,REF-0000764
PAY-00765,MPL-0094,V041,2027-03-30,1.41,Final,Processed,REF-0000765
PAY-00766,MPL-0094,V041,2026-10-31,8.98,Final,Processed,REF-0000766
PAY-00767,MPL-0094,V041,2027-05-08,0.23,Final,Processed,REF-0000767
PAY-00768,MPL-0094,V041,2026-12-06,4.38,Finishing,Processed,REF-0000768
PAY-00769,MPL-0094,V041,2027-05-12,0.75,Mobilization,Processed,REF-0000769
PAY-00770,MPL-0094,V041,2027-04-05,1.42,Mobilization,Processed,REF-0000770
PAY-00771,MPL-0095,V047,2026-10-13,0.84,Mobilization,Processed,REF-0000771
PAY-00772,MPL-0095,V047,2026-06-17,3.74,Execution,Processed,REF-0000772
PAY-00773,MPL-0095,V047,2027-01-02,0.44,Execution,Processed,REF-0000773
PAY-00774,MPL-0095,V047,2026-09-11,0.15,Execution,Processed,REF-0000774
PAY-00775,MPL-0095,V047,2026-07-01,0.6,Foundation,Processed,REF-0000775
PAY-00776,MPL-0095,V047,2026-09-13,0.17,Final,Processed,REF-0000776
PAY-00777,MPL-0095,V047,2026-11-16,0.22,Mobilization,Processed,REF-0000777
PAY-00778,MPL-0095,V047,2026-09-29,1.34,Finishing,Processed,REF-0000778
PAY-00779,MPL-0095,V047,2026-07-08,0.1,Final,Processed,REF-0000779
PAY-00780,MPL-0095,V047,2027-04-09,0.05,Mobilization,Processed,REF-0000780
PAY-00781,MPL-0095,V047,2026-11-25,1.96,Mobilization,Processed,REF-0000781
PAY-00782,MPL-0095,V047,2026-12-31,0.7,Final,Processed,REF-0000782
PAY-00783,MPL-0096,V060,2027-04-12,0.6,Finishing,Processed,REF-0000783
PAY-00784,MPL-0096,V060,2026-09-08,1.31,Execution,Processed,REF-0000784
PAY-00785,MPL-0096,V060,2026-07-25,4.59,Mobilization,Processed,REF-0000785
PAY-00786,MPL-0096,V060,2026-07-22,1.44,Finishing,Processed,REF-0000786
PAY-00787,MPL-0096,V060,2027-03-20,3.05,Foundation,Processed,REF-0000787
PAY-00788,MPL-0096,V060,2027-06-01,0.58,Execution,Processed,REF-0000788
PAY-00789,MPL-0097,V042,2026-11-08,2.98,Execution,Processed,REF-0000789
PAY-00790,MPL-0097,V042,2026-07-03,1.28,Mobilization,Processed,REF-0000790
PAY-00791,MPL-0097,V042,2026-04-06,3.32,Mobilization,Processed,REF-0000791
PAY-00792,MPL-0097,V042,2026-06-17,5.56,Final,Processed,REF-0000792
PAY-00793,MPL-0097,V042,2027-01-14,3.18,Finishing,Processed,REF-0000793
PAY-00794,MPL-0097,V042,2026-03-18,1.18,Final,Processed,REF-0000794
PAY-00795,MPL-0097,V042,2026-11-10,0.99,Mobilization,Processed,REF-0000795
PAY-00796,MPL-0097,V042,2026-09-23,1.33,Finishing,Processed,REF-0000796
PAY-00797,MPL-0097,V042,2026-05-12,0.61,Finishing,Processed,REF-0000797
PAY-00798,MPL-0097,V042,2026-10-13,0.67,Final,Processed,REF-0000798
PAY-00799,MPL-0097,V042,2026-05-18,5.26,Mobilization,Processed,REF-0000799
PAY-00800,MPL-0098,V080,2026-08-13,0.92,Final,Processed,REF-0000800
PAY-00801,MPL-0098,V080,2026-12-19,1.08,Execution,Processed,REF-0000801
PAY-00802,MPL-0098,V080,2026-09-21,1.7,Execution,Processed,REF-0000802
PAY-00803,MPL-0098,V080,2027-01-23,1.68,Mobilization,Processed,REF-0000803
PAY-00804,MPL-0098,V080,2026-10-13,0.13,Foundation,Processed,REF-0000804
PAY-00805,MPL-0098,V080,2026-07-31,3.36,Final,Processed,REF-0000805
PAY-00806,MPL-0098,V080,2026-06-19,0.37,Foundation,Processed,REF-0000806
PAY-00807,MPL-0098,V080,2027-01-11,2.42,Final,Processed,REF-0000807
PAY-00808,MPL-0098,V080,2027-03-31,2.79,Mobilization,Processed,REF-0000808
PAY-00809,MPL-0098,V080,2026-06-21,2.37,Foundation,Processed,REF-0000809
PAY-00810,MPL-0098,V080,2026-07-13,1.63,Mobilization,Processed,REF-0000810
PAY-00811,MPL-0098,V080,2026-07-13,0.03,Foundation,Processed,REF-0000811
PAY-00812,MPL-0099,V039,2026-08-14,0.82,Execution,Processed,REF-0000812
PAY-00813,MPL-0099,V039,2026-06-05,1.71,Execution,Processed,REF-0000813
PAY-00814,MPL-0099,V039,2026-11-09,0.9,Final,Processed,REF-0000814
PAY-00815,MPL-0099,V039,2027-04-14,3.66,Foundation,Processed,REF-0000815
PAY-00816,MPL-0099,V039,2026-10-10,0.68,Foundation,Processed,REF-0000816
PAY-00817,MPL-0099,V039,2027-03-20,0.64,Finishing,Processed,REF-0000817
PAY-00818,MPL-0099,V039,2027-01-14,0.57,Mobilization,Processed,REF-0000818
PAY-00819,MPL-0099,V039,2027-04-15,0.74,Mobilization,Processed,REF-0000819
PAY-00820,MPL-0099,V039,2026-06-22,1.5,Execution,Processed,REF-0000820
PAY-00821,MPL-0099,V039,2027-02-16,2.26,Foundation,Processed,REF-0000821
PAY-00822,MPL-0099,V039,2027-01-22,2.0,Execution,Processed,REF-0000822
PAY-00823,MPL-0099,V039,2026-09-03,3.03,Finishing,Processed,REF-0000823
PAY-00824,MPL-0100,V017,2026-10-19,15.9,Final,Processed,REF-0000824
PAY-00825,MPL-0100,V017,2026-09-11,12.41,Foundation,Processed,REF-0000825
PAY-00826,MPL-0100,V017,2027-01-09,0.14,Execution,Processed,REF-0000826
PAY-00827,MPL-0100,V017,2026-09-25,9.76,Final,Processed,REF-0000827
PAY-00828,MPL-0100,V017,2026-12-28,1.71,Mobilization,Processed,REF-0000828
PAY-00829,MPL-0100,V017,2026-05-12,1.05,Execution,Processed,REF-0000829
PAY-00830,MPL-0100,V017,2026-11-11,7.45,Final,Processed,REF-0000830
PAY-00831,MPL-0100,V017,2026-12-19,2.82,Execution,Processed,REF-0000831
PAY-00832,MPL-0100,V017,2026-05-25,0.43,Foundation,Processed,REF-0000832
PAY-00833,MPL-0101,V021,2027-02-08,0.77,Foundation,Processed,REF-0000833
PAY-00834,MPL-0101,V021,2026-10-21,0.0,Final,Processed,REF-0000834
PAY-00835,MPL-0101,V021,2026-09-02,12.16,Mobilization,Processed,REF-0000835
PAY-00836,MPL-0101,V021,2026-11-24,0.13,Foundation,Processed,REF-0000836
PAY-00837,MPL-0101,V021,2026-06-05,1.22,Foundation,Processed,REF-0000837
PAY-00838,MPL-0101,V021,2026-12-29,2.8,Finishing,Processed,REF-0000838
PAY-00839,MPL-0101,V021,2026-07-15,2.3,Mobilization,Processed,REF-0000839
PAY-00840,MPL-0102,V002,2026-02-24,2.48,Execution,Processed,REF-0000840
PAY-00841,MPL-0102,V002,2026-06-29,0.04,Final,Processed,REF-0000841
PAY-00842,MPL-0102,V002,2026-08-22,0.73,Execution,Processed,REF-0000842
PAY-00843,MPL-0102,V002,2026-03-22,1.17,Mobilization,Processed,REF-0000843
PAY-00844,MPL-0102,V002,2026-06-29,2.74,Final,Processed,REF-0000844
PAY-00845,MPL-0102,V002,2026-08-22,0.99,Finishing,Processed,REF-0000845
PAY-00846,MPL-0102,V002,2026-02-16,1.66,Finishing,Processed,REF-0000846
PAY-00847,MPL-0102,V002,2026-08-22,0.09,Finishing,Processed,REF-0000847
PAY-00848,MPL-0102,V002,2026-03-01,0.5,Foundation,Processed,REF-0000848
PAY-00849,MPL-0102,V002,2026-05-23,0.48,Finishing,Processed,REF-0000849
PAY-00850,MPL-0102,V002,2026-05-12,2.22,Finishing,Processed,REF-0000850
PAY-00851,MPL-0102,V002,2026-11-06,0.17,Mobilization,Processed,REF-0000851
PAY-00852,MPL-0103,V017,2026-02-20,0.26,Final,Processed,REF-0000852
PAY-00853,MPL-0103,V017,2026-08-01,0.62,Mobilization,Processed,REF-0000853
PAY-00854,MPL-0103,V017,2026-12-12,0.09,Execution,Processed,REF-0000854
PAY-00855,MPL-0103,V017,2026-06-18,0.31,Final,Processed,REF-0000855
PAY-00856,MPL-0103,V017,2026-05-25,5.25,Mobilization,Processed,REF-0000856
PAY-00857,MPL-0103,V017,2026-07-28,0.87,Final,Processed,REF-0000857
PAY-00858,MPL-0103,V017,2026-09-14,1.56,Finishing,Processed,REF-0000858
PAY-00859,MPL-0103,V017,2026-03-05,2.02,Mobilization,Processed,REF-0000859
PAY-00860,MPL-0103,V017,2026-11-14,0.71,Finishing,Processed,REF-0000860
PAY-00861,MPL-0104,V020,2027-03-15,0.23,Finishing,Processed,REF-0000861
PAY-00862,MPL-0104,V020,2027-01-18,0.34,Final,Processed,REF-0000862
PAY-00863,MPL-0104,V020,2027-04-01,0.55,Final,Processed,REF-0000863
PAY-00864,MPL-0104,V020,2026-10-26,1.49,Foundation,Processed,REF-0000864
PAY-00865,MPL-0104,V020,2026-12-27,0.75,Finishing,Processed,REF-0000865
PAY-00866,MPL-0104,V020,2026-10-14,0.01,Foundation,Processed,REF-0000866
PAY-00867,MPL-0104,V020,2026-06-22,1.09,Execution,Processed,REF-0000867
PAY-00868,MPL-0104,V020,2026-11-02,3.74,Mobilization,Processed,REF-0000868
PAY-00869,MPL-0104,V020,2026-10-20,2.46,Final,Processed,REF-0000869
PAY-00870,MPL-0105,V015,2026-10-16,3.37,Final,Processed,REF-0000870
PAY-00871,MPL-0105,V015,2026-11-15,3.06,Mobilization,Processed,REF-0000871
PAY-00872,MPL-0105,V015,2027-03-08,0.76,Execution,Processed,REF-0000872
PAY-00873,MPL-0105,V015,2026-10-29,2.8,Execution,Processed,REF-0000873
PAY-00874,MPL-0105,V015,2027-03-30,0.3,Execution,Processed,REF-0000874
PAY-00875,MPL-0105,V015,2027-03-27,2.07,Final,Processed,REF-0000875
PAY-00876,MPL-0105,V015,2026-05-03,1.98,Mobilization,Processed,REF-0000876
PAY-00877,MPL-0105,V015,2026-10-01,0.05,Final,Processed,REF-0000877
PAY-00878,MPL-0105,V015,2027-03-31,3.0,Execution,Processed,REF-0000878
PAY-00879,MPL-0106,V032,2026-04-20,4.8,Finishing,Processed,REF-0000879
PAY-00880,MPL-0106,V032,2026-09-12,0.64,Mobilization,Processed,REF-0000880
PAY-00881,MPL-0106,V032,2026-09-01,3.44,Mobilization,Processed,REF-0000881
PAY-00882,MPL-0106,V032,2026-09-14,0.18,Mobilization,Processed,REF-0000882
PAY-00883,MPL-0106,V032,2026-07-21,1.88,Finishing,Processed,REF-0000883
PAY-00884,MPL-0106,V032,2026-12-11,1.37,Final,Processed,REF-0000884
PAY-00885,MPL-0106,V032,2026-05-10,1.62,Finishing,Processed,REF-0000885
PAY-00886,MPL-0106,V032,2026-02-17,5.35,Final,Processed,REF-0000886
PAY-00887,MPL-0106,V032,2026-02-28,4.21,Execution,Processed,REF-0000887
PAY-00888,MPL-0107,V027,2026-07-05,7.01,Finishing,Processed,REF-0000888
PAY-00889,MPL-0107,V027,2026-09-03,1.46,Execution,Processed,REF-0000889
PAY-00890,MPL-0107,V027,2026-10-22,11.07,Execution,Processed,REF-0000890
PAY-00891,MPL-0107,V027,2027-02-11,0.47,Foundation,Processed,REF-0000891
PAY-00892,MPL-0107,V027,2026-09-27,8.75,Foundation,Processed,REF-0000892
PAY-00893,MPL-0107,V027,2026-08-17,1.81,Final,Processed,REF-0000893
PAY-00894,MPL-0107,V027,2027-05-04,0.25,Mobilization,Processed,REF-0000894
PAY-00895,MPL-0107,V027,2026-09-30,5.05,Mobilization,Processed,REF-0000895
PAY-00896,MPL-0107,V027,2027-05-04,1.2,Mobilization,Processed,REF-0000896
PAY-00897,MPL-0107,V027,2026-09-05,1.27,Final,Processed,REF-0000897
PAY-00898,MPL-0108,V037,2027-05-02,1.61,Execution,Processed,REF-0000898
PAY-00899,MPL-0108,V037,2026-07-31,0.29,Final,Processed,REF-0000899
PAY-00900,MPL-0108,V037,2026-11-03,0.86,Mobilization,Processed,REF-0000900
PAY-00901,MPL-0108,V037,2026-11-19,0.02,Execution,Processed,REF-0000901
PAY-00902,MPL-0108,V037,2026-07-18,2.59,Execution,Processed,REF-0000902
PAY-00903,MPL-0108,V037,2027-04-12,0.39,Mobilization,Processed,REF-0000903
PAY-00904,MPL-0108,V037,2027-05-13,5.05,Foundation,Processed,REF-0000904
PAY-00905,MPL-0108,V037,2027-01-05,1.18,Mobilization,Processed,REF-0000905
PAY-00906,MPL-0108,V037,2026-08-18,12.65,Final,Processed,REF-0000906
PAY-00907,MPL-0108,V037,2027-02-22,9.02,Mobilization,Processed,REF-0000907
PAY-00908,MPL-0108,V037,2027-03-28,1.5,Mobilization,Processed,REF-0000908
PAY-00909,MPL-0108,V037,2026-11-08,6.72,Foundation,Processed,REF-0000909
PAY-00910,MPL-0109,V011,2027-01-26,2.28,Execution,Processed,REF-0000910
PAY-00911,MPL-0109,V011,2026-11-07,6.06,Mobilization,Processed,REF-0000911
PAY-00912,MPL-0109,V011,2027-03-03,1.28,Finishing,Processed,REF-0000912
PAY-00913,MPL-0109,V011,2026-08-31,0.12,Foundation,Processed,REF-0000913
PAY-00914,MPL-0109,V011,2026-04-21,1.46,Execution,Processed,REF-0000914
PAY-00915,MPL-0109,V011,2027-02-13,1.38,Execution,Processed,REF-0000915
PAY-00916,MPL-0109,V011,2026-09-27,1.43,Finishing,Processed,REF-0000916
PAY-00917,MPL-0109,V011,2027-03-08,0.52,Execution,Processed,REF-0000917
PAY-00918,MPL-0109,V011,2026-12-05,2.76,Execution,Processed,REF-0000918
PAY-00919,MPL-0109,V011,2027-02-21,4.5,Mobilization,Processed,REF-0000919
PAY-00920,MPL-0110,V030,2026-07-31,0.48,Mobilization,Processed,REF-0000920
PAY-00921,MPL-0110,V030,2026-06-21,0.18,Foundation,Processed,REF-0000921
PAY-00922,MPL-0110,V030,2026-11-22,0.42,Mobilization,Processed,REF-0000922
PAY-00923,MPL-0110,V030,2026-03-19,3.32,Final,Processed,REF-0000923
PAY-00924,MPL-0110,V030,2026-05-12,2.19,Execution,Processed,REF-0000924
PAY-00925,MPL-0110,V030,2026-10-12,1.96,Final,Processed,REF-0000925
PAY-00926,MPL-0110,V030,2026-11-17,0.99,Execution,Processed,REF-0000926
PAY-00927,MPL-0111,V008,2026-08-14,2.29,Final,Processed,REF-0000927
PAY-00928,MPL-0111,V008,2026-02-18,0.98,Foundation,Processed,REF-0000928
PAY-00929,MPL-0111,V008,2026-08-16,1.72,Mobilization,Processed,REF-0000929
PAY-00930,MPL-0111,V008,2026-03-13,4.18,Foundation,Processed,REF-0000930
PAY-00931,MPL-0111,V008,2026-11-18,10.55,Final,Processed,REF-0000931
PAY-00932,MPL-0111,V008,2026-11-23,7.15,Final,Processed,REF-0000932
PAY-00933,MPL-0111,V008,2026-09-04,7.21,Final,Processed,REF-0000933
PAY-00934,MPL-0111,V008,2026-04-05,1.37,Final,Processed,REF-0000934
PAY-00935,MPL-0112,V039,2027-04-11,1.12,Finishing,Processed,REF-0000935
PAY-00936,MPL-0112,V039,2027-05-08,2.16,Final,Processed,REF-0000936
PAY-00937,MPL-0112,V039,2027-02-26,4.51,Finishing,Processed,REF-0000937
PAY-00938,MPL-0112,V039,2026-11-14,0.27,Execution,Processed,REF-0000938
PAY-00939,MPL-0112,V039,2026-09-12,0.64,Final,Processed,REF-0000939
PAY-00940,MPL-0113,V024,2026-05-18,1.16,Execution,Processed,REF-0000940
PAY-00941,MPL-0113,V024,2026-05-18,7.33,Execution,Processed,REF-0000941
PAY-00942,MPL-0113,V024,2026-05-12,2.83,Finishing,Processed,REF-0000942
PAY-00943,MPL-0113,V024,2026-06-24,3.06,Mobilization,Processed,REF-0000943
PAY-00944,MPL-0113,V024,2026-05-17,0.57,Finishing,Processed,REF-0000944
PAY-00945,MPL-0113,V024,2026-08-11,3.33,Execution,Processed,REF-0000945
PAY-00946,MPL-0113,V024,2026-02-23,15.36,Execution,Processed,REF-0000946
PAY-00947,MPL-0113,V024,2026-10-27,2.05,Final,Processed,REF-0000947
PAY-00948,MPL-0113,V024,2026-02-22,9.2,Execution,Processed,REF-0000948
PAY-00949,MPL-0114,V032,2026-11-17,1.12,Foundation,Processed,REF-0000949
PAY-00950,MPL-0114,V032,2026-08-29,2.24,Finishing,Processed,REF-0000950
PAY-00951,MPL-0114,V032,2026-05-09,0.16,Final,Processed,REF-0000951
PAY-00952,MPL-0114,V032,2026-03-17,4.27,Final,Processed,REF-0000952
PAY-00953,MPL-0114,V032,2026-05-17,0.98,Finishing,Processed,REF-0000953
PAY-00954,MPL-0114,V032,2026-11-07,6.07,Foundation,Processed,REF-0000954
PAY-00955,MPL-0114,V032,2026-11-18,2.72,Execution,Processed,REF-0000955
PAY-00956,MPL-0114,V032,2026-06-07,0.28,Execution,Processed,REF-0000956
PAY-00957,MPL-0114,V032,2026-06-21,0.06,Mobilization,Processed,REF-0000957
PAY-00958,MPL-0114,V032,2026-02-22,0.33,Finishing,Processed,REF-0000958
PAY-00959,MPL-0114,V032,2026-08-15,0.84,Final,Processed,REF-0000959
PAY-00960,MPL-0114,V032,2026-03-28,0.21,Final,Processed,REF-0000960
PAY-00961,MPL-0115,V065,2027-05-29,0.57,Foundation,Processed,REF-0000961
PAY-00962,MPL-0115,V065,2026-10-10,1.93,Finishing,Processed,REF-0000962
PAY-00963,MPL-0115,V065,2026-07-17,0.11,Foundation,Processed,REF-0000963
PAY-00964,MPL-0115,V065,2026-09-09,0.4,Finishing,Processed,REF-0000964
PAY-00965,MPL-0115,V065,2026-11-21,1.67,Final,Processed,REF-0000965
PAY-00966,MPL-0115,V065,2027-03-07,0.2,Mobilization,Processed,REF-0000966
PAY-00967,MPL-0115,V065,2026-09-12,1.57,Mobilization,Processed,REF-0000967
PAY-00968,MPL-0115,V065,2027-02-15,2.0,Mobilization,Processed,REF-0000968
PAY-00969,MPL-0115,V065,2026-10-03,1.87,Mobilization,Processed,REF-0000969
PAY-00970,MPL-0115,V065,2026-09-15,6.33,Final,Processed,REF-0000970
PAY-00971,MPL-0115,V065,2027-04-07,2.35,Finishing,Processed,REF-0000971
PAY-00972,MPL-0115,V065,2027-02-11,1.96,Execution,Processed,REF-0000972
PAY-00973,MPL-0116,V028,2026-10-06,3.07,Final,Processed,REF-0000973
PAY-00974,MPL-0116,V028,2026-07-16,9.87,Execution,Processed,REF-0000974
PAY-00975,MPL-0116,V028,2026-05-14,13.08,Execution,Processed,REF-0000975
PAY-00976,MPL-0116,V028,2026-09-03,11.13,Final,Processed,REF-0000976
PAY-00977,MPL-0116,V028,2027-01-20,6.49,Final,Processed,REF-0000977
PAY-00978,MPL-0116,V028,2026-05-09,0.86,Mobilization,Processed,REF-0000978
PAY-00979,MPL-0116,V028,2026-04-21,1.88,Execution,Processed,REF-0000979
PAY-00980,MPL-0117,V012,2026-12-16,0.07,Finishing,Processed,REF-0000980
PAY-00981,MPL-0117,V012,2026-12-30,4.13,Execution,Processed,REF-0000981
PAY-00982,MPL-0117,V012,2027-01-20,1.67,Foundation,Processed,REF-0000982
PAY-00983,MPL-0117,V012,2026-08-22,2.12,Final,Processed,REF-0000983
PAY-00984,MPL-0117,V012,2027-02-05,0.58,Mobilization,Processed,REF-0000984
PAY-00985,MPL-0117,V012,2026-08-06,2.89,Mobilization,Processed,REF-0000985
PAY-00986,MPL-0117,V012,2027-03-20,0.46,Final,Processed,REF-0000986
PAY-00987,MPL-0117,V012,2026-11-26,0.0,Finishing,Processed,REF-0000987
PAY-00988,MPL-0117,V012,2026-12-01,0.73,Execution,Processed,REF-0000988
PAY-00989,MPL-0117,V012,2026-12-31,1.31,Foundation,Processed,REF-0000989
PAY-00990,MPL-0117,V012,2027-02-05,1.01,Final,Processed,REF-0000990
PAY-00991,MPL-0117,V012,2026-10-11,3.06,Mobilization,Processed,REF-0000991
PAY-00992,MPL-0118,V009,2026-10-28,0.43,Finishing,Processed,REF-0000992
PAY-00993,MPL-0118,V009,2026-11-19,3.09,Mobilization,Processed,REF-0000993
PAY-00994,MPL-0118,V009,2027-03-13,2.76,Final,Processed,REF-0000994
PAY-00995,MPL-0118,V009,2027-02-21,1.27,Final,Processed,REF-0000995
PAY-00996,MPL-0118,V009,2027-02-13,6.62,Finishing,Processed,REF-0000996
PAY-00997,MPL-0118,V009,2026-10-22,5.36,Execution,Processed,REF-0000997
PAY-00998,MPL-0118,V009,2026-12-11,5.06,Execution,Processed,REF-0000998
PAY-00999,MPL-0118,V009,2026-08-28,8.01,Foundation,Processed,REF-0000999
PAY-01000,MPL-0119,V070,2026-06-01,7.79,Finishing,Processed,REF-0001000
PAY-01001,MPL-0119,V070,2026-11-06,1.6,Execution,Processed,REF-0001001
PAY-01002,MPL-0119,V070,2026-12-05,7.42,Final,Processed,REF-0001002
PAY-01003,MPL-0119,V070,2026-07-24,2.23,Mobilization,Processed,REF-0001003
PAY-01004,MPL-0119,V070,2026-08-10,1.68,Execution,Processed,REF-0001004
PAY-01005,MPL-0120,V059,2026-06-08,10.0,Execution,Processed,REF-0001005
PAY-01006,MPL-0120,V059,2026-06-09,10.0,Finishing,Processed,REF-0001006
PAY-01007,MPL-0120,V059,2026-11-19,3.46,Foundation,Processed,REF-0001007
PAY-01008,MPL-0120,V059,2026-07-04,0.74,Execution,Processed,REF-0001008
PAY-01009,MPL-0120,V059,2026-08-19,3.86,Final,Processed,REF-0001009
PAY-01010,MPL-0120,V059,2026-06-02,6.96,Foundation,Processed,REF-0001010
PAY-01011,MPL-0120,V059,2026-08-29,0.32,Foundation,Processed,REF-0001011
PAY-01012,MPL-0121,V006,2026-08-06,0.88,Final,Processed,REF-0001012
PAY-01013,MPL-0121,V006,2027-01-08,4.63,Foundation,Processed,REF-0001013
PAY-01014,MPL-0121,V006,2026-05-07,1.07,Final,Processed,REF-0001014
PAY-01015,MPL-0121,V006,2026-05-13,3.27,Final,Processed,REF-0001015
PAY-01016,MPL-0121,V006,2027-01-23,0.28,Foundation,Processed,REF-0001016
PAY-01017,MPL-0121,V006,2026-04-26,2.01,Finishing,Processed,REF-0001017
PAY-01018,MPL-0122,V008,2026-12-08,6.45,Foundation,Processed,REF-0001018
PAY-01019,MPL-0122,V008,2026-10-24,5.57,Final,Processed,REF-0001019
PAY-01020,MPL-0122,V008,2027-01-06,8.1,Finishing,Processed,REF-0001020
PAY-01021,MPL-0122,V008,2027-02-23,10.08,Foundation,Processed,REF-0001021
PAY-01022,MPL-0122,V008,2027-01-20,7.12,Execution,Processed,REF-0001022
PAY-01023,MPL-0123,V031,2026-05-09,8.54,Finishing,Processed,REF-0001023
PAY-01024,MPL-0123,V031,2026-10-16,0.25,Finishing,Processed,REF-0001024
PAY-01025,MPL-0123,V031,2026-07-21,5.87,Mobilization,Processed,REF-0001025
PAY-01026,MPL-0123,V031,2026-05-18,0.29,Execution,Processed,REF-0001026
PAY-01027,MPL-0123,V031,2026-05-07,12.67,Execution,Processed,REF-0001027
PAY-01028,MPL-0123,V031,2026-04-18,2.97,Foundation,Processed,REF-0001028
PAY-01029,MPL-0124,V069,2026-08-14,1.07,Foundation,Processed,REF-0001029
PAY-01030,MPL-0124,V069,2026-11-14,0.42,Execution,Processed,REF-0001030
PAY-01031,MPL-0124,V069,2026-07-19,1.97,Finishing,Processed,REF-0001031
PAY-01032,MPL-0124,V069,2027-01-16,2.81,Final,Processed,REF-0001032
PAY-01033,MPL-0124,V069,2026-04-06,0.66,Execution,Processed,REF-0001033
PAY-01034,MPL-0124,V069,2026-03-19,2.57,Finishing,Processed,REF-0001034
PAY-01035,MPL-0125,V016,2027-02-03,1.14,Execution,Processed,REF-0001035
PAY-01036,MPL-0125,V016,2026-08-18,2.81,Final,Processed,REF-0001036
PAY-01037,MPL-0125,V016,2027-04-16,7.18,Mobilization,Processed,REF-0001037
PAY-01038,MPL-0125,V016,2027-04-02,1.45,Mobilization,Processed,REF-0001038
PAY-01039,MPL-0125,V016,2026-09-15,11.3,Foundation,Processed,REF-0001039
PAY-01040,MPL-0125,V016,2027-03-09,0.48,Finishing,Processed,REF-0001040
PAY-01041,MPL-0126,V027,2026-07-24,0.02,Execution,Processed,REF-0001041
PAY-01042,MPL-0126,V027,2026-12-11,2.96,Foundation,Processed,REF-0001042
PAY-01043,MPL-0126,V027,2026-12-19,0.09,Foundation,Processed,REF-0001043
PAY-01044,MPL-0126,V027,2026-12-25,6.09,Execution,Processed,REF-0001044
PAY-01045,MPL-0126,V027,2026-06-21,3.82,Foundation,Processed,REF-0001045
PAY-01046,MPL-0126,V027,2027-03-06,0.19,Mobilization,Processed,REF-0001046
PAY-01047,MPL-0126,V027,2027-01-04,0.98,Foundation,Processed,REF-0001047
PAY-01048,MPL-0126,V027,2026-04-16,0.26,Finishing,Processed,REF-0001048
PAY-01049,MPL-0127,V044,2026-11-23,5.06,Final,Processed,REF-0001049
PAY-01050,MPL-0127,V044,2027-01-23,0.57,Foundation,Processed,REF-0001050
PAY-01051,MPL-0127,V044,2026-06-16,2.3,Mobilization,Processed,REF-0001051
PAY-01052,MPL-0127,V044,2026-10-17,4.09,Execution,Processed,REF-0001052
PAY-01053,MPL-0127,V044,2027-01-25,5.23,Finishing,Processed,REF-0001053
PAY-01054,MPL-0127,V044,2027-02-03,34.35,Final,Processed,REF-0001054
PAY-01055,MPL-0128,V010,2027-05-23,6.28,Execution,Processed,REF-0001055
PAY-01056,MPL-0128,V010,2027-03-05,5.09,Final,Processed,REF-0001056
PAY-01057,MPL-0128,V010,2027-06-02,2.93,Foundation,Processed,REF-0001057
PAY-01058,MPL-0128,V010,2026-12-01,6.98,Foundation,Processed,REF-0001058
PAY-01059,MPL-0128,V010,2026-11-27,1.58,Finishing,Processed,REF-0001059
PAY-01060,MPL-0128,V010,2027-03-08,4.7,Finishing,Processed,REF-0001060
PAY-01061,MPL-0128,V010,2027-05-03,19.35,Execution,Processed,REF-0001061
PAY-01062,MPL-0128,V010,2027-04-05,1.44,Finishing,Processed,REF-0001062
PAY-01063,MPL-0129,V037,2026-03-05,8.99,Foundation,Processed,REF-0001063
PAY-01064,MPL-0129,V037,2026-03-13,14.92,Execution,Processed,REF-0001064
PAY-01065,MPL-0129,V037,2026-08-17,19.85,Finishing,Processed,REF-0001065
PAY-01066,MPL-0129,V037,2026-06-30,10.15,Foundation,Processed,REF-0001066
PAY-01067,MPL-0129,V037,2026-12-20,2.67,Finishing,Processed,REF-0001067
PAY-01068,MPL-0129,V037,2026-03-15,3.17,Foundation,Processed,REF-0001068
PAY-01069,MPL-0129,V037,2026-09-09,0.17,Execution,Processed,REF-0001069
PAY-01070,MPL-0129,V037,2026-12-19,11.47,Mobilization,Processed,REF-0001070
PAY-01071,MPL-0129,V037,2026-07-11,0.35,Finishing,Processed,REF-0001071
PAY-01072,MPL-0130,V073,2026-11-16,6.76,Finishing,Processed,REF-0001072
PAY-01073,MPL-0130,V073,2027-01-15,0.43,Finishing,Processed,REF-0001073
PAY-01074,MPL-0130,V073,2026-07-12,0.64,Mobilization,Processed,REF-0001074
PAY-01075,MPL-0130,V073,2026-08-09,2.19,Execution,Processed,REF-0001075
PAY-01076,MPL-0130,V073,2026-11-28,4.53,Foundation,Processed,REF-0001076
PAY-01077,MPL-0130,V073,2026-10-09,0.51,Mobilization,Processed,REF-0001077
PAY-01078,MPL-0130,V073,2026-12-26,1.96,Execution,Processed,REF-0001078
PAY-01079,MPL-0131,V056,2026-12-04,0.54,Finishing,Processed,REF-0001079
PAY-01080,MPL-0131,V056,2027-01-11,0.19,Finishing,Processed,REF-0001080
PAY-01081,MPL-0131,V056,2027-01-28,0.1,Finishing,Processed,REF-0001081
PAY-01082,MPL-0131,V056,2026-11-05,1.47,Mobilization,Processed,REF-0001082
PAY-01083,MPL-0131,V056,2026-11-09,0.57,Finishing,Processed,REF-0001083
PAY-01084,MPL-0131,V056,2026-10-15,0.01,Execution,Processed,REF-0001084
PAY-01085,MPL-0131,V056,2027-05-16,1.32,Mobilization,Processed,REF-0001085
PAY-01086,MPL-0131,V056,2026-11-29,3.22,Finishing,Processed,REF-0001086
PAY-01087,MPL-0131,V056,2027-01-20,0.76,Foundation,Processed,REF-0001087
PAY-01088,MPL-0132,V005,2026-11-26,0.42,Foundation,Processed,REF-0001088
PAY-01089,MPL-0132,V005,2027-01-11,1.25,Mobilization,Processed,REF-0001089
PAY-01090,MPL-0132,V005,2027-01-05,1.81,Final,Processed,REF-0001090
PAY-01091,MPL-0132,V005,2026-08-12,0.83,Foundation,Processed,REF-0001091
PAY-01092,MPL-0132,V005,2026-12-31,0.35,Final,Processed,REF-0001092
PAY-01093,MPL-0132,V005,2026-03-07,0.53,Mobilization,Processed,REF-0001093
PAY-01094,MPL-0132,V005,2026-09-07,0.72,Mobilization,Processed,REF-0001094
PAY-01095,MPL-0133,V011,2026-11-15,0.21,Final,Processed,REF-0001095
PAY-01096,MPL-0133,V011,2026-06-20,0.58,Mobilization,Processed,REF-0001096
PAY-01097,MPL-0133,V011,2027-02-08,1.73,Foundation,Processed,REF-0001097
PAY-01098,MPL-0133,V011,2026-11-20,1.04,Final,Processed,REF-0001098
PAY-01099,MPL-0133,V011,2026-08-28,0.52,Foundation,Processed,REF-0001099
PAY-01100,MPL-0133,V011,2027-02-17,1.06,Finishing,Processed,REF-0001100
PAY-01101,MPL-0133,V011,2026-09-13,0.12,Execution,Processed,REF-0001101
PAY-01102,MPL-0133,V011,2026-08-09,0.5,Execution,Processed,REF-0001102
PAY-01103,MPL-0133,V011,2026-11-04,1.54,Finishing,Processed,REF-0001103
PAY-01104,MPL-0133,V011,2026-09-06,0.24,Final,Processed,REF-0001104
PAY-01105,MPL-0134,V049,2026-05-07,0.67,Mobilization,Processed,REF-0001105
PAY-01106,MPL-0134,V049,2026-05-11,9.8,Final,Processed,REF-0001106
PAY-01107,MPL-0134,V049,2026-06-22,0.77,Final,Processed,REF-0001107
PAY-01108,MPL-0134,V049,2026-11-20,0.98,Finishing,Processed,REF-0001108
PAY-01109,MPL-0134,V049,2026-05-22,11.36,Foundation,Processed,REF-0001109
PAY-01110,MPL-0134,V049,2026-09-22,4.32,Execution,Processed,REF-0001110
PAY-01111,MPL-0134,V049,2026-05-13,3.91,Foundation,Processed,REF-0001111
PAY-01112,MPL-0134,V049,2027-03-20,6.23,Foundation,Processed,REF-0001112
PAY-01113,MPL-0135,V014,2026-06-22,0.59,Mobilization,Processed,REF-0001113
PAY-01114,MPL-0135,V014,2026-08-15,5.89,Finishing,Processed,REF-0001114
PAY-01115,MPL-0135,V014,2026-04-11,3.37,Execution,Processed,REF-0001115
PAY-01116,MPL-0135,V014,2026-03-18,8.51,Mobilization,Processed,REF-0001116
PAY-01117,MPL-0135,V014,2026-03-12,3.42,Final,Processed,REF-0001117
PAY-01118,MPL-0136,V038,2026-05-06,2.06,Mobilization,Processed,REF-0001118
PAY-01119,MPL-0136,V038,2027-01-28,1.38,Final,Processed,REF-0001119
PAY-01120,MPL-0136,V038,2026-07-12,1.39,Mobilization,Processed,REF-0001120
PAY-01121,MPL-0136,V038,2027-02-21,3.11,Finishing,Processed,REF-0001121
PAY-01122,MPL-0136,V038,2026-08-03,2.11,Final,Processed,REF-0001122
PAY-01123,MPL-0136,V038,2026-10-02,2.14,Execution,Processed,REF-0001123
PAY-01124,MPL-0136,V038,2026-11-29,1.27,Final,Processed,REF-0001124
PAY-01125,MPL-0136,V038,2026-05-07,1.61,Execution,Processed,REF-0001125
PAY-01126,MPL-0136,V038,2026-09-13,2.92,Finishing,Processed,REF-0001126
PAY-01127,MPL-0136,V038,2026-08-07,3.72,Mobilization,Processed,REF-0001127
PAY-01128,MPL-0136,V038,2026-09-08,2.54,Final,Processed,REF-0001128
PAY-01129,MPL-0137,V054,2026-10-06,4.59,Execution,Processed,REF-0001129
PAY-01130,MPL-0137,V054,2026-11-02,3.06,Mobilization,Processed,REF-0001130
PAY-01131,MPL-0137,V054,2026-07-19,1.47,Finishing,Processed,REF-0001131
PAY-01132,MPL-0137,V054,2027-01-09,1.98,Execution,Processed,REF-0001132
PAY-01133,MPL-0137,V054,2026-11-30,4.64,Execution,Processed,REF-0001133
PAY-01134,MPL-0137,V054,2026-12-26,1.72,Final,Processed,REF-0001134
PAY-01135,MPL-0137,V054,2026-07-31,3.1,Finishing,Processed,REF-0001135
PAY-01136,MPL-0137,V054,2026-04-05,2.08,Finishing,Processed,REF-0001136
PAY-01137,MPL-0137,V054,2026-10-15,1.43,Execution,Processed,REF-0001137
PAY-01138,MPL-0137,V054,2027-01-01,0.49,Mobilization,Processed,REF-0001138
PAY-01139,MPL-0137,V054,2026-11-14,0.99,Foundation,Processed,REF-0001139
PAY-01140,MPL-0137,V054,2027-01-17,6.12,Mobilization,Processed,REF-0001140
PAY-01141,MPL-0138,V043,2026-08-29,1.59,Finishing,Processed,REF-0001141
PAY-01142,MPL-0138,V043,2026-11-08,1.23,Finishing,Processed,REF-0001142
PAY-01143,MPL-0138,V043,2027-02-15,4.01,Mobilization,Processed,REF-0001143
PAY-01144,MPL-0138,V043,2027-03-28,1.31,Execution,Processed,REF-0001144
PAY-01145,MPL-0138,V043,2026-10-20,1.11,Foundation,Processed,REF-0001145
PAY-01146,MPL-0138,V043,2027-03-21,2.11,Mobilization,Processed,REF-0001146
PAY-01147,MPL-0138,V043,2026-06-20,1.85,Final,Processed,REF-0001147
PAY-01148,MPL-0138,V043,2026-07-28,0.32,Foundation,Processed,REF-0001148
PAY-01149,MPL-0138,V043,2027-01-08,0.95,Final,Processed,REF-0001149
PAY-01150,MPL-0138,V043,2026-09-07,0.95,Mobilization,Processed,REF-0001150
PAY-01151,MPL-0138,V043,2026-07-14,0.7,Finishing,Processed,REF-0001151
PAY-01152,MPL-0139,V032,2026-12-27,0.95,Final,Processed,REF-0001152
PAY-01153,MPL-0139,V032,2026-08-01,0.7,Mobilization,Processed,REF-0001153
PAY-01154,MPL-0139,V032,2026-12-12,0.29,Execution,Processed,REF-0001154
PAY-01155,MPL-0139,V032,2026-10-31,0.7,Execution,Processed,REF-0001155
PAY-01156,MPL-0139,V032,2026-09-23,0.1,Foundation,Processed,REF-0001156
PAY-01157,MPL-0139,V032,2026-04-22,1.12,Execution,Processed,REF-0001157
PAY-01158,MPL-0139,V032,2027-01-18,2.51,Final,Processed,REF-0001158
PAY-01159,MPL-0139,V032,2026-10-29,1.69,Mobilization,Processed,REF-0001159
PAY-01160,MPL-0139,V032,2026-08-19,0.58,Foundation,Processed,REF-0001160
PAY-01161,MPL-0139,V032,2027-01-16,0.12,Finishing,Processed,REF-0001161
PAY-01162,MPL-0139,V032,2027-01-08,0.3,Finishing,Processed,REF-0001162
PAY-01163,MPL-0139,V032,2026-09-11,1.03,Foundation,Processed,REF-0001163
PAY-01164,MPL-0140,V064,2026-10-09,0.42,Finishing,Processed,REF-0001164
PAY-01165,MPL-0140,V064,2026-11-05,1.42,Final,Processed,REF-0001165
PAY-01166,MPL-0140,V064,2026-03-28,0.48,Mobilization,Processed,REF-0001166
PAY-01167,MPL-0140,V064,2026-09-20,3.42,Mobilization,Processed,REF-0001167
PAY-01168,MPL-0140,V064,2026-08-26,0.92,Foundation,Processed,REF-0001168
PAY-01169,MPL-0140,V064,2026-02-21,0.51,Foundation,Processed,REF-0001169
PAY-01170,MPL-0140,V064,2026-11-08,3.03,Mobilization,Processed,REF-0001170
PAY-01171,MPL-0140,V064,2026-05-11,0.76,Foundation,Processed,REF-0001171
PAY-01172,MPL-0140,V064,2026-09-27,0.21,Mobilization,Processed,REF-0001172
PAY-01173,MPL-0140,V064,2026-03-06,1.53,Finishing,Processed,REF-0001173
PAY-01174,MPL-0141,V011,2026-05-05,3.39,Final,Processed,REF-0001174
PAY-01175,MPL-0141,V011,2026-10-14,4.89,Foundation,Processed,REF-0001175
PAY-01176,MPL-0141,V011,2026-11-14,1.07,Finishing,Processed,REF-0001176
PAY-01177,MPL-0141,V011,2026-08-30,2.29,Mobilization,Processed,REF-0001177
PAY-01178,MPL-0141,V011,2026-07-08,1.29,Mobilization,Processed,REF-0001178
PAY-01179,MPL-0141,V011,2026-09-17,0.33,Execution,Processed,REF-0001179
PAY-01180,MPL-0141,V011,2026-06-25,8.15,Final,Processed,REF-0001180
PAY-01181,MPL-0141,V011,2026-07-22,5.09,Final,Processed,REF-0001181
PAY-01182,MPL-0141,V011,2026-08-16,1.4,Final,Processed,REF-0001182
PAY-01183,MPL-0141,V011,2027-01-05,3.56,Foundation,Processed,REF-0001183
PAY-01184,MPL-0141,V011,2026-04-20,0.88,Execution,Processed,REF-0001184
PAY-01185,MPL-0141,V011,2026-11-01,8.61,Foundation,Processed,REF-0001185
PAY-01186,MPL-0142,V075,2027-03-28,0.29,Final,Processed,REF-0001186
PAY-01187,MPL-0142,V075,2026-11-11,0.01,Finishing,Processed,REF-0001187
PAY-01188,MPL-0142,V075,2027-02-27,1.65,Foundation,Processed,REF-0001188
PAY-01189,MPL-0142,V075,2026-12-22,2.07,Foundation,Processed,REF-0001189
PAY-01190,MPL-0142,V075,2026-09-28,2.04,Final,Processed,REF-0001190
PAY-01191,MPL-0142,V075,2027-03-05,0.13,Mobilization,Processed,REF-0001191
PAY-01192,MPL-0142,V075,2026-12-15,0.89,Finishing,Processed,REF-0001192
PAY-01193,MPL-0142,V075,2026-10-05,1.63,Foundation,Processed,REF-0001193
PAY-01194,MPL-0142,V075,2027-03-03,0.58,Mobilization,Processed,REF-0001194
PAY-01195,MPL-0142,V075,2026-07-08,4.87,Execution,Processed,REF-0001195
PAY-01196,MPL-0143,V044,2026-08-17,0.45,Mobilization,Processed,REF-0001196
PAY-01197,MPL-0143,V044,2027-02-06,3.27,Finishing,Processed,REF-0001197
PAY-01198,MPL-0143,V044,2026-10-23,5.75,Mobilization,Processed,REF-0001198
PAY-01199,MPL-0143,V044,2026-06-07,1.48,Final,Processed,REF-0001199
PAY-01200,MPL-0143,V044,2027-01-01,4.79,Final,Processed,REF-0001200
PAY-01201,MPL-0143,V044,2026-07-26,8.65,Mobilization,Processed,REF-0001201
PAY-01202,MPL-0143,V044,2026-11-02,1.03,Final,Processed,REF-0001202
PAY-01203,MPL-0143,V044,2026-08-30,12.19,Execution,Processed,REF-0001203
PAY-01204,MPL-0144,V071,2026-05-29,4.1,Execution,Processed,REF-0001204
PAY-01205,MPL-0144,V071,2026-07-15,1.81,Finishing,Processed,REF-0001205
PAY-01206,MPL-0144,V071,2026-12-16,2.86,Execution,Processed,REF-0001206
PAY-01207,MPL-0144,V071,2026-08-27,1.9,Final,Processed,REF-0001207
PAY-01208,MPL-0144,V071,2026-09-14,6.56,Execution,Processed,REF-0001208
PAY-01209,MPL-0145,V028,2026-04-12,6.26,Final,Processed,REF-0001209
PAY-01210,MPL-0145,V028,2026-05-21,7.04,Mobilization,Processed,REF-0001210
PAY-01211,MPL-0145,V028,2026-06-22,16.72,Execution,Processed,REF-0001211
PAY-01212,MPL-0145,V028,2026-06-03,6.16,Execution,Processed,REF-0001212
PAY-01213,MPL-0145,V028,2026-12-17,3.62,Mobilization,Processed,REF-0001213
PAY-01214,MPL-0145,V028,2026-05-07,1.63,Final,Processed,REF-0001214
PAY-01215,MPL-0145,V028,2026-12-29,3.09,Finishing,Processed,REF-0001215
PAY-01216,MPL-0145,V028,2026-08-20,0.16,Final,Processed,REF-0001216
PAY-01217,MPL-0146,V051,2027-04-21,5.05,Finishing,Processed,REF-0001217
PAY-01218,MPL-0146,V051,2026-09-25,2.18,Foundation,Processed,REF-0001218
PAY-01219,MPL-0146,V051,2026-06-11,0.07,Foundation,Processed,REF-0001219
PAY-01220,MPL-0146,V051,2026-09-28,0.24,Mobilization,Processed,REF-0001220
PAY-01221,MPL-0146,V051,2027-04-20,1.81,Foundation,Processed,REF-0001221
PAY-01222,MPL-0146,V051,2026-08-22,3.24,Foundation,Processed,REF-0001222
PAY-01223,MPL-0146,V051,2027-02-08,2.31,Mobilization,Processed,REF-0001223
PAY-01224,MPL-0146,V051,2026-11-22,3.57,Mobilization,Processed,REF-0001224
PAY-01225,MPL-0146,V051,2026-07-06,2.42,Foundation,Processed,REF-0001225
PAY-01226,MPL-0147,V054,2027-01-15,5.09,Finishing,Processed,REF-0001226
PAY-01227,MPL-0147,V054,2026-11-26,1.16,Execution,Processed,REF-0001227
PAY-01228,MPL-0147,V054,2027-02-23,0.56,Mobilization,Processed,REF-0001228
PAY-01229,MPL-0147,V054,2026-10-13,4.26,Final,Processed,REF-0001229
PAY-01230,MPL-0147,V054,2026-12-30,3.12,Finishing,Processed,REF-0001230
PAY-01231,MPL-0147,V054,2026-12-26,0.13,Finishing,Processed,REF-0001231
PAY-01232,MPL-0147,V054,2026-12-10,2.25,Execution,Processed,REF-0001232
PAY-01233,MPL-0147,V054,2027-03-06,0.53,Execution,Processed,REF-0001233
PAY-01234,MPL-0147,V054,2027-03-10,3.56,Mobilization,Processed,REF-0001234
PAY-01235,MPL-0147,V054,2027-04-17,2.37,Foundation,Processed,REF-0001235
PAY-01236,MPL-0147,V054,2026-09-05,4.46,Execution,Processed,REF-0001236
PAY-01237,MPL-0147,V054,2026-08-24,7.7,Finishing,Processed,REF-0001237
PAY-01238,MPL-0148,V046,2026-09-20,0.34,Execution,Processed,REF-0001238
PAY-01239,MPL-0148,V046,2026-03-15,3.08,Final,Processed,REF-0001239
PAY-01240,MPL-0148,V046,2026-08-23,0.72,Execution,Processed,REF-0001240
PAY-01241,MPL-0148,V046,2026-04-14,0.91,Mobilization,Processed,REF-0001241
PAY-01242,MPL-0148,V046,2026-07-19,1.07,Finishing,Processed,REF-0001242
PAY-01243,MPL-0148,V046,2026-07-09,1.03,Finishing,Processed,REF-0001243
PAY-01244,MPL-0148,V046,2026-05-02,0.67,Final,Processed,REF-0001244
PAY-01245,MPL-0148,V046,2026-10-26,0.53,Foundation,Processed,REF-0001245
PAY-01246,MPL-0148,V046,2026-07-27,0.05,Execution,Processed,REF-0001246
PAY-01247,MPL-0148,V046,2026-04-14,0.02,Mobilization,Processed,REF-0001247
PAY-01248,MPL-0148,V046,2026-04-23,0.42,Finishing,Processed,REF-0001248
PAY-01249,MPL-0148,V046,2026-07-16,0.38,Final,Processed,REF-0001249
PAY-01250,MPL-0149,V036,2026-03-11,0.69,Final,Processed,REF-0001250
PAY-01251,MPL-0149,V036,2026-08-14,0.21,Execution,Processed,REF-0001251
PAY-01252,MPL-0149,V036,2026-04-26,1.89,Execution,Processed,REF-0001252
PAY-01253,MPL-0149,V036,2026-07-16,2.74,Final,Processed,REF-0001253
PAY-01254,MPL-0149,V036,2026-03-15,3.93,Final,Processed,REF-0001254
PAY-01255,MPL-0149,V036,2026-07-26,0.95,Mobilization,Processed,REF-0001255
PAY-01256,MPL-0149,V036,2027-02-03,1.7,Execution,Processed,REF-0001256
PAY-01257,MPL-0149,V036,2027-01-31,2.72,Finishing,Processed,REF-0001257
PAY-01258,MPL-0150,V055,2026-02-28,1.58,Execution,Processed,REF-0001258
PAY-01259,MPL-0150,V055,2026-06-26,1.08,Mobilization,Processed,REF-0001259
PAY-01260,MPL-0150,V055,2026-11-25,8.07,Mobilization,Processed,REF-0001260
PAY-01261,MPL-0150,V055,2026-10-05,2.12,Final,Processed,REF-0001261
PAY-01262,MPL-0150,V055,2026-12-26,2.01,Finishing,Processed,REF-0001262
PAY-01263,MPL-0150,V055,2026-10-15,0.57,Foundation,Processed,REF-0001263
PAY-01264,MPL-0150,V055,2026-10-06,0.33,Final,Processed,REF-0001264
PAY-01265,MPL-0150,V055,2026-03-31,5.39,Mobilization,Processed,REF-0001265
PAY-01266,MPL-0150,V055,2026-08-14,2.78,Mobilization,Processed,REF-0001266
PAY-01267,MPL-0150,V055,2026-12-16,1.15,Foundation,Processed,REF-0001267
PAY-01268,MPL-0150,V055,2026-05-07,0.62,Foundation,Processed,REF-0001268
PAY-01269,MPL-0151,V055,2026-09-24,1.38,Mobilization,Processed,REF-0001269
PAY-01270,MPL-0151,V055,2026-03-22,1.49,Finishing,Processed,REF-0001270
PAY-01271,MPL-0151,V055,2027-01-14,0.39,Mobilization,Processed,REF-0001271
PAY-01272,MPL-0151,V055,2026-08-01,3.24,Mobilization,Processed,REF-0001272
PAY-01273,MPL-0151,V055,2026-11-27,0.15,Execution,Processed,REF-0001273
PAY-01274,MPL-0151,V055,2026-06-01,0.75,Final,Processed,REF-0001274
PAY-01275,MPL-0152,V053,2026-07-15,7.69,Execution,Processed,REF-0001275
PAY-01276,MPL-0152,V053,2026-04-22,2.16,Final,Processed,REF-0001276
PAY-01277,MPL-0152,V053,2026-08-01,11.85,Final,Processed,REF-0001277
PAY-01278,MPL-0152,V053,2026-02-02,9.07,Finishing,Processed,REF-0001278
PAY-01279,MPL-0152,V053,2026-08-27,10.48,Mobilization,Processed,REF-0001279
PAY-01280,MPL-0153,V012,2026-07-31,10.0,Final,Processed,REF-0001280
PAY-01281,MPL-0153,V012,2026-08-01,10.0,Execution,Processed,REF-0001281
PAY-01282,MPL-0153,V012,2026-06-05,2.34,Foundation,Processed,REF-0001282
PAY-01283,MPL-0153,V012,2026-12-07,5.06,Mobilization,Processed,REF-0001283
PAY-01284,MPL-0153,V012,2026-09-12,9.55,Final,Processed,REF-0001284
PAY-01285,MPL-0153,V012,2026-08-03,12.55,Final,Processed,REF-0001285
PAY-01286,MPL-0154,V055,2026-06-02,1.86,Mobilization,Processed,REF-0001286
PAY-01287,MPL-0154,V055,2026-08-12,4.02,Execution,Processed,REF-0001287
PAY-01288,MPL-0154,V055,2026-12-18,2.05,Execution,Processed,REF-0001288
PAY-01289,MPL-0154,V055,2026-05-05,0.56,Execution,Processed,REF-0001289
PAY-01290,MPL-0154,V055,2026-10-30,0.47,Final,Processed,REF-0001290
PAY-01291,MPL-0154,V055,2026-04-19,1.82,Final,Processed,REF-0001291
PAY-01292,MPL-0154,V055,2026-10-29,0.33,Mobilization,Processed,REF-0001292
PAY-01293,MPL-0154,V055,2026-05-04,0.15,Mobilization,Processed,REF-0001293
PAY-01294,MPL-0154,V055,2026-06-07,1.16,Mobilization,Processed,REF-0001294
PAY-01295,MPL-0154,V055,2026-06-09,2.63,Execution,Processed,REF-0001295
PAY-01296,MPL-0154,V055,2027-01-02,0.16,Mobilization,Processed,REF-0001296
PAY-01297,MPL-0155,V059,2026-01-16,1.78,Foundation,Processed,REF-0001297
PAY-01298,MPL-0155,V059,2026-12-03,1.89,Execution,Processed,REF-0001298
PAY-01299,MPL-0155,V059,2026-09-03,0.75,Mobilization,Processed,REF-0001299
PAY-01300,MPL-0155,V059,2026-05-17,0.07,Execution,Processed,REF-0001300
PAY-01301,MPL-0155,V059,2026-12-05,0.22,Foundation,Processed,REF-0001301
PAY-01302,MPL-0155,V059,2026-03-19,1.39,Execution,Processed,REF-0001302
PAY-01303,MPL-0155,V059,2026-02-07,1.41,Finishing,Processed,REF-0001303
PAY-01304,MPL-0156,V040,2026-10-08,4.02,Execution,Processed,REF-0001304
PAY-01305,MPL-0156,V040,2026-09-18,1.54,Final,Processed,REF-0001305
PAY-01306,MPL-0156,V040,2026-12-17,0.23,Finishing,Processed,REF-0001306
PAY-01307,MPL-0156,V040,2026-11-01,0.23,Foundation,Processed,REF-0001307
PAY-01308,MPL-0156,V040,2026-11-25,2.25,Foundation,Processed,REF-0001308
PAY-01309,MPL-0156,V040,2026-10-07,0.36,Execution,Processed,REF-0001309
PAY-01310,MPL-0156,V040,2026-11-18,0.7,Finishing,Processed,REF-0001310
PAY-01311,MPL-0156,V040,2026-11-21,1.17,Mobilization,Processed,REF-0001311
PAY-01312,MPL-0156,V040,2027-03-16,0.04,Execution,Processed,REF-0001312
PAY-01313,MPL-0157,V010,2026-09-04,0.23,Final,Processed,REF-0001313
PAY-01314,MPL-0157,V010,2026-10-26,0.43,Foundation,Processed,REF-0001314
PAY-01315,MPL-0157,V010,2026-03-28,0.27,Final,Processed,REF-0001315
PAY-01316,MPL-0157,V010,2026-09-23,0.12,Foundation,Processed,REF-0001316
PAY-01317,MPL-0157,V010,2026-12-10,1.07,Final,Processed,REF-0001317
PAY-01318,MPL-0157,V010,2026-06-25,1.38,Finishing,Processed,REF-0001318
PAY-01319,MPL-0157,V010,2026-09-03,0.24,Execution,Processed,REF-0001319
PAY-01320,MPL-0157,V010,2026-06-24,1.22,Execution,Processed,REF-0001320
PAY-01321,MPL-0157,V010,2026-11-22,0.4,Final,Processed,REF-0001321
PAY-01322,MPL-0157,V010,2026-07-25,0.58,Mobilization,Processed,REF-0001322
PAY-01323,MPL-0158,V028,2026-10-30,12.49,Foundation,Processed,REF-0001323
PAY-01324,MPL-0158,V028,2027-02-14,8.94,Execution,Processed,REF-0001324
PAY-01325,MPL-0158,V028,2026-07-06,10.54,Mobilization,Processed,REF-0001325
PAY-01326,MPL-0158,V028,2027-03-11,0.95,Foundation,Processed,REF-0001326
PAY-01327,MPL-0158,V028,2027-02-18,0.47,Foundation,Processed,REF-0001327
PAY-01328,MPL-0158,V028,2027-02-14,14.43,Final,Processed,REF-0001328
PAY-01329,MPL-0158,V028,2026-12-02,3.16,Execution,Processed,REF-0001329
PAY-01330,MPL-0158,V028,2027-04-04,2.19,Finishing,Processed,REF-0001330
PAY-01331,MPL-0159,V077,2026-11-25,5.45,Mobilization,Processed,REF-0001331
PAY-01332,MPL-0159,V077,2027-05-01,7.65,Execution,Processed,REF-0001332
PAY-01333,MPL-0159,V077,2026-06-17,8.38,Foundation,Processed,REF-0001333
PAY-01334,MPL-0159,V077,2027-01-14,1.6,Finishing,Processed,REF-0001334
PAY-01335,MPL-0159,V077,2026-12-01,8.08,Execution,Processed,REF-0001335
PAY-01336,MPL-0160,V015,2026-06-16,0.35,Execution,Processed,REF-0001336
PAY-01337,MPL-0160,V015,2026-08-16,0.43,Foundation,Processed,REF-0001337
PAY-01338,MPL-0160,V015,2026-11-07,8.16,Final,Processed,REF-0001338
PAY-01339,MPL-0160,V015,2026-06-16,0.54,Mobilization,Processed,REF-0001339
PAY-01340,MPL-0160,V015,2026-10-23,3.28,Final,Processed,REF-0001340
PAY-01341,MPL-0160,V015,2026-11-01,9.33,Final,Processed,REF-0001341
PAY-01342,MPL-0161,V009,2026-08-06,0.5,Finishing,Processed,REF-0001342
PAY-01343,MPL-0161,V009,2026-05-18,0.24,Execution,Processed,REF-0001343
PAY-01344,MPL-0161,V009,2026-07-24,0.4,Final,Processed,REF-0001344
PAY-01345,MPL-0161,V009,2026-07-05,0.74,Finishing,Processed,REF-0001345
PAY-01346,MPL-0161,V009,2026-08-07,0.78,Execution,Processed,REF-0001346
PAY-01347,MPL-0161,V009,2026-02-03,1.84,Foundation,Processed,REF-0001347
PAY-01348,MPL-0161,V009,2026-09-30,1.67,Mobilization,Processed,REF-0001348
PAY-01349,MPL-0161,V009,2026-08-17,0.74,Finishing,Processed,REF-0001349
PAY-01350,MPL-0161,V009,2026-05-31,2.25,Final,Processed,REF-0001350
PAY-01351,MPL-0161,V009,2026-08-07,0.15,Final,Processed,REF-0001351
PAY-01352,MPL-0161,V009,2026-01-28,0.36,Foundation,Processed,REF-0001352
PAY-01353,MPL-0162,V040,2026-07-03,7.95,Final,Processed,REF-0001353
PAY-01354,MPL-0162,V040,2026-10-26,2.15,Foundation,Processed,REF-0001354
PAY-01355,MPL-0162,V040,2026-11-17,17.95,Foundation,Processed,REF-0001355
PAY-01356,MPL-0162,V040,2026-04-07,2.84,Execution,Processed,REF-0001356
PAY-01357,MPL-0162,V040,2026-02-27,7.09,Mobilization,Processed,REF-0001357
PAY-01358,MPL-0162,V040,2026-07-08,2.33,Foundation,Processed,REF-0001358
PAY-01359,MPL-0162,V040,2026-07-27,2.5,Finishing,Processed,REF-0001359
PAY-01360,MPL-0163,V056,2026-05-04,1.57,Finishing,Processed,REF-0001360
PAY-01361,MPL-0163,V056,2026-02-09,4.12,Foundation,Processed,REF-0001361
PAY-01362,MPL-0163,V056,2026-05-22,2.57,Foundation,Processed,REF-0001362
PAY-01363,MPL-0163,V056,2026-07-13,9.34,Execution,Processed,REF-0001363
PAY-01364,MPL-0163,V056,2026-03-22,0.94,Foundation,Processed,REF-0001364
PAY-01365,MPL-0163,V056,2026-06-09,0.34,Foundation,Processed,REF-0001365
PAY-01366,MPL-0163,V056,2026-09-20,1.62,Mobilization,Processed,REF-0001366
PAY-01367,MPL-0163,V056,2026-06-14,3.11,Foundation,Processed,REF-0001367
PAY-01368,MPL-0163,V056,2026-11-20,6.4,Execution,Processed,REF-0001368
PAY-01369,MPL-0163,V056,2026-02-11,1.38,Finishing,Processed,REF-0001369
PAY-01370,MPL-0163,V056,2026-05-01,3.44,Execution,Processed,REF-0001370
PAY-01371,MPL-0164,V035,2026-10-09,1.1,Final,Processed,REF-0001371
PAY-01372,MPL-0164,V035,2026-08-30,2.45,Foundation,Processed,REF-0001372
PAY-01373,MPL-0164,V035,2026-10-09,5.52,Finishing,Processed,REF-0001373
PAY-01374,MPL-0164,V035,2026-10-05,0.67,Foundation,Processed,REF-0001374
PAY-01375,MPL-0164,V035,2026-03-31,1.32,Finishing,Processed,REF-0001375
PAY-01376,MPL-0164,V035,2026-04-16,12.76,Execution,Processed,REF-0001376
PAY-01377,MPL-0165,V014,2026-12-27,1.49,Execution,Processed,REF-0001377
PAY-01378,MPL-0165,V014,2026-10-28,0.61,Finishing,Processed,REF-0001378
PAY-01379,MPL-0165,V014,2027-04-07,0.54,Finishing,Processed,REF-0001379
PAY-01380,MPL-0165,V014,2027-03-06,0.25,Mobilization,Processed,REF-0001380
PAY-01381,MPL-0165,V014,2026-11-30,0.54,Finishing,Processed,REF-0001381
PAY-01382,MPL-0165,V014,2027-04-02,1.39,Mobilization,Processed,REF-0001382
PAY-01383,MPL-0165,V014,2026-09-27,0.85,Final,Processed,REF-0001383
PAY-01384,MPL-0166,V032,2026-08-25,4.85,Execution,Processed,REF-0001384
PAY-01385,MPL-0166,V032,2026-10-29,3.18,Execution,Processed,REF-0001385
PAY-01386,MPL-0166,V032,2027-01-08,4.36,Mobilization,Processed,REF-0001386
PAY-01387,MPL-0166,V032,2027-03-05,2.63,Final,Processed,REF-0001387
PAY-01388,MPL-0166,V032,2026-11-16,1.42,Mobilization,Processed,REF-0001388
PAY-01389,MPL-0166,V032,2027-03-23,7.69,Foundation,Processed,REF-0001389
PAY-01390,MPL-0166,V032,2026-07-06,1.7,Finishing,Processed,REF-0001390
PAY-01391,MPL-0167,V071,2026-05-29,0.87,Foundation,Processed,REF-0001391
PAY-01392,MPL-0167,V071,2026-10-08,3.67,Finishing,Processed,REF-0001392
PAY-01393,MPL-0167,V071,2026-06-23,0.83,Execution,Processed,REF-0001393
PAY-01394,MPL-0167,V071,2026-11-19,0.31,Foundation,Processed,REF-0001394
PAY-01395,MPL-0167,V071,2026-12-10,1.77,Foundation,Processed,REF-0001395
PAY-01396,MPL-0167,V071,2026-09-29,1.15,Execution,Processed,REF-0001396
PAY-01397,MPL-0167,V071,2026-11-21,3.35,Finishing,Processed,REF-0001397
PAY-01398,MPL-0167,V071,2026-05-24,0.5,Execution,Processed,REF-0001398
PAY-01399,MPL-0168,V030,2026-08-28,4.09,Foundation,Processed,REF-0001399
PAY-01400,MPL-0168,V030,2026-12-18,6.94,Final,Processed,REF-0001400
PAY-01401,MPL-0168,V030,2026-07-22,3.99,Finishing,Processed,REF-0001401
PAY-01402,MPL-0168,V030,2026-07-10,2.23,Execution,Processed,REF-0001402
PAY-01403,MPL-0168,V030,2026-07-19,5.78,Finishing,Processed,REF-0001403
PAY-01404,MPL-0168,V030,2026-06-04,3.48,Foundation,Processed,REF-0001404
PAY-01405,MPL-0168,V030,2026-11-08,0.03,Foundation,Processed,REF-0001405
PAY-01406,MPL-0168,V030,2027-03-19,1.47,Final,Processed,REF-0001406
PAY-01407,MPL-0168,V030,2026-12-11,5.58,Finishing,Processed,REF-0001407
PAY-01408,MPL-0168,V030,2026-06-03,1.25,Finishing,Processed,REF-0001408
PAY-01409,MPL-0168,V030,2027-04-28,0.11,Finishing,Processed,REF-0001409
PAY-01410,MPL-0169,V006,2026-04-07,3.02,Execution,Processed,REF-0001410
PAY-01411,MPL-0169,V006,2026-10-14,3.57,Execution,Processed,REF-0001411
PAY-01412,MPL-0169,V006,2027-01-29,0.39,Mobilization,Processed,REF-0001412
PAY-01413,MPL-0169,V006,2027-01-14,1.7,Finishing,Processed,REF-0001413
PAY-01414,MPL-0169,V006,2026-11-23,0.47,Execution,Processed,REF-0001414
PAY-01415,MPL-0169,V006,2026-11-08,2.8,Execution,Processed,REF-0001415
PAY-01416,MPL-0169,V006,2026-12-09,0.7,Execution,Processed,REF-0001416
PAY-01417,MPL-0169,V006,2026-05-07,0.84,Foundation,Processed,REF-0001417
PAY-01418,MPL-0169,V006,2026-10-14,4.11,Final,Processed,REF-0001418
PAY-01419,MPL-0169,V006,2026-09-23,1.42,Mobilization,Processed,REF-0001419
PAY-01420,MPL-0169,V006,2026-05-26,2.44,Mobilization,Processed,REF-0001420
PAY-01421,MPL-0170,V041,2027-02-17,3.2,Execution,Processed,REF-0001421
PAY-01422,MPL-0170,V041,2026-07-31,2.2,Final,Processed,REF-0001422
PAY-01423,MPL-0170,V041,2027-03-01,6.11,Finishing,Processed,REF-0001423
PAY-01424,MPL-0170,V041,2026-11-29,1.05,Mobilization,Processed,REF-0001424
PAY-01425,MPL-0170,V041,2026-12-14,2.9,Execution,Processed,REF-0001425
PAY-01426,MPL-0170,V041,2026-05-11,1.46,Mobilization,Processed,REF-0001426
PAY-01427,MPL-0170,V041,2026-12-27,7.4,Finishing,Processed,REF-0001427
PAY-01428,MPL-0170,V041,2026-10-25,17.96,Mobilization,Processed,REF-0001428
PAY-01429,MPL-0170,V041,2027-02-21,33.63,Execution,Processed,REF-0001429
PAY-01430,MPL-0170,V041,2026-08-28,3.72,Finishing,Processed,REF-0001430
PAY-01431,MPL-0171,V027,2026-10-04,0.34,Mobilization,Processed,REF-0001431
PAY-01432,MPL-0171,V027,2027-02-07,0.69,Execution,Processed,REF-0001432
PAY-01433,MPL-0171,V027,2026-08-05,2.23,Execution,Processed,REF-0001433
PAY-01434,MPL-0171,V027,2026-11-04,0.27,Finishing,Processed,REF-0001434
PAY-01435,MPL-0171,V027,2026-05-14,3.6,Finishing,Processed,REF-0001435
PAY-01436,MPL-0171,V027,2026-10-19,0.5,Execution,Processed,REF-0001436
PAY-01437,MPL-0171,V027,2027-03-27,5.04,Mobilization,Processed,REF-0001437
PAY-01438,MPL-0171,V027,2027-03-07,2.16,Mobilization,Processed,REF-0001438
PAY-01439,MPL-0171,V027,2026-11-04,1.96,Mobilization,Processed,REF-0001439
PAY-01440,MPL-0171,V027,2027-02-02,0.45,Finishing,Processed,REF-0001440
PAY-01441,MPL-0172,V007,2026-09-30,0.03,Mobilization,Processed,REF-0001441
PAY-01442,MPL-0172,V007,2027-04-02,1.59,Mobilization,Processed,REF-0001442
PAY-01443,MPL-0172,V007,2026-09-05,1.18,Foundation,Processed,REF-0001443
PAY-01444,MPL-0172,V007,2027-05-23,0.13,Finishing,Processed,REF-0001444
PAY-01445,MPL-0172,V007,2027-02-08,2.32,Execution,Processed,REF-0001445
PAY-01446,MPL-0172,V007,2026-12-26,1.7,Finishing,Processed,REF-0001446
PAY-01447,MPL-0172,V007,2027-05-15,3.32,Foundation,Processed,REF-0001447
PAY-01448,MPL-0172,V007,2027-03-28,3.2,Final,Processed,REF-0001448
PAY-01449,MPL-0173,V026,2026-05-13,0.46,Mobilization,Processed,REF-0001449
PAY-01450,MPL-0173,V026,2026-10-07,13.46,Execution,Processed,REF-0001450
PAY-01451,MPL-0173,V026,2026-05-12,0.74,Foundation,Processed,REF-0001451
PAY-01452,MPL-0173,V026,2027-02-28,2.1,Mobilization,Processed,REF-0001452
PAY-01453,MPL-0173,V026,2026-11-04,2.39,Final,Processed,REF-0001453
PAY-01454,MPL-0173,V026,2026-06-02,5.99,Execution,Processed,REF-0001454
PAY-01455,MPL-0173,V026,2027-03-15,0.37,Execution,Processed,REF-0001455
PAY-01456,MPL-0173,V026,2026-11-25,2.0,Finishing,Processed,REF-0001456
PAY-01457,MPL-0173,V026,2026-05-04,3.53,Foundation,Processed,REF-0001457
PAY-01458,MPL-0173,V026,2026-09-01,0.86,Mobilization,Processed,REF-0001458
PAY-01459,MPL-0173,V026,2026-11-30,3.52,Mobilization,Processed,REF-0001459
PAY-01460,MPL-0173,V026,2026-07-30,9.18,Final,Processed,REF-0001460
PAY-01461,MPL-0174,V074,2026-10-03,5.53,Final,Processed,REF-0001461
PAY-01462,MPL-0174,V074,2027-01-19,0.03,Final,Processed,REF-0001462
PAY-01463,MPL-0174,V074,2026-09-02,0.25,Mobilization,Processed,REF-0001463
PAY-01464,MPL-0174,V074,2026-11-08,0.34,Final,Processed,REF-0001464
PAY-01465,MPL-0174,V074,2026-12-29,0.47,Foundation,Processed,REF-0001465
PAY-01466,MPL-0174,V074,2026-12-10,0.26,Execution,Processed,REF-0001466
PAY-01467,MPL-0174,V074,2026-08-04,0.21,Execution,Processed,REF-0001467
PAY-01468,MPL-0174,V074,2027-01-12,2.85,Mobilization,Processed,REF-0001468
PAY-01469,MPL-0174,V074,2027-03-06,2.31,Finishing,Processed,REF-0001469
PAY-01470,MPL-0175,V008,2026-06-27,0.12,Execution,Processed,REF-0001470
PAY-01471,MPL-0175,V008,2026-02-04,1.05,Finishing,Processed,REF-0001471
PAY-01472,MPL-0175,V008,2026-05-19,1.32,Mobilization,Processed,REF-0001472
PAY-01473,MPL-0175,V008,2026-09-02,0.69,Foundation,Processed,REF-0001473
PAY-01474,MPL-0175,V008,2026-06-22,2.52,Execution,Processed,REF-0001474
PAY-01475,MPL-0175,V008,2026-09-26,2.6,Final,Processed,REF-0001475
PAY-01476,MPL-0175,V008,2026-12-24,4.83,Execution,Processed,REF-0001476
PAY-01477,MPL-0176,V042,2026-08-11,4.39,Foundation,Processed,REF-0001477
PAY-01478,MPL-0176,V042,2026-04-29,2.54,Execution,Processed,REF-0001478
PAY-01479,MPL-0176,V042,2026-08-11,3.45,Mobilization,Processed,REF-0001479
PAY-01480,MPL-0176,V042,2027-02-27,1.04,Execution,Processed,REF-0001480
PAY-01481,MPL-0176,V042,2027-02-25,2.92,Finishing,Processed,REF-0001481
PAY-01482,MPL-0176,V042,2027-02-15,2.18,Finishing,Processed,REF-0001482
PAY-01483,MPL-0177,V050,2027-01-13,0.3,Finishing,Processed,REF-0001483
PAY-01484,MPL-0177,V050,2026-12-10,0.59,Final,Processed,REF-0001484
PAY-01485,MPL-0177,V050,2026-04-17,0.73,Execution,Processed,REF-0001485
PAY-01486,MPL-0177,V050,2026-10-02,5.49,Execution,Processed,REF-0001486
PAY-01487,MPL-0177,V050,2026-10-05,0.56,Finishing,Processed,REF-0001487
PAY-01488,MPL-0177,V050,2026-06-27,0.73,Finishing,Processed,REF-0001488
PAY-01489,MPL-0177,V050,2026-12-22,0.98,Foundation,Processed,REF-0001489
PAY-01490,MPL-0177,V050,2027-01-08,2.32,Foundation,Processed,REF-0001490
PAY-01491,MPL-0177,V050,2026-10-27,0.27,Execution,Processed,REF-0001491
PAY-01492,MPL-0177,V050,2026-11-03,6.55,Mobilization,Processed,REF-0001492
PAY-01493,MPL-0178,V030,2027-05-03,2.08,Finishing,Processed,REF-0001493
PAY-01494,MPL-0178,V030,2027-03-28,0.89,Execution,Processed,REF-0001494
PAY-01495,MPL-0178,V030,2026-07-26,1.16,Foundation,Processed,REF-0001495
PAY-01496,MPL-0178,V030,2027-03-12,0.02,Execution,Processed,REF-0001496
PAY-01497,MPL-0178,V030,2026-11-16,0.43,Execution,Processed,REF-0001497
PAY-01498,MPL-0178,V030,2026-11-22,1.64,Finishing,Processed,REF-0001498
PAY-01499,MPL-0179,V047,2026-02-13,0.18,Foundation,Processed,REF-0001499
PAY-01500,MPL-0179,V047,2026-12-14,0.73,Final,Processed,REF-0001500
PAY-01501,MPL-0179,V047,2026-04-24,1.93,Final,Processed,REF-0001501
PAY-01502,MPL-0179,V047,2026-07-28,0.65,Final,Processed,REF-0001502
PAY-01503,MPL-0179,V047,2026-09-06,5.97,Finishing,Processed,REF-0001503
PAY-01504,MPL-0179,V047,2026-02-09,0.31,Execution,Processed,REF-0001504
PAY-01505,MPL-0179,V047,2026-11-09,3.51,Finishing,Processed,REF-0001505
PAY-01506,MPL-0179,V047,2026-05-29,1.56,Finishing,Processed,REF-0001506
PAY-01507,MPL-0179,V047,2026-10-31,3.05,Foundation,Processed,REF-0001507
PAY-01508,MPL-0179,V047,2026-08-10,0.82,Final,Processed,REF-0001508
PAY-01509,MPL-0179,V047,2026-04-02,1.59,Mobilization,Processed,REF-0001509
PAY-01510,MPL-0179,V047,2026-08-19,4.27,Foundation,Processed,REF-0001510
PAY-01511,MPL-0180,V076,2026-04-21,1.9,Final,Processed,REF-0001511
PAY-01512,MPL-0180,V076,2026-07-22,1.34,Foundation,Processed,REF-0001512
PAY-01513,MPL-0180,V076,2026-05-16,2.32,Finishing,Processed,REF-0001513
PAY-01514,MPL-0180,V076,2026-12-02,3.81,Finishing,Processed,REF-0001514
PAY-01515,MPL-0180,V076,2026-08-23,1.77,Foundation,Processed,REF-0001515
PAY-01516,MPL-0180,V076,2026-09-26,8.43,Final,Processed,REF-0001516
PAY-01517,MPL-0180,V076,2026-07-16,1.05,Execution,Processed,REF-0001517
PAY-01518,MPL-0180,V076,2026-08-28,1.95,Mobilization,Processed,REF-0001518
PAY-01519,MPL-0181,V064,2026-10-31,6.83,Final,Processed,REF-0001519
PAY-01520,MPL-0181,V064,2026-11-15,5.65,Finishing,Processed,REF-0001520
PAY-01521,MPL-0181,V064,2026-06-11,9.63,Finishing,Processed,REF-0001521
PAY-01522,MPL-0181,V064,2026-10-27,27.77,Finishing,Processed,REF-0001522
PAY-01523,MPL-0181,V064,2026-07-12,2.69,Finishing,Processed,REF-0001523
PAY-01524,MPL-0181,V064,2026-05-07,0.57,Foundation,Processed,REF-0001524
PAY-01525,MPL-0181,V064,2026-09-08,0.15,Execution,Processed,REF-0001525
PAY-01526,MPL-0181,V064,2026-02-17,6.27,Final,Processed,REF-0001526
PAY-01527,MPL-0181,V064,2026-08-06,10.01,Finishing,Processed,REF-0001527
PAY-01528,MPL-0181,V064,2027-01-17,1.2,Foundation,Processed,REF-0001528
PAY-01529,MPL-0182,V050,2026-11-15,4.46,Final,Processed,REF-0001529
PAY-01530,MPL-0182,V050,2027-04-02,1.66,Finishing,Processed,REF-0001530
PAY-01531,MPL-0182,V050,2026-12-03,44.72,Finishing,Processed,REF-0001531
PAY-01532,MPL-0182,V050,2026-08-07,9.64,Mobilization,Processed,REF-0001532
PAY-01533,MPL-0182,V050,2027-03-15,13.28,Foundation,Processed,REF-0001533
PAY-01534,MPL-0182,V050,2026-07-12,18.06,Final,Processed,REF-0001534
PAY-01535,MPL-0183,V010,2027-02-08,15.78,Final,Processed,REF-0001535
PAY-01536,MPL-0183,V010,2026-11-03,9.08,Mobilization,Processed,REF-0001536
PAY-01537,MPL-0183,V010,2026-09-21,8.24,Final,Processed,REF-0001537
PAY-01538,MPL-0183,V010,2026-08-13,1.67,Foundation,Processed,REF-0001538
PAY-01539,MPL-0183,V010,2027-01-24,6.21,Finishing,Processed,REF-0001539
PAY-01540,MPL-0183,V010,2026-05-24,10.84,Execution,Processed,REF-0001540
PAY-01541,MPL-0184,V027,2027-01-01,5.95,Finishing,Processed,REF-0001541
PAY-01542,MPL-0184,V027,2026-12-07,0.37,Final,Processed,REF-0001542
PAY-01543,MPL-0184,V027,2026-06-06,0.02,Foundation,Processed,REF-0001543
PAY-01544,MPL-0184,V027,2026-10-20,0.13,Execution,Processed,REF-0001544
PAY-01545,MPL-0184,V027,2026-06-30,0.77,Foundation,Processed,REF-0001545
PAY-01546,MPL-0185,V013,2026-04-29,1.45,Execution,Processed,REF-0001546
PAY-01547,MPL-0185,V013,2026-03-25,0.01,Execution,Processed,REF-0001547
PAY-01548,MPL-0185,V013,2026-02-19,0.52,Mobilization,Processed,REF-0001548
PAY-01549,MPL-0185,V013,2026-05-02,0.34,Final,Processed,REF-0001549
PAY-01550,MPL-0185,V013,2026-09-10,0.05,Finishing,Processed,REF-0001550
PAY-01551,MPL-0185,V013,2026-05-22,0.51,Final,Processed,REF-0001551
PAY-01552,MPL-0185,V013,2026-09-01,0.25,Foundation,Processed,REF-0001552
PAY-01553,MPL-0185,V013,2026-04-17,0.37,Finishing,Processed,REF-0001553
PAY-01554,MPL-0185,V013,2026-09-30,1.03,Mobilization,Processed,REF-0001554
PAY-01555,MPL-0185,V013,2026-11-22,0.62,Execution,Processed,REF-0001555
PAY-01556,MPL-0185,V013,2026-04-08,0.11,Foundation,Processed,REF-0001556
PAY-01557,MPL-0185,V013,2026-09-10,2.75,Mobilization,Processed,REF-0001557
PAY-01558,MPL-0186,V058,2026-02-07,4.81,Finishing,Processed,REF-0001558
PAY-01559,MPL-0186,V058,2026-10-15,6.9,Finishing,Processed,REF-0001559
PAY-01560,MPL-0186,V058,2026-08-07,0.39,Mobilization,Processed,REF-0001560
PAY-01561,MPL-0186,V058,2026-08-23,0.23,Execution,Processed,REF-0001561
PAY-01562,MPL-0186,V058,2026-10-24,0.09,Mobilization,Processed,REF-0001562
PAY-01563,MPL-0187,V008,2026-11-30,1.26,Finishing,Processed,REF-0001563
PAY-01564,MPL-0187,V008,2026-05-20,3.23,Execution,Processed,REF-0001564
PAY-01565,MPL-0187,V008,2026-11-09,16.55,Mobilization,Processed,REF-0001565
PAY-01566,MPL-0187,V008,2026-10-23,3.68,Finishing,Processed,REF-0001566
PAY-01567,MPL-0187,V008,2027-01-06,2.07,Finishing,Processed,REF-0001567
PAY-01568,MPL-0188,V080,2026-04-21,1.56,Mobilization,Processed,REF-0001568
PAY-01569,MPL-0188,V080,2026-05-02,0.22,Execution,Processed,REF-0001569
PAY-01570,MPL-0188,V080,2026-12-10,1.77,Mobilization,Processed,REF-0001570
PAY-01571,MPL-0188,V080,2026-05-14,1.58,Execution,Processed,REF-0001571
PAY-01572,MPL-0188,V080,2026-09-16,2.96,Execution,Processed,REF-0001572
PAY-01573,MPL-0188,V080,2026-04-30,8.15,Foundation,Processed,REF-0001573
PAY-01574,MPL-0188,V080,2026-10-22,0.54,Foundation,Processed,REF-0001574
PAY-01575,MPL-0188,V080,2026-07-02,1.34,Mobilization,Processed,REF-0001575
PAY-01576,MPL-0188,V080,2026-08-04,4.52,Mobilization,Processed,REF-0001576
PAY-01577,MPL-0188,V080,2026-10-09,2.9,Finishing,Processed,REF-0001577
PAY-01578,MPL-0188,V080,2026-06-22,1.26,Execution,Processed,REF-0001578
PAY-01579,MPL-0189,V050,2026-10-31,2.76,Finishing,Processed,REF-0001579
PAY-01580,MPL-0189,V050,2026-11-18,0.06,Finishing,Processed,REF-0001580
PAY-01581,MPL-0189,V050,2026-10-12,2.54,Final,Processed,REF-0001581
PAY-01582,MPL-0189,V050,2026-10-20,0.05,Final,Processed,REF-0001582
PAY-01583,MPL-0189,V050,2026-06-20,0.75,Foundation,Processed,REF-0001583
PAY-01584,MPL-0189,V050,2026-08-16,2.1,Final,Processed,REF-0001584
PAY-01585,MPL-0189,V050,2026-10-27,0.29,Mobilization,Processed,REF-0001585
PAY-01586,MPL-0189,V050,2026-09-23,0.61,Execution,Processed,REF-0001586
PAY-01587,MPL-0189,V050,2027-03-17,0.37,Execution,Processed,REF-0001587
PAY-01588,MPL-0189,V050,2026-10-29,2.89,Execution,Processed,REF-0001588
PAY-01589,MPL-0190,V013,2027-01-09,8.73,Execution,Processed,REF-0001589
PAY-01590,MPL-0190,V013,2026-11-23,6.21,Finishing,Processed,REF-0001590
PAY-01591,MPL-0190,V013,2026-08-22,4.46,Foundation,Processed,REF-0001591
PAY-01592,MPL-0190,V013,2026-05-29,8.65,Foundation,Processed,REF-0001592
PAY-01593,MPL-0190,V013,2027-01-30,2.51,Execution,Processed,REF-0001593
PAY-01594,MPL-0190,V013,2026-10-07,2.99,Execution,Processed,REF-0001594
PAY-01595,MPL-0190,V013,2027-02-14,6.59,Foundation,Processed,REF-0001595
PAY-01596,MPL-0191,V043,2026-10-22,0.78,Final,Processed,REF-0001596
PAY-01597,MPL-0191,V043,2026-12-08,0.12,Foundation,Processed,REF-0001597
PAY-01598,MPL-0191,V043,2027-05-01,0.14,Mobilization,Processed,REF-0001598
PAY-01599,MPL-0191,V043,2026-11-15,0.22,Execution,Processed,REF-0001599
PAY-01600,MPL-0191,V043,2027-03-23,3.58,Final,Processed,REF-0001600
PAY-01601,MPL-0192,V057,2026-12-03,2.46,Final,Processed,REF-0001601
PAY-01602,MPL-0192,V057,2026-06-29,4.81,Execution,Processed,REF-0001602
PAY-01603,MPL-0192,V057,2027-02-26,1.92,Foundation,Processed,REF-0001603
PAY-01604,MPL-0192,V057,2027-01-28,1.15,Final,Processed,REF-0001604
PAY-01605,MPL-0192,V057,2026-09-10,1.64,Final,Processed,REF-0001605
PAY-01606,MPL-0192,V057,2026-10-11,6.09,Finishing,Processed,REF-0001606
PAY-01607,MPL-0192,V057,2026-12-07,3.78,Foundation,Processed,REF-0001607
PAY-01608,MPL-0192,V057,2026-12-27,10.69,Finishing,Processed,REF-0001608
PAY-01609,MPL-0192,V057,2026-07-01,4.38,Finishing,Processed,REF-0001609
PAY-01610,MPL-0192,V057,2026-10-14,3.25,Mobilization,Processed,REF-0001610
PAY-01611,MPL-0192,V057,2026-05-06,3.63,Execution,Processed,REF-0001611
PAY-01612,MPL-0193,V018,2026-10-30,1.04,Foundation,Processed,REF-0001612
PAY-01613,MPL-0193,V018,2026-09-16,0.56,Foundation,Processed,REF-0001613
PAY-01614,MPL-0193,V018,2026-10-14,0.01,Final,Processed,REF-0001614
PAY-01615,MPL-0193,V018,2026-07-25,0.28,Foundation,Processed,REF-0001615
PAY-01616,MPL-0193,V018,2026-11-23,0.42,Finishing,Processed,REF-0001616
PAY-01617,MPL-0193,V018,2027-01-15,0.5,Final,Processed,REF-0001617
PAY-01618,MPL-0193,V018,2027-04-16,0.09,Mobilization,Processed,REF-0001618
PAY-01619,MPL-0193,V018,2027-02-17,0.73,Foundation,Processed,REF-0001619
PAY-01620,MPL-0194,V048,2026-11-18,7.16,Mobilization,Processed,REF-0001620
PAY-01621,MPL-0194,V048,2026-12-06,0.62,Mobilization,Processed,REF-0001621
PAY-01622,MPL-0194,V048,2026-10-31,4.92,Final,Processed,REF-0001622
PAY-01623,MPL-0194,V048,2026-06-19,0.23,Execution,Processed,REF-0001623
PAY-01624,MPL-0194,V048,2027-02-23,0.13,Final,Processed,REF-0001624
PAY-01625,MPL-0194,V048,2027-02-15,0.32,Mobilization,Processed,REF-0001625
PAY-01626,MPL-0194,V048,2026-06-13,0.14,Finishing,Processed,REF-0001626
PAY-01627,MPL-0194,V048,2027-03-02,4.28,Final,Processed,REF-0001627
PAY-01628,MPL-0195,V029,2026-11-05,0.33,Execution,Processed,REF-0001628
PAY-01629,MPL-0195,V029,2026-10-04,1.74,Foundation,Processed,REF-0001629
PAY-01630,MPL-0195,V029,2026-10-27,0.6,Finishing,Processed,REF-0001630
PAY-01631,MPL-0195,V029,2026-10-01,1.92,Mobilization,Processed,REF-0001631
PAY-01632,MPL-0195,V029,2027-05-10,0.52,Execution,Processed,REF-0001632
PAY-01633,MPL-0195,V029,2027-04-11,6.05,Execution,Processed,REF-0001633
PAY-01634,MPL-0195,V029,2026-08-18,0.79,Foundation,Processed,REF-0001634
PAY-01635,MPL-0195,V029,2026-08-04,10.48,Foundation,Processed,REF-0001635
PAY-01636,MPL-0196,V049,2026-05-11,7.16,Foundation,Processed,REF-0001636
PAY-01637,MPL-0196,V049,2026-08-04,0.06,Foundation,Processed,REF-0001637
PAY-01638,MPL-0196,V049,2027-02-03,9.53,Final,Processed,REF-0001638
PAY-01639,MPL-0196,V049,2026-12-10,0.12,Finishing,Processed,REF-0001639
PAY-01640,MPL-0196,V049,2026-05-30,1.15,Final,Processed,REF-0001640
PAY-01641,MPL-0196,V049,2026-05-06,0.14,Execution,Processed,REF-0001641
PAY-01642,MPL-0196,V049,2027-02-28,1.72,Mobilization,Processed,REF-0001642
PAY-01643,MPL-0196,V049,2026-07-19,3.04,Finishing,Processed,REF-0001643
PAY-01644,MPL-0196,V049,2026-06-08,6.71,Finishing,Processed,REF-0001644
PAY-01645,MPL-0197,V036,2026-11-16,4.46,Foundation,Processed,REF-0001645
PAY-01646,MPL-0197,V036,2026-05-08,13.22,Final,Processed,REF-0001646
PAY-01647,MPL-0197,V036,2027-01-13,2.25,Foundation,Processed,REF-0001647
PAY-01648,MPL-0197,V036,2027-01-18,15.02,Finishing,Processed,REF-0001648
PAY-01649,MPL-0197,V036,2026-08-18,2.91,Final,Processed,REF-0001649
PAY-01650,MPL-0197,V036,2026-03-22,1.68,Final,Processed,REF-0001650
PAY-01651,MPL-0198,V054,2026-06-20,0.49,Finishing,Processed,REF-0001651
PAY-01652,MPL-0198,V054,2027-03-19,0.48,Foundation,Processed,REF-0001652
PAY-01653,MPL-0198,V054,2027-02-19,1.71,Final,Processed,REF-0001653
PAY-01654,MPL-0198,V054,2026-12-13,4.43,Mobilization,Processed,REF-0001654
PAY-01655,MPL-0198,V054,2026-08-30,0.2,Finishing,Processed,REF-0001655
PAY-01656,MPL-0198,V054,2027-02-25,2.92,Execution,Processed,REF-0001656
PAY-01657,MPL-0198,V054,2027-01-01,2.53,Foundation,Processed,REF-0001657
PAY-01658,MPL-0198,V054,2026-10-09,4.9,Final,Processed,REF-0001658
PAY-01659,MPL-0198,V054,2026-12-27,0.67,Final,Processed,REF-0001659
PAY-01660,MPL-0198,V054,2026-09-16,1.42,Execution,Processed,REF-0001660
PAY-01661,MPL-0198,V054,2026-09-06,6.19,Final,Processed,REF-0001661
PAY-01662,MPL-0199,V061,2026-08-05,8.91,Execution,Processed,REF-0001662
PAY-01663,MPL-0199,V061,2026-11-26,4.07,Final,Processed,REF-0001663
PAY-01664,MPL-0199,V061,2026-07-20,1.16,Finishing,Processed,REF-0001664
PAY-01665,MPL-0199,V061,2026-04-10,2.51,Foundation,Processed,REF-0001665
PAY-01666,MPL-0199,V061,2026-10-19,7.19,Mobilization,Processed,REF-0001666
PAY-01667,MPL-0199,V061,2026-07-25,10.46,Final,Processed,REF-0001667
PAY-01668,MPL-0199,V061,2026-10-10,1.1,Finishing,Processed,REF-0001668
PAY-01669,MPL-0199,V061,2026-05-06,7.56,Foundation,Processed,REF-0001669
PAY-01670,MPL-0200,V038,2026-12-16,1.38,Execution,Processed,REF-0001670
PAY-01671,MPL-0200,V038,2026-06-26,1.24,Finishing,Processed,REF-0001671
PAY-01672,MPL-0200,V038,2026-10-31,2.02,Final,Processed,REF-0001672
PAY-01673,MPL-0200,V038,2026-08-10,3.13,Foundation,Processed,REF-0001673
PAY-01674,MPL-0200,V038,2026-07-03,0.67,Foundation,Processed,REF-0001674
PAY-01675,MPL-0200,V038,2026-08-26,3.79,Execution,Processed,REF-0001675
PAY-01676,MPL-0201,V053,2026-11-15,0.31,Final,Processed,REF-0001676
PAY-01677,MPL-0201,V053,2027-02-01,0.34,Mobilization,Processed,REF-0001677
PAY-01678,MPL-0201,V053,2026-11-05,0.56,Final,Processed,REF-0001678
PAY-01679,MPL-0201,V053,2026-09-20,0.23,Final,Processed,REF-0001679
PAY-01680,MPL-0201,V053,2026-08-23,0.47,Execution,Processed,REF-0001680
PAY-01681,MPL-0201,V053,2026-08-24,0.2,Foundation,Processed,REF-0001681
PAY-01682,MPL-0201,V053,2026-12-24,3.09,Foundation,Processed,REF-0001682
PAY-01683,MPL-0201,V053,2026-08-24,0.27,Final,Processed,REF-0001683
PAY-01684,MPL-0201,V053,2027-05-10,2.46,Foundation,Processed,REF-0001684
PAY-01685,MPL-0202,V012,2026-11-04,0.04,Finishing,Processed,REF-0001685
PAY-01686,MPL-0202,V012,2027-01-13,2.53,Final,Processed,REF-0001686
PAY-01687,MPL-0202,V012,2026-09-14,1.06,Execution,Processed,REF-0001687
PAY-01688,MPL-0202,V012,2026-06-10,0.01,Execution,Processed,REF-0001688
PAY-01689,MPL-0202,V012,2026-10-12,1.23,Execution,Processed,REF-0001689
PAY-01690,MPL-0202,V012,2026-08-21,0.61,Foundation,Processed,REF-0001690
PAY-01691,MPL-0202,V012,2026-07-19,1.29,Execution,Processed,REF-0001691
PAY-01692,MPL-0202,V012,2026-08-13,0.63,Execution,Processed,REF-0001692
PAY-01693,MPL-0202,V012,2026-10-01,0.87,Execution,Processed,REF-0001693
PAY-01694,MPL-0202,V012,2026-09-18,1.31,Final,Processed,REF-0001694
PAY-01695,MPL-0203,V045,2026-10-30,0.2,Mobilization,Processed,REF-0001695
PAY-01696,MPL-0203,V045,2026-10-23,0.0,Mobilization,Processed,REF-0001696
PAY-01697,MPL-0203,V045,2026-10-26,0.74,Execution,Processed,REF-0001697
PAY-01698,MPL-0203,V045,2027-02-24,0.19,Foundation,Processed,REF-0001698
PAY-01699,MPL-0203,V045,2026-11-19,0.27,Execution,Processed,REF-0001699
PAY-01700,MPL-0203,V045,2026-04-09,0.0,Foundation,Processed,REF-0001700
PAY-01701,MPL-0203,V045,2026-07-15,0.26,Execution,Processed,REF-0001701
PAY-01702,MPL-0203,V045,2026-08-28,1.68,Execution,Processed,REF-0001702
PAY-01703,MPL-0203,V045,2026-04-12,0.13,Execution,Processed,REF-0001703
PAY-01704,MPL-0203,V045,2026-11-04,0.2,Finishing,Processed,REF-0001704
PAY-01705,MPL-0203,V045,2026-09-13,0.45,Final,Processed,REF-0001705
PAY-01706,MPL-0204,V063,2026-07-31,1.71,Final,Processed,REF-0001706
PAY-01707,MPL-0204,V063,2026-12-25,0.55,Finishing,Processed,REF-0001707
PAY-01708,MPL-0204,V063,2026-08-30,0.38,Mobilization,Processed,REF-0001708
PAY-01709,MPL-0204,V063,2026-05-20,2.82,Foundation,Processed,REF-0001709
PAY-01710,MPL-0204,V063,2026-07-03,1.15,Execution,Processed,REF-0001710
PAY-01711,MPL-0204,V063,2026-12-13,0.13,Final,Processed,REF-0001711
PAY-01712,MPL-0204,V063,2026-12-08,0.07,Mobilization,Processed,REF-0001712
PAY-01713,MPL-0204,V063,2027-03-15,0.67,Finishing,Processed,REF-0001713
PAY-01714,MPL-0205,V033,2026-10-01,0.08,Execution,Processed,REF-0001714
PAY-01715,MPL-0205,V033,2027-04-02,0.09,Final,Processed,REF-0001715
PAY-01716,MPL-0205,V033,2026-12-05,0.65,Mobilization,Processed,REF-0001716
PAY-01717,MPL-0205,V033,2026-07-17,0.03,Mobilization,Processed,REF-0001717
PAY-01718,MPL-0205,V033,2027-04-19,0.39,Execution,Processed,REF-0001718
PAY-01719,MPL-0205,V033,2026-10-15,0.1,Final,Processed,REF-0001719
PAY-01720,MPL-0205,V033,2026-12-02,0.44,Finishing,Processed,REF-0001720
PAY-01721,MPL-0205,V033,2026-10-19,0.4,Mobilization,Processed,REF-0001721
PAY-01722,MPL-0205,V033,2027-01-23,0.0,Foundation,Processed,REF-0001722
PAY-01723,MPL-0205,V033,2026-07-03,0.22,Execution,Processed,REF-0001723
PAY-01724,MPL-0205,V033,2026-12-24,0.05,Foundation,Processed,REF-0001724
PAY-01725,MPL-0205,V033,2026-08-12,0.63,Final,Processed,REF-0001725
PAY-01726,MPL-0206,V054,2027-04-18,21.21,Foundation,Processed,REF-0001726
PAY-01727,MPL-0206,V054,2027-04-12,5.6,Mobilization,Processed,REF-0001727
PAY-01728,MPL-0206,V054,2027-02-08,6.07,Foundation,Processed,REF-0001728
PAY-01729,MPL-0206,V054,2026-12-13,3.73,Final,Processed,REF-0001729
PAY-01730,MPL-0206,V054,2027-04-04,13.03,Execution,Processed,REF-0001730
PAY-01731,MPL-0206,V054,2027-04-10,4.59,Final,Processed,REF-0001731
PAY-01732,MPL-0206,V054,2026-11-25,3.22,Mobilization,Processed,REF-0001732
PAY-01733,MPL-0206,V054,2026-09-08,5.85,Mobilization,Processed,REF-0001733
PAY-01734,MPL-0206,V054,2026-12-06,0.99,Execution,Processed,REF-0001734
PAY-01735,MPL-0207,V046,2026-10-27,2.06,Foundation,Processed,REF-0001735
PAY-01736,MPL-0207,V046,2026-12-21,0.02,Finishing,Processed,REF-0001736
PAY-01737,MPL-0207,V046,2026-11-03,1.55,Finishing,Processed,REF-0001737
PAY-01738,MPL-0207,V046,2027-01-11,0.3,Execution,Processed,REF-0001738
PAY-01739,MPL-0207,V046,2026-10-19,0.4,Execution,Processed,REF-0001739
PAY-01740,MPL-0207,V046,2026-11-17,1.52,Final,Processed,REF-0001740
PAY-01741,MPL-0207,V046,2026-07-21,7.45,Foundation,Processed,REF-0001741
PAY-01742,MPL-0207,V046,2026-09-09,2.26,Finishing,Processed,REF-0001742
PAY-01743,MPL-0207,V046,2027-02-13,0.38,Finishing,Processed,REF-0001743
PAY-01744,MPL-0207,V046,2027-03-16,0.29,Mobilization,Processed,REF-0001744
PAY-01745,MPL-0207,V046,2027-04-06,3.02,Mobilization,Processed,REF-0001745
PAY-01746,MPL-0207,V046,2027-03-29,0.88,Execution,Processed,REF-0001746
PAY-01747,MPL-0208,V066,2026-11-15,0.67,Finishing,Processed,REF-0001747
PAY-01748,MPL-0208,V066,2026-02-15,9.0,Final,Processed,REF-0001748
PAY-01749,MPL-0208,V066,2026-07-16,7.69,Final,Processed,REF-0001749
PAY-01750,MPL-0208,V066,2026-10-08,18.76,Execution,Processed,REF-0001750
PAY-01751,MPL-0208,V066,2026-11-20,10.93,Execution,Processed,REF-0001751
PAY-01752,MPL-0209,V006,2026-02-20,13.52,Final,Processed,REF-0001752
PAY-01753,MPL-0209,V006,2026-03-01,0.38,Final,Processed,REF-0001753
PAY-01754,MPL-0209,V006,2026-03-11,0.78,Final,Processed,REF-0001754
PAY-01755,MPL-0209,V006,2026-04-04,5.96,Final,Processed,REF-0001755
PAY-01756,MPL-0209,V006,2026-02-26,5.37,Final,Processed,REF-0001756
PAY-01757,MPL-0209,V006,2026-09-09,4.34,Final,Processed,REF-0001757
PAY-01758,MPL-0210,V050,2026-08-12,5.59,Finishing,Processed,REF-0001758
PAY-01759,MPL-0210,V050,2026-11-24,6.24,Finishing,Processed,REF-0001759
PAY-01760,MPL-0210,V050,2027-02-22,9.32,Foundation,Processed,REF-0001760
PAY-01761,MPL-0210,V050,2027-06-04,0.02,Execution,Processed,REF-0001761
PAY-01762,MPL-0210,V050,2026-08-12,3.34,Foundation,Processed,REF-0001762
PAY-01763,MPL-0210,V050,2027-06-02,8.08,Final,Processed,REF-0001763
PAY-01764,MPL-0210,V050,2026-12-26,14.17,Finishing,Processed,REF-0001764
PAY-01765,MPL-0210,V050,2027-04-02,2.12,Finishing,Processed,REF-0001765
PAY-01766,MPL-0211,V017,2026-12-05,1.58,Final,Processed,REF-0001766
PAY-01767,MPL-0211,V017,2026-10-11,2.5,Mobilization,Processed,REF-0001767
PAY-01768,MPL-0211,V017,2027-03-29,1.17,Finishing,Processed,REF-0001768
PAY-01769,MPL-0211,V017,2026-05-23,0.05,Mobilization,Processed,REF-0001769
PAY-01770,MPL-0211,V017,2026-09-06,1.19,Execution,Processed,REF-0001770
PAY-01771,MPL-0212,V050,2026-05-06,1.82,Execution,Processed,REF-0001771
PAY-01772,MPL-0212,V050,2026-06-12,13.71,Final,Processed,REF-0001772
PAY-01773,MPL-0212,V050,2026-08-04,0.69,Final,Processed,REF-0001773
PAY-01774,MPL-0212,V050,2026-10-10,5.46,Foundation,Processed,REF-0001774
PAY-01775,MPL-0212,V050,2026-12-09,0.28,Execution,Processed,REF-0001775
PAY-01776,MPL-0212,V050,2026-12-10,3.05,Foundation,Processed,REF-0001776
PAY-01777,MPL-0212,V050,2026-05-25,4.17,Foundation,Processed,REF-0001777
PAY-01778,MPL-0212,V050,2026-06-03,1.83,Execution,Processed,REF-0001778
PAY-01779,MPL-0212,V050,2026-05-21,3.14,Mobilization,Processed,REF-0001779
PAY-01780,MPL-0212,V050,2026-03-03,0.92,Final,Processed,REF-0001780
PAY-01781,MPL-0212,V050,2026-12-23,1.87,Mobilization,Processed,REF-0001781
PAY-01782,MPL-0213,V029,2027-03-03,6.79,Execution,Processed,REF-0001782
PAY-01783,MPL-0213,V029,2026-07-05,2.51,Execution,Processed,REF-0001783
PAY-01784,MPL-0213,V029,2026-11-08,16.09,Foundation,Processed,REF-0001784
PAY-01785,MPL-0213,V029,2027-05-02,6.92,Foundation,Processed,REF-0001785
PAY-01786,MPL-0213,V029,2026-09-11,4.04,Execution,Processed,REF-0001786
PAY-01787,MPL-0213,V029,2026-08-22,0.28,Finishing,Processed,REF-0001787
PAY-01788,MPL-0213,V029,2026-10-16,4.84,Foundation,Processed,REF-0001788
PAY-01789,MPL-0214,V012,2026-12-12,4.75,Mobilization,Processed,REF-0001789
PAY-01790,MPL-0214,V012,2026-08-23,1.01,Finishing,Processed,REF-0001790
PAY-01791,MPL-0214,V012,2026-08-16,5.4,Finishing,Processed,REF-0001791
PAY-01792,MPL-0214,V012,2026-06-27,0.95,Finishing,Processed,REF-0001792
PAY-01793,MPL-0214,V012,2026-09-28,5.7,Finishing,Processed,REF-0001793
PAY-01794,MPL-0214,V012,2026-07-09,0.29,Finishing,Processed,REF-0001794
PAY-01795,MPL-0214,V012,2027-01-24,6.6,Finishing,Processed,REF-0001795
PAY-01796,MPL-0214,V012,2026-09-23,2.27,Foundation,Processed,REF-0001796
PAY-01797,MPL-0215,V058,2026-12-08,1.29,Mobilization,Processed,REF-0001797
PAY-01798,MPL-0215,V058,2026-03-28,1.13,Foundation,Processed,REF-0001798
PAY-01799,MPL-0215,V058,2026-10-26,2.08,Final,Processed,REF-0001799
PAY-01800,MPL-0215,V058,2026-10-31,25.6,Mobilization,Processed,REF-0001800
PAY-01801,MPL-0215,V058,2026-05-03,0.92,Foundation,Processed,REF-0001801
PAY-01802,MPL-0215,V058,2026-04-11,0.4,Finishing,Processed,REF-0001802
PAY-01803,MPL-0215,V058,2026-12-15,3.24,Execution,Processed,REF-0001803
PAY-01804,MPL-0215,V058,2026-07-21,2.47,Finishing,Processed,REF-0001804
PAY-01805,MPL-0215,V058,2026-05-17,2.73,Foundation,Processed,REF-0001805
PAY-01806,MPL-0215,V058,2026-03-27,4.05,Final,Processed,REF-0001806
PAY-01807,MPL-0215,V058,2026-08-12,1.14,Finishing,Processed,REF-0001807
PAY-01808,MPL-0216,V079,2026-11-17,1.86,Mobilization,Processed,REF-0001808
PAY-01809,MPL-0216,V079,2026-10-21,0.44,Mobilization,Processed,REF-0001809
PAY-01810,MPL-0216,V079,2026-03-05,0.11,Finishing,Processed,REF-0001810
PAY-01811,MPL-0216,V079,2026-10-03,1.05,Finishing,Processed,REF-0001811
PAY-01812,MPL-0216,V079,2026-04-22,0.79,Execution,Processed,REF-0001812
PAY-01813,MPL-0216,V079,2026-09-02,0.29,Execution,Processed,REF-0001813
PAY-01814,MPL-0216,V079,2026-04-04,0.75,Finishing,Processed,REF-0001814
PAY-01815,MPL-0216,V079,2027-01-29,0.19,Execution,Processed,REF-0001815
PAY-01816,MPL-0216,V079,2026-06-27,0.45,Mobilization,Processed,REF-0001816
PAY-01817,MPL-0217,V076,2027-01-16,10.0,Mobilization,Processed,REF-0001817
PAY-01818,MPL-0217,V076,2027-01-17,10.0,Execution,Processed,REF-0001818
PAY-01819,MPL-0217,V076,2026-06-12,1.1,Foundation,Processed,REF-0001819
PAY-01820,MPL-0217,V076,2026-09-24,3.88,Foundation,Processed,REF-0001820
PAY-01821,MPL-0217,V076,2027-03-05,7.87,Mobilization,Processed,REF-0001821
PAY-01822,MPL-0217,V076,2026-07-24,1.37,Final,Processed,REF-0001822
PAY-01823,MPL-0217,V076,2026-08-07,1.6,Foundation,Processed,REF-0001823
PAY-01824,MPL-0217,V076,2027-01-15,1.92,Mobilization,Processed,REF-0001824
PAY-01825,MPL-0217,V076,2026-06-20,6.08,Final,Processed,REF-0001825
PAY-01826,MPL-0217,V076,2026-09-04,4.41,Execution,Processed,REF-0001826
PAY-01827,MPL-0217,V076,2026-11-26,0.42,Final,Processed,REF-0001827
PAY-01828,MPL-0218,V050,2026-07-17,2.63,Finishing,Processed,REF-0001828
PAY-01829,MPL-0218,V050,2026-07-25,2.86,Foundation,Processed,REF-0001829
PAY-01830,MPL-0218,V050,2027-01-18,7.14,Foundation,Processed,REF-0001830
PAY-01831,MPL-0218,V050,2026-07-29,4.24,Execution,Processed,REF-0001831
PAY-01832,MPL-0218,V050,2026-06-23,4.87,Foundation,Processed,REF-0001832
PAY-01833,MPL-0218,V050,2026-05-13,29.01,Finishing,Processed,REF-0001833
PAY-01834,MPL-0218,V050,2026-08-10,0.36,Execution,Processed,REF-0001834
PAY-01835,MPL-0218,V050,2026-11-20,1.16,Execution,Processed,REF-0001835
PAY-01836,MPL-0218,V050,2026-09-10,2.41,Final,Processed,REF-0001836
PAY-01837,MPL-0218,V050,2026-10-09,1.96,Mobilization,Processed,REF-0001837
PAY-01838,MPL-0218,V050,2026-05-11,0.1,Execution,Processed,REF-0001838
PAY-01839,MPL-0219,V071,2027-02-16,0.27,Mobilization,Processed,REF-0001839
PAY-01840,MPL-0219,V071,2026-09-02,3.17,Finishing,Processed,REF-0001840
PAY-01841,MPL-0219,V071,2026-07-14,5.87,Final,Processed,REF-0001841
PAY-01842,MPL-0219,V071,2026-12-31,2.0,Final,Processed,REF-0001842
PAY-01843,MPL-0219,V071,2027-03-16,2.15,Foundation,Processed,REF-0001843
PAY-01844,MPL-0220,V075,2026-07-27,2.79,Mobilization,Processed,REF-0001844
PAY-01845,MPL-0220,V075,2026-12-01,13.82,Foundation,Processed,REF-0001845
PAY-01846,MPL-0220,V075,2026-07-23,13.18,Finishing,Processed,REF-0001846
PAY-01847,MPL-0220,V075,2026-07-09,8.4,Mobilization,Processed,REF-0001847
PAY-01848,MPL-0220,V075,2027-02-04,2.26,Finishing,Processed,REF-0001848
PAY-01849,MPL-0220,V075,2027-01-04,0.97,Final,Processed,REF-0001849
PAY-01850,MPL-0220,V075,2027-01-17,0.63,Foundation,Processed,REF-0001850
PAY-01851,MPL-0221,V021,2026-08-31,2.6,Finishing,Processed,REF-0001851
PAY-01852,MPL-0221,V021,2026-11-20,5.04,Execution,Processed,REF-0001852
PAY-01853,MPL-0221,V021,2026-05-29,5.65,Execution,Processed,REF-0001853
PAY-01854,MPL-0221,V021,2027-02-24,1.8,Final,Processed,REF-0001854
PAY-01855,MPL-0221,V021,2026-09-28,4.43,Final,Processed,REF-0001855
PAY-01856,MPL-0222,V054,2027-03-06,16.08,Finishing,Processed,REF-0001856
PAY-01857,MPL-0222,V054,2027-04-23,1.76,Foundation,Processed,REF-0001857
PAY-01858,MPL-0222,V054,2026-09-07,2.78,Foundation,Processed,REF-0001858
PAY-01859,MPL-0222,V054,2027-03-25,14.69,Foundation,Processed,REF-0001859
PAY-01860,MPL-0222,V054,2026-09-16,2.26,Foundation,Processed,REF-0001860
PAY-01861,MPL-0222,V054,2027-06-07,13.44,Mobilization,Processed,REF-0001861
PAY-01862,MPL-0223,V078,2026-09-24,10.52,Execution,Processed,REF-0001862
PAY-01863,MPL-0223,V078,2027-01-10,2.88,Mobilization,Processed,REF-0001863
PAY-01864,MPL-0223,V078,2026-07-07,4.5,Foundation,Processed,REF-0001864
PAY-01865,MPL-0223,V078,2026-07-08,3.67,Foundation,Processed,REF-0001865
PAY-01866,MPL-0223,V078,2027-02-02,3.19,Execution,Processed,REF-0001866
PAY-01867,MPL-0223,V078,2026-08-17,0.97,Finishing,Processed,REF-0001867
PAY-01868,MPL-0224,V060,2026-04-27,0.06,Execution,Processed,REF-0001868
PAY-01869,MPL-0224,V060,2026-09-23,0.41,Execution,Processed,REF-0001869
PAY-01870,MPL-0224,V060,2027-01-23,1.07,Foundation,Processed,REF-0001870
PAY-01871,MPL-0224,V060,2026-12-12,0.11,Mobilization,Processed,REF-0001871
PAY-01872,MPL-0224,V060,2026-09-04,0.01,Mobilization,Processed,REF-0001872
PAY-01873,MPL-0224,V060,2026-05-31,0.15,Foundation,Processed,REF-0001873
PAY-01874,MPL-0224,V060,2026-02-26,1.22,Foundation,Processed,REF-0001874
PAY-01875,MPL-0224,V060,2027-01-09,3.51,Mobilization,Processed,REF-0001875
PAY-01876,MPL-0224,V060,2026-06-20,3.97,Foundation,Processed,REF-0001876
PAY-01877,MPL-0225,V065,2026-08-04,1.68,Mobilization,Processed,REF-0001877
PAY-01878,MPL-0225,V065,2026-12-09,5.03,Finishing,Processed,REF-0001878
PAY-01879,MPL-0225,V065,2026-10-25,3.3,Execution,Processed,REF-0001879
PAY-01880,MPL-0225,V065,2026-05-27,1.72,Final,Processed,REF-0001880
PAY-01881,MPL-0225,V065,2026-09-15,2.1,Finishing,Processed,REF-0001881
PAY-01882,MPL-0225,V065,2026-06-09,0.36,Finishing,Processed,REF-0001882
PAY-01883,MPL-0225,V065,2027-01-04,6.85,Execution,Processed,REF-0001883
PAY-01884,MPL-0225,V065,2026-11-26,1.07,Finishing,Processed,REF-0001884
PAY-01885,MPL-0225,V065,2026-04-21,1.46,Execution,Processed,REF-0001885
PAY-01886,MPL-0225,V065,2027-01-21,2.75,Final,Processed,REF-0001886
PAY-01887,MPL-0225,V065,2026-08-11,1.0,Execution,Processed,REF-0001887
PAY-01888,MPL-0226,V079,2026-10-27,3.22,Execution,Processed,REF-0001888
PAY-01889,MPL-0226,V079,2027-02-23,10.95,Final,Processed,REF-0001889
PAY-01890,MPL-0226,V079,2027-02-07,0.28,Mobilization,Processed,REF-0001890
PAY-01891,MPL-0226,V079,2026-12-11,14.0,Final,Processed,REF-0001891
PAY-01892,MPL-0226,V079,2026-10-31,7.92,Mobilization,Processed,REF-0001892
PAY-01893,MPL-0226,V079,2026-12-23,10.22,Finishing,Processed,REF-0001893
PAY-01894,MPL-0226,V079,2027-05-13,10.97,Mobilization,Processed,REF-0001894
PAY-01895,MPL-0227,V025,2026-05-21,0.67,Foundation,Processed,REF-0001895
PAY-01896,MPL-0227,V025,2026-11-23,0.78,Mobilization,Processed,REF-0001896
PAY-01897,MPL-0227,V025,2026-06-03,1.03,Final,Processed,REF-0001897
PAY-01898,MPL-0227,V025,2026-09-01,1.25,Foundation,Processed,REF-0001898
PAY-01899,MPL-0227,V025,2026-09-27,1.16,Execution,Processed,REF-0001899
PAY-01900,MPL-0227,V025,2026-11-20,1.82,Finishing,Processed,REF-0001900
PAY-01901,MPL-0227,V025,2027-01-11,0.19,Mobilization,Processed,REF-0001901
PAY-01902,MPL-0228,V020,2026-08-08,4.91,Final,Processed,REF-0001902
PAY-01903,MPL-0228,V020,2026-04-26,28.27,Foundation,Processed,REF-0001903
PAY-01904,MPL-0228,V020,2026-05-10,4.84,Mobilization,Processed,REF-0001904
PAY-01905,MPL-0228,V020,2026-04-28,1.28,Execution,Processed,REF-0001905
PAY-01906,MPL-0228,V020,2026-10-13,7.14,Final,Processed,REF-0001906
PAY-01907,MPL-0228,V020,2026-04-04,1.11,Final,Processed,REF-0001907
PAY-01908,MPL-0228,V020,2026-10-15,2.17,Final,Processed,REF-0001908
PAY-01909,MPL-0229,V080,2026-10-26,1.82,Execution,Processed,REF-0001909
PAY-01910,MPL-0229,V080,2026-10-30,0.22,Foundation,Processed,REF-0001910
PAY-01911,MPL-0229,V080,2026-10-25,0.1,Foundation,Processed,REF-0001911
PAY-01912,MPL-0229,V080,2026-08-06,1.5,Foundation,Processed,REF-0001912
PAY-01913,MPL-0229,V080,2026-03-19,0.97,Foundation,Processed,REF-0001913
PAY-01914,MPL-0230,V069,2026-05-24,2.39,Final,Processed,REF-0001914
PAY-01915,MPL-0230,V069,2027-01-14,1.24,Finishing,Processed,REF-0001915
PAY-01916,MPL-0230,V069,2026-06-19,7.5,Execution,Processed,REF-0001916
PAY-01917,MPL-0230,V069,2026-04-02,5.17,Finishing,Processed,REF-0001917
PAY-01918,MPL-0230,V069,2026-08-06,4.78,Finishing,Processed,REF-0001918
PAY-01919,MPL-0230,V069,2026-11-30,9.2,Finishing,Processed,REF-0001919
PAY-01920,MPL-0230,V069,2026-11-06,4.81,Finishing,Processed,REF-0001920
PAY-01921,MPL-0230,V069,2026-08-19,1.37,Foundation,Processed,REF-0001921
PAY-01922,MPL-0231,V027,2026-04-09,2.51,Mobilization,Processed,REF-0001922
PAY-01923,MPL-0231,V027,2026-08-15,0.77,Final,Processed,REF-0001923
PAY-01924,MPL-0231,V027,2026-09-15,3.01,Foundation,Processed,REF-0001924
PAY-01925,MPL-0231,V027,2027-02-16,2.05,Final,Processed,REF-0001925
PAY-01926,MPL-0231,V027,2026-05-13,0.17,Mobilization,Processed,REF-0001926
PAY-01927,MPL-0231,V027,2026-11-05,1.52,Foundation,Processed,REF-0001927
PAY-01928,MPL-0231,V027,2026-06-21,0.89,Finishing,Processed,REF-0001928
PAY-01929,MPL-0231,V027,2026-06-30,0.84,Foundation,Processed,REF-0001929
PAY-01930,MPL-0231,V027,2026-10-26,1.95,Foundation,Processed,REF-0001930
PAY-01931,MPL-0232,V071,2026-08-17,1.5,Final,Processed,REF-0001931
PAY-01932,MPL-0232,V071,2026-05-08,5.78,Foundation,Processed,REF-0001932
PAY-01933,MPL-0232,V071,2026-07-27,0.28,Mobilization,Processed,REF-0001933
PAY-01934,MPL-0232,V071,2026-05-24,4.16,Execution,Processed,REF-0001934
PAY-01935,MPL-0232,V071,2026-04-10,6.39,Finishing,Processed,REF-0001935
PAY-01936,MPL-0232,V071,2026-04-02,4.31,Final,Processed,REF-0001936
PAY-01937,MPL-0232,V071,2026-04-16,2.65,Foundation,Processed,REF-0001937
PAY-01938,MPL-0232,V071,2026-09-13,11.58,Foundation,Processed,REF-0001938
PAY-01939,MPL-0232,V071,2026-06-19,1.38,Execution,Processed,REF-0001939
PAY-01940,MPL-0232,V071,2026-02-03,0.07,Mobilization,Processed,REF-0001940
PAY-01941,MPL-0232,V071,2026-10-22,2.18,Execution,Processed,REF-0001941
PAY-01942,MPL-0233,V040,2027-05-24,0.03,Final,Processed,REF-0001942
PAY-01943,MPL-0233,V040,2027-03-05,2.93,Foundation,Processed,REF-0001943
PAY-01944,MPL-0233,V040,2027-06-10,0.22,Finishing,Processed,REF-0001944
PAY-01945,MPL-0233,V040,2026-12-06,1.48,Mobilization,Processed,REF-0001945
PAY-01946,MPL-0233,V040,2027-04-10,1.42,Final,Processed,REF-0001946
PAY-01947,MPL-0233,V040,2027-02-24,0.23,Foundation,Processed,REF-0001947
PAY-01948,MPL-0234,V046,2026-09-20,3.85,Execution,Processed,REF-0001948
PAY-01949,MPL-0234,V046,2026-04-19,0.2,Finishing,Processed,REF-0001949
PAY-01950,MPL-0234,V046,2026-08-07,2.62,Mobilization,Processed,REF-0001950
PAY-01951,MPL-0234,V046,2027-02-13,0.06,Finishing,Processed,REF-0001951
PAY-01952,MPL-0234,V046,2026-11-03,10.08,Final,Processed,REF-0001952
PAY-01953,MPL-0234,V046,2026-06-24,14.81,Finishing,Processed,REF-0001953
PAY-01954,MPL-0235,V076,2026-06-29,0.95,Final,Processed,REF-0001954
PAY-01955,MPL-0235,V076,2026-04-27,0.88,Mobilization,Processed,REF-0001955
PAY-01956,MPL-0235,V076,2027-01-08,5.29,Final,Processed,REF-0001956
PAY-01957,MPL-0235,V076,2026-09-07,1.1,Foundation,Processed,REF-0001957
PAY-01958,MPL-0235,V076,2027-02-09,8.51,Finishing,Processed,REF-0001958
PAY-01959,MPL-0235,V076,2026-10-13,3.22,Finishing,Processed,REF-0001959
PAY-01960,MPL-0235,V076,2026-04-04,1.63,Mobilization,Processed,REF-0001960
PAY-01961,MPL-0235,V076,2026-07-27,6.75,Execution,Processed,REF-0001961
PAY-01962,MPL-0235,V076,2026-07-12,2.57,Final,Processed,REF-0001962
PAY-01963,MPL-0236,V031,2027-01-17,2.45,Execution,Processed,REF-0001963
PAY-01964,MPL-0236,V031,2026-12-16,2.66,Mobilization,Processed,REF-0001964
PAY-01965,MPL-0236,V031,2026-06-23,0.18,Mobilization,Processed,REF-0001965
PAY-01966,MPL-0236,V031,2027-02-20,0.0,Foundation,Processed,REF-0001966
PAY-01967,MPL-0236,V031,2027-04-12,4.18,Finishing,Processed,REF-0001967
PAY-01968,MPL-0236,V031,2026-10-08,2.39,Final,Processed,REF-0001968
PAY-01969,MPL-0236,V031,2027-01-25,0.06,Execution,Processed,REF-0001969
PAY-01970,MPL-0236,V031,2026-08-09,1.81,Finishing,Processed,REF-0001970
PAY-01971,MPL-0236,V031,2027-03-31,0.62,Final,Processed,REF-0001971
PAY-01972,MPL-0236,V031,2027-04-02,0.3,Finishing,Processed,REF-0001972
PAY-01973,MPL-0237,V006,2026-07-22,6.97,Final,Processed,REF-0001973
PAY-01974,MPL-0237,V006,2026-08-25,0.72,Final,Processed,REF-0001974
PAY-01975,MPL-0237,V006,2027-05-26,9.72,Mobilization,Processed,REF-0001975
PAY-01976,MPL-0237,V006,2027-04-21,0.76,Mobilization,Processed,REF-0001976
PAY-01977,MPL-0237,V006,2026-08-30,3.14,Foundation,Processed,REF-0001977
PAY-01978,MPL-0237,V006,2027-01-01,0.83,Final,Processed,REF-0001978
PAY-01979,MPL-0237,V006,2027-05-06,2.61,Finishing,Processed,REF-0001979
PAY-01980,MPL-0237,V006,2027-01-18,3.81,Mobilization,Processed,REF-0001980
PAY-01981,MPL-0237,V006,2026-12-25,0.7,Finishing,Processed,REF-0001981
PAY-01982,MPL-0237,V006,2027-02-21,2.43,Final,Processed,REF-0001982
PAY-01983,MPL-0237,V006,2027-03-25,2.09,Mobilization,Processed,REF-0001983
PAY-01984,MPL-0238,V010,2027-04-09,10.0,Finishing,Processed,REF-0001984
PAY-01985,MPL-0238,V010,2027-04-10,10.0,Foundation,Processed,REF-0001985
PAY-01986,MPL-0238,V010,2027-03-09,1.17,Foundation,Processed,REF-0001986
PAY-01987,MPL-0238,V010,2026-06-04,2.44,Execution,Processed,REF-0001987
PAY-01988,MPL-0238,V010,2026-07-12,2.06,Execution,Processed,REF-0001988
PAY-01989,MPL-0238,V010,2026-12-20,2.05,Mobilization,Processed,REF-0001989
PAY-01990,MPL-0238,V010,2027-01-11,0.32,Execution,Processed,REF-0001990
PAY-01991,MPL-0238,V010,2026-11-22,1.57,Execution,Processed,REF-0001991
PAY-01992,MPL-0238,V010,2026-11-19,1.72,Foundation,Processed,REF-0001992
PAY-01993,MPL-0238,V010,2026-10-11,3.77,Finishing,Processed,REF-0001993
PAY-01994,MPL-0238,V010,2026-06-16,5.23,Execution,Processed,REF-0001994
PAY-01995,MPL-0239,V020,2027-01-18,6.52,Execution,Processed,REF-0001995
PAY-01996,MPL-0239,V020,2026-05-20,0.75,Foundation,Processed,REF-0001996
PAY-01997,MPL-0239,V020,2026-12-09,2.24,Final,Processed,REF-0001997
PAY-01998,MPL-0239,V020,2027-01-24,1.49,Execution,Processed,REF-0001998
PAY-01999,MPL-0239,V020,2026-09-20,1.1,Execution,Processed,REF-0001999
PAY-02000,MPL-0239,V020,2026-05-26,3.77,Finishing,Processed,REF-0002000
PAY-02001,MPL-0239,V020,2026-04-13,2.16,Execution,Processed,REF-0002001
PAY-02002,MPL-0239,V020,2026-08-26,2.04,Final,Processed,REF-0002002
PAY-02003,MPL-0239,V020,2026-11-29,0.47,Foundation,Processed,REF-0002003
PAY-02004,MPL-0239,V020,2026-08-08,0.15,Execution,Processed,REF-0002004
PAY-02005,MPL-0239,V020,2026-04-19,0.9,Mobilization,Processed,REF-0002005
PAY-02006,MPL-0239,V020,2027-01-20,1.56,Finishing,Processed,REF-0002006
PAY-02007,MPL-0240,V017,2027-04-20,0.66,Finishing,Processed,REF-0002007
PAY-02008,MPL-0240,V017,2027-04-29,0.83,Foundation,Processed,REF-0002008
PAY-02009,MPL-0240,V017,2026-12-18,0.18,Foundation,Processed,REF-0002009
PAY-02010,MPL-0240,V017,2026-10-19,0.64,Finishing,Processed,REF-0002010
PAY-02011,MPL-0240,V017,2026-12-02,0.49,Execution,Processed,REF-0002011
PAY-02012,MPL-0240,V017,2027-01-16,0.24,Execution,Processed,REF-0002012
PAY-02013,MPL-0240,V017,2026-08-26,0.01,Foundation,Processed,REF-0002013
PAY-02014,MPL-0240,V017,2026-11-18,0.73,Mobilization,Processed,REF-0002014
PAY-02015,MPL-0240,V017,2026-08-02,1.35,Foundation,Processed,REF-0002015
PAY-02016,MPL-0240,V017,2027-03-30,0.3,Execution,Processed,REF-0002016
PAY-02017,MPL-0241,V078,2027-02-21,0.25,Final,Processed,REF-0002017
PAY-02018,MPL-0241,V078,2026-08-10,3.8,Finishing,Processed,REF-0002018
PAY-02019,MPL-0241,V078,2027-03-23,0.56,Mobilization,Processed,REF-0002019
PAY-02020,MPL-0241,V078,2026-08-20,0.44,Mobilization,Processed,REF-0002020
PAY-02021,MPL-0241,V078,2026-06-26,3.39,Final,Processed,REF-0002021
PAY-02022,MPL-0241,V078,2027-04-15,2.96,Finishing,Processed,REF-0002022
PAY-02023,MPL-0241,V078,2026-09-22,1.04,Foundation,Processed,REF-0002023
PAY-02024,MPL-0241,V078,2026-11-01,1.17,Final,Processed,REF-0002024
PAY-02025,MPL-0241,V078,2026-11-08,0.43,Finishing,Processed,REF-0002025
PAY-02026,MPL-0242,V050,2026-08-29,0.06,Mobilization,Processed,REF-0002026
PAY-02027,MPL-0242,V050,2026-07-13,0.68,Final,Processed,REF-0002027
PAY-02028,MPL-0242,V050,2026-12-01,0.08,Mobilization,Processed,REF-0002028
PAY-02029,MPL-0242,V050,2026-07-28,0.47,Foundation,Processed,REF-0002029
PAY-02030,MPL-0242,V050,2026-09-27,2.24,Mobilization,Processed,REF-0002030
PAY-02031,MPL-0242,V050,2026-06-18,2.42,Final,Processed,REF-0002031
PAY-02032,MPL-0242,V050,2026-05-03,0.22,Execution,Processed,REF-0002032
PAY-02033,MPL-0243,V062,2027-03-08,10.58,Foundation,Processed,REF-0002033
PAY-02034,MPL-0243,V062,2026-10-18,6.95,Foundation,Processed,REF-0002034
PAY-02035,MPL-0243,V062,2026-10-21,22.55,Finishing,Processed,REF-0002035
PAY-02036,MPL-0243,V062,2027-05-25,3.42,Foundation,Processed,REF-0002036
PAY-02037,MPL-0243,V062,2026-09-10,0.04,Mobilization,Processed,REF-0002037
PAY-02038,MPL-0244,V076,2026-11-09,0.25,Mobilization,Processed,REF-0002038
PAY-02039,MPL-0244,V076,2027-05-17,0.61,Finishing,Processed,REF-0002039
PAY-02040,MPL-0244,V076,2027-02-17,0.53,Finishing,Processed,REF-0002040
PAY-02041,MPL-0244,V076,2027-04-18,2.21,Final,Processed,REF-0002041
PAY-02042,MPL-0244,V076,2027-04-24,1.61,Foundation,Processed,REF-0002042
PAY-02043,MPL-0244,V076,2027-02-04,0.5,Foundation,Processed,REF-0002043
PAY-02044,MPL-0244,V076,2027-03-30,0.86,Final,Processed,REF-0002044
PAY-02045,MPL-0244,V076,2027-01-28,0.14,Final,Processed,REF-0002045
PAY-02046,MPL-0244,V076,2027-01-22,3.21,Execution,Processed,REF-0002046
PAY-02047,MPL-0245,V027,2026-11-17,2.64,Finishing,Processed,REF-0002047
PAY-02048,MPL-0245,V027,2027-01-11,3.76,Execution,Processed,REF-0002048
PAY-02049,MPL-0245,V027,2026-11-03,1.96,Execution,Processed,REF-0002049
PAY-02050,MPL-0245,V027,2027-04-08,0.18,Execution,Processed,REF-0002050
PAY-02051,MPL-0245,V027,2026-08-14,0.05,Foundation,Processed,REF-0002051
PAY-02052,MPL-0245,V027,2026-12-17,0.84,Foundation,Processed,REF-0002052
PAY-02053,MPL-0245,V027,2027-04-07,2.35,Final,Processed,REF-0002053
PAY-02054,MPL-0245,V027,2026-09-09,0.19,Mobilization,Processed,REF-0002054
PAY-02055,MPL-0245,V027,2027-03-22,0.01,Finishing,Processed,REF-0002055
PAY-02056,MPL-0245,V027,2027-04-06,1.58,Execution,Processed,REF-0002056
PAY-02057,MPL-0246,V048,2027-04-08,1.23,Foundation,Processed,REF-0002057
PAY-02058,MPL-0246,V048,2026-11-28,8.21,Final,Processed,REF-0002058
PAY-02059,MPL-0246,V048,2026-09-25,17.47,Finishing,Processed,REF-0002059
PAY-02060,MPL-0246,V048,2026-10-18,4.16,Final,Processed,REF-0002060
PAY-02061,MPL-0246,V048,2026-06-30,1.35,Finishing,Processed,REF-0002061
PAY-02062,MPL-0246,V048,2027-04-15,22.6,Finishing,Processed,REF-0002062
PAY-02063,MPL-0247,V044,2027-03-29,5.74,Finishing,Processed,REF-0002063
PAY-02064,MPL-0247,V044,2026-07-03,25.75,Foundation,Processed,REF-0002064
PAY-02065,MPL-0247,V044,2026-06-11,2.43,Final,Processed,REF-0002065
PAY-02066,MPL-0247,V044,2027-01-15,0.37,Final,Processed,REF-0002066
PAY-02067,MPL-0247,V044,2027-04-28,7.65,Mobilization,Processed,REF-0002067
PAY-02068,MPL-0247,V044,2026-11-24,4.25,Finishing,Processed,REF-0002068
PAY-02069,MPL-0247,V044,2026-08-14,1.38,Mobilization,Processed,REF-0002069
PAY-02070,MPL-0247,V044,2026-11-28,8.78,Mobilization,Processed,REF-0002070
PAY-02071,MPL-0247,V044,2026-10-19,1.31,Final,Processed,REF-0002071
PAY-02072,MPL-0247,V044,2026-10-07,1.74,Mobilization,Processed,REF-0002072
PAY-02073,MPL-0247,V044,2027-04-02,0.56,Finishing,Processed,REF-0002073
PAY-02074,MPL-0247,V044,2027-01-06,2.94,Foundation,Processed,REF-0002074
PAY-02075,MPL-0248,V067,2026-07-13,3.85,Finishing,Processed,REF-0002075
PAY-02076,MPL-0248,V067,2026-08-30,5.12,Final,Processed,REF-0002076
PAY-02077,MPL-0248,V067,2026-08-27,8.75,Execution,Processed,REF-0002077
PAY-02078,MPL-0248,V067,2026-07-22,16.77,Final,Processed,REF-0002078
PAY-02079,MPL-0248,V067,2026-12-10,1.05,Finishing,Processed,REF-0002079
PAY-02080,MPL-0248,V067,2026-06-06,0.4,Final,Processed,REF-0002080
PAY-02081,MPL-0248,V067,2027-01-19,0.13,Execution,Processed,REF-0002081
PAY-02082,MPL-0248,V067,2026-03-28,1.1,Final,Processed,REF-0002082
PAY-02083,MPL-0248,V067,2026-04-21,7.61,Execution,Processed,REF-0002083
PAY-02084,MPL-0248,V067,2027-01-19,9.22,Mobilization,Processed,REF-0002084
PAY-02085,MPL-0248,V067,2026-04-30,10.95,Final,Processed,REF-0002085
PAY-02086,MPL-0249,V031,2027-03-25,1.91,Finishing,Processed,REF-0002086
PAY-02087,MPL-0249,V031,2026-09-17,2.5,Foundation,Processed,REF-0002087
PAY-02088,MPL-0249,V031,2026-11-01,4.51,Final,Processed,REF-0002088
PAY-02089,MPL-0249,V031,2026-09-26,0.45,Foundation,Processed,REF-0002089
PAY-02090,MPL-0249,V031,2026-07-12,6.46,Finishing,Processed,REF-0002090
PAY-02091,MPL-0249,V031,2026-08-27,28.17,Execution,Processed,REF-0002091
PAY-02092,MPL-0250,V075,2026-05-28,6.26,Finishing,Processed,REF-0002092
PAY-02093,MPL-0250,V075,2027-01-28,19.55,Finishing,Processed,REF-0002093
PAY-02094,MPL-0250,V075,2026-11-04,9.69,Finishing,Processed,REF-0002094
PAY-02095,MPL-0250,V075,2026-12-08,1.91,Foundation,Processed,REF-0002095
PAY-02096,MPL-0250,V075,2026-10-02,12.21,Foundation,Processed,REF-0002096
PAY-02097,MPL-0250,V075,2026-05-29,4.99,Execution,Processed,REF-0002097
PAY-02098,MPL-0251,V069,2026-09-05,0.12,Finishing,Processed,REF-0002098
PAY-02099,MPL-0251,V069,2026-10-14,3.32,Finishing,Processed,REF-0002099
PAY-02100,MPL-0251,V069,2026-07-23,6.45,Foundation,Processed,REF-0002100
PAY-02101,MPL-0251,V069,2026-10-18,1.39,Finishing,Processed,REF-0002101
PAY-02102,MPL-0251,V069,2026-09-17,1.63,Foundation,Processed,REF-0002102
PAY-02103,MPL-0251,V069,2026-12-03,7.3,Mobilization,Processed,REF-0002103
PAY-02104,MPL-0251,V069,2026-11-27,5.53,Finishing,Processed,REF-0002104
PAY-02105,MPL-0251,V069,2026-07-25,4.13,Final,Processed,REF-0002105
PAY-02106,MPL-0251,V069,2026-10-16,0.94,Mobilization,Processed,REF-0002106
PAY-02107,MPL-0251,V069,2027-04-13,7.94,Mobilization,Processed,REF-0002107
PAY-02108,MPL-0252,V030,2026-10-09,5.97,Mobilization,Processed,REF-0002108
PAY-02109,MPL-0252,V030,2026-06-26,35.08,Mobilization,Processed,REF-0002109
PAY-02110,MPL-0252,V030,2026-12-27,1.04,Mobilization,Processed,REF-0002110
PAY-02111,MPL-0252,V030,2026-04-03,36.74,Execution,Processed,REF-0002111
PAY-02112,MPL-0252,V030,2026-10-14,11.55,Execution,Processed,REF-0002112
PAY-02113,MPL-0253,V026,2026-12-27,5.33,Final,Processed,REF-0002113
PAY-02114,MPL-0253,V026,2026-09-19,3.78,Mobilization,Processed,REF-0002114
PAY-02115,MPL-0253,V026,2026-06-08,1.69,Foundation,Processed,REF-0002115
PAY-02116,MPL-0253,V026,2027-01-31,8.69,Final,Processed,REF-0002116
PAY-02117,MPL-0253,V026,2026-11-22,19.09,Foundation,Processed,REF-0002117
PAY-02118,MPL-0254,V041,2026-11-09,1.22,Mobilization,Processed,REF-0002118
PAY-02119,MPL-0254,V041,2026-08-04,0.08,Final,Processed,REF-0002119
PAY-02120,MPL-0254,V041,2026-11-24,0.48,Final,Processed,REF-0002120
PAY-02121,MPL-0254,V041,2026-08-15,0.42,Finishing,Processed,REF-0002121
PAY-02122,MPL-0254,V041,2026-08-15,0.16,Final,Processed,REF-0002122
PAY-02123,MPL-0254,V041,2026-08-01,0.01,Finishing,Processed,REF-0002123
PAY-02124,MPL-0254,V041,2026-06-01,0.45,Final,Processed,REF-0002124
PAY-02125,MPL-0254,V041,2026-06-05,1.11,Final,Processed,REF-0002125
PAY-02126,MPL-0255,V067,2026-10-14,4.23,Execution,Processed,REF-0002126
PAY-02127,MPL-0255,V067,2026-07-02,2.42,Execution,Processed,REF-0002127
PAY-02128,MPL-0255,V067,2026-08-08,3.15,Final,Processed,REF-0002128
PAY-02129,MPL-0255,V067,2027-01-28,0.94,Foundation,Processed,REF-0002129
PAY-02130,MPL-0255,V067,2026-06-28,5.88,Finishing,Processed,REF-0002130
PAY-02131,MPL-0255,V067,2026-08-14,5.81,Final,Processed,REF-0002131
PAY-02132,MPL-0256,V027,2027-03-07,0.67,Execution,Processed,REF-0002132
PAY-02133,MPL-0256,V027,2026-12-16,8.99,Final,Processed,REF-0002133
PAY-02134,MPL-0256,V027,2026-11-13,1.34,Finishing,Processed,REF-0002134
PAY-02135,MPL-0256,V027,2026-06-26,17.23,Final,Processed,REF-0002135
PAY-02136,MPL-0256,V027,2026-05-31,2.06,Execution,Processed,REF-0002136
PAY-02137,MPL-0256,V027,2026-09-01,0.84,Execution,Processed,REF-0002137
PAY-02138,MPL-0256,V027,2026-07-09,1.85,Foundation,Processed,REF-0002138
PAY-02139,MPL-0257,V020,2026-08-16,0.64,Finishing,Processed,REF-0002139
PAY-02140,MPL-0257,V020,2026-06-02,0.08,Execution,Processed,REF-0002140
PAY-02141,MPL-0257,V020,2026-06-11,0.96,Finishing,Processed,REF-0002141
PAY-02142,MPL-0257,V020,2027-04-14,1.01,Final,Processed,REF-0002142
PAY-02143,MPL-0257,V020,2026-07-01,1.49,Final,Processed,REF-0002143
PAY-02144,MPL-0257,V020,2026-06-27,0.03,Execution,Processed,REF-0002144
PAY-02145,MPL-0257,V020,2027-02-05,0.87,Final,Processed,REF-0002145
PAY-02146,MPL-0257,V020,2027-03-02,0.06,Final,Processed,REF-0002146
PAY-02147,MPL-0257,V020,2027-02-03,1.34,Finishing,Processed,REF-0002147
PAY-02148,MPL-0257,V020,2027-02-15,0.06,Foundation,Processed,REF-0002148
PAY-02149,MPL-0257,V020,2026-10-03,2.69,Execution,Processed,REF-0002149
PAY-02150,MPL-0257,V020,2026-07-20,1.34,Finishing,Processed,REF-0002150
PAY-02151,MPL-0258,V033,2026-10-08,0.82,Finishing,Processed,REF-0002151
PAY-02152,MPL-0258,V033,2026-12-04,0.67,Finishing,Processed,REF-0002152
PAY-02153,MPL-0258,V033,2026-11-21,0.16,Mobilization,Processed,REF-0002153
PAY-02154,MPL-0258,V033,2027-01-18,0.4,Mobilization,Processed,REF-0002154
PAY-02155,MPL-0258,V033,2027-01-18,2.35,Mobilization,Processed,REF-0002155
PAY-02156,MPL-0258,V033,2026-10-23,2.72,Final,Processed,REF-0002156
PAY-02157,MPL-0258,V033,2027-01-14,0.0,Final,Processed,REF-0002157
PAY-02158,MPL-0258,V033,2026-11-27,1.04,Execution,Processed,REF-0002158
PAY-02159,MPL-0259,V037,2026-09-05,2.51,Mobilization,Processed,REF-0002159
PAY-02160,MPL-0259,V037,2027-01-06,1.91,Mobilization,Processed,REF-0002160
PAY-02161,MPL-0259,V037,2026-07-16,0.17,Mobilization,Processed,REF-0002161
PAY-02162,MPL-0259,V037,2026-09-15,0.49,Final,Processed,REF-0002162
PAY-02163,MPL-0259,V037,2027-01-28,0.57,Final,Processed,REF-0002163
PAY-02164,MPL-0259,V037,2026-07-08,3.52,Execution,Processed,REF-0002164
PAY-02165,MPL-0259,V037,2026-05-05,1.23,Final,Processed,REF-0002165
PAY-02166,MPL-0259,V037,2026-04-25,1.32,Mobilization,Processed,REF-0002166
PAY-02167,MPL-0259,V037,2026-09-13,5.4,Finishing,Processed,REF-0002167
PAY-02168,MPL-0259,V037,2026-07-16,2.0,Execution,Processed,REF-0002168
PAY-02169,MPL-0259,V037,2027-01-11,4.53,Mobilization,Processed,REF-0002169
PAY-02170,MPL-0259,V037,2026-11-19,1.21,Final,Processed,REF-0002170
PAY-02171,MPL-0260,V044,2026-11-25,0.4,Execution,Processed,REF-0002171
PAY-02172,MPL-0260,V044,2026-04-01,6.56,Foundation,Processed,REF-0002172
PAY-02173,MPL-0260,V044,2026-04-29,1.52,Finishing,Processed,REF-0002173
PAY-02174,MPL-0260,V044,2026-06-13,0.49,Foundation,Processed,REF-0002174
PAY-02175,MPL-0260,V044,2026-08-20,0.89,Mobilization,Processed,REF-0002175
PAY-02176,MPL-0260,V044,2026-06-22,0.13,Finishing,Processed,REF-0002176
PAY-02177,MPL-0260,V044,2026-06-23,1.56,Final,Processed,REF-0002177
PAY-02178,MPL-0261,V011,2026-03-28,2.29,Finishing,Processed,REF-0002178
PAY-02179,MPL-0261,V011,2026-06-18,3.24,Mobilization,Processed,REF-0002179
PAY-02180,MPL-0261,V011,2026-07-31,3.22,Mobilization,Processed,REF-0002180
PAY-02181,MPL-0261,V011,2026-07-06,0.16,Execution,Processed,REF-0002181
PAY-02182,MPL-0261,V011,2026-06-03,0.57,Finishing,Processed,REF-0002182
PAY-02183,MPL-0262,V032,2026-09-30,0.1,Finishing,Processed,REF-0002183
PAY-02184,MPL-0262,V032,2026-04-15,6.51,Foundation,Processed,REF-0002184
PAY-02185,MPL-0262,V032,2026-06-04,1.5,Final,Processed,REF-0002185
PAY-02186,MPL-0262,V032,2026-07-28,3.36,Final,Processed,REF-0002186
PAY-02187,MPL-0262,V032,2026-08-03,4.23,Finishing,Processed,REF-0002187
PAY-02188,MPL-0262,V032,2027-01-10,1.89,Execution,Processed,REF-0002188
PAY-02189,MPL-0262,V032,2026-07-06,1.23,Execution,Processed,REF-0002189
PAY-02190,MPL-0262,V032,2026-10-19,11.04,Mobilization,Processed,REF-0002190
PAY-02191,MPL-0263,V077,2026-12-04,10.0,Finishing,Processed,REF-0002191
PAY-02192,MPL-0263,V077,2026-12-05,10.0,Foundation,Processed,REF-0002192
PAY-02193,MPL-0263,V077,2027-01-11,2.17,Execution,Processed,REF-0002193
PAY-02194,MPL-0263,V077,2027-03-10,11.99,Mobilization,Processed,REF-0002194
PAY-02195,MPL-0263,V077,2027-03-23,0.02,Finishing,Processed,REF-0002195
PAY-02196,MPL-0263,V077,2026-05-28,1.77,Finishing,Processed,REF-0002196
PAY-02197,MPL-0263,V077,2026-07-11,0.35,Foundation,Processed,REF-0002197
PAY-02198,MPL-0263,V077,2026-06-12,2.37,Mobilization,Processed,REF-0002198
PAY-02199,MPL-0263,V077,2026-07-05,0.08,Foundation,Processed,REF-0002199
PAY-02200,MPL-0263,V077,2027-01-12,1.74,Mobilization,Processed,REF-0002200
PAY-02201,MPL-0263,V077,2026-08-08,0.83,Final,Processed,REF-0002201
PAY-02202,MPL-0264,V001,2026-08-17,10.0,Execution,Processed,REF-0002202
PAY-02203,MPL-0264,V001,2026-08-18,10.0,Execution,Processed,REF-0002203
PAY-02204,MPL-0264,V001,2027-02-22,2.72,Execution,Processed,REF-0002204
PAY-02205,MPL-0264,V001,2026-10-16,3.15,Final,Processed,REF-0002205
PAY-02206,MPL-0264,V001,2026-10-04,1.7,Mobilization,Processed,REF-0002206
PAY-02207,MPL-0264,V001,2026-07-24,0.07,Finishing,Processed,REF-0002207
PAY-02208,MPL-0264,V001,2026-09-04,0.39,Mobilization,Processed,REF-0002208
PAY-02209,MPL-0264,V001,2027-03-04,4.37,Finishing,Processed,REF-0002209
PAY-02210,MPL-0264,V001,2026-09-03,0.77,Foundation,Processed,REF-0002210
PAY-02211,MPL-0264,V001,2027-02-13,0.18,Mobilization,Processed,REF-0002211
PAY-02212,MPL-0265,V072,2027-01-02,1.43,Mobilization,Processed,REF-0002212
PAY-02213,MPL-0265,V072,2026-06-28,0.42,Foundation,Processed,REF-0002213
PAY-02214,MPL-0265,V072,2026-05-21,0.37,Finishing,Processed,REF-0002214
PAY-02215,MPL-0265,V072,2026-08-04,7.34,Mobilization,Processed,REF-0002215
PAY-02216,MPL-0265,V072,2026-06-05,2.31,Foundation,Processed,REF-0002216
PAY-02217,MPL-0265,V072,2026-12-11,0.62,Final,Processed,REF-0002217
PAY-02218,MPL-0265,V072,2026-11-07,4.64,Finishing,Processed,REF-0002218
PAY-02219,MPL-0265,V072,2026-07-14,1.24,Finishing,Processed,REF-0002219
PAY-02220,MPL-0265,V072,2027-03-03,1.6,Mobilization,Processed,REF-0002220
PAY-02221,MPL-0265,V072,2027-04-06,0.04,Final,Processed,REF-0002221
PAY-02222,MPL-0265,V072,2026-08-06,0.15,Foundation,Processed,REF-0002222
PAY-02223,MPL-0265,V072,2026-10-11,1.19,Mobilization,Processed,REF-0002223
PAY-02224,MPL-0266,V059,2026-09-04,3.2,Execution,Processed,REF-0002224
PAY-02225,MPL-0266,V059,2026-10-24,1.36,Foundation,Processed,REF-0002225
PAY-02226,MPL-0266,V059,2026-12-14,0.2,Finishing,Processed,REF-0002226
PAY-02227,MPL-0266,V059,2026-09-28,0.17,Mobilization,Processed,REF-0002227
PAY-02228,MPL-0266,V059,2027-01-04,2.6,Finishing,Processed,REF-0002228
PAY-02229,MPL-0267,V002,2026-10-13,0.62,Final,Processed,REF-0002229
PAY-02230,MPL-0267,V002,2026-06-18,3.06,Foundation,Processed,REF-0002230
PAY-02231,MPL-0267,V002,2026-08-19,0.16,Foundation,Processed,REF-0002231
PAY-02232,MPL-0267,V002,2026-11-04,0.35,Finishing,Processed,REF-0002232
PAY-02233,MPL-0267,V002,2026-05-29,4.64,Finishing,Processed,REF-0002233
PAY-02234,MPL-0267,V002,2026-06-21,4.86,Foundation,Processed,REF-0002234
PAY-02235,MPL-0267,V002,2027-03-21,1.74,Final,Processed,REF-0002235
PAY-02236,MPL-0268,V033,2027-01-28,0.19,Foundation,Processed,REF-0002236
PAY-02237,MPL-0268,V033,2026-06-30,1.32,Final,Processed,REF-0002237
PAY-02238,MPL-0268,V033,2026-09-27,0.19,Mobilization,Processed,REF-0002238
PAY-02239,MPL-0268,V033,2026-06-14,0.61,Mobilization,Processed,REF-0002239
PAY-02240,MPL-0268,V033,2026-11-13,2.7,Final,Processed,REF-0002240
PAY-02241,MPL-0268,V033,2027-01-16,0.13,Mobilization,Processed,REF-0002241
PAY-02242,MPL-0268,V033,2027-02-28,2.22,Foundation,Processed,REF-0002242
PAY-02243,MPL-0268,V033,2026-09-29,0.16,Execution,Processed,REF-0002243
PAY-02244,MPL-0268,V033,2026-05-07,0.66,Foundation,Processed,REF-0002244
PAY-02245,MPL-0269,V040,2026-07-31,0.94,Mobilization,Processed,REF-0002245
PAY-02246,MPL-0269,V040,2026-10-15,6.69,Mobilization,Processed,REF-0002246
PAY-02247,MPL-0269,V040,2027-01-16,0.64,Mobilization,Processed,REF-0002247
PAY-02248,MPL-0269,V040,2026-10-18,1.02,Final,Processed,REF-0002248
PAY-02249,MPL-0269,V040,2026-06-03,8.12,Foundation,Processed,REF-0002249
PAY-02250,MPL-0269,V040,2027-02-18,1.53,Mobilization,Processed,REF-0002250
PAY-02251,MPL-0270,V022,2026-04-01,2.44,Finishing,Processed,REF-0002251
PAY-02252,MPL-0270,V022,2027-01-08,1.04,Finishing,Processed,REF-0002252
PAY-02253,MPL-0270,V022,2026-08-13,4.22,Final,Processed,REF-0002253
PAY-02254,MPL-0270,V022,2026-10-06,0.05,Finishing,Processed,REF-0002254
PAY-02255,MPL-0270,V022,2026-07-21,0.18,Finishing,Processed,REF-0002255
PAY-02256,MPL-0270,V022,2027-01-29,3.19,Execution,Processed,REF-0002256
PAY-02257,MPL-0271,V008,2026-12-17,0.7,Finishing,Processed,REF-0002257
PAY-02258,MPL-0271,V008,2026-09-28,5.14,Foundation,Processed,REF-0002258
PAY-02259,MPL-0271,V008,2026-09-15,3.91,Final,Processed,REF-0002259
PAY-02260,MPL-0271,V008,2026-07-29,2.1,Foundation,Processed,REF-0002260
PAY-02261,MPL-0271,V008,2026-04-09,2.86,Execution,Processed,REF-0002261
PAY-02262,MPL-0271,V008,2026-12-18,1.84,Foundation,Processed,REF-0002262
PAY-02263,MPL-0271,V008,2026-08-12,0.22,Execution,Processed,REF-0002263
PAY-02264,MPL-0271,V008,2026-04-18,2.43,Execution,Processed,REF-0002264
PAY-02265,MPL-0271,V008,2026-02-05,0.4,Finishing,Processed,REF-0002265
PAY-02266,MPL-0271,V008,2026-06-28,0.65,Foundation,Processed,REF-0002266
PAY-02267,MPL-0272,V006,2027-01-05,3.99,Finishing,Processed,REF-0002267
PAY-02268,MPL-0272,V006,2027-02-16,1.8,Foundation,Processed,REF-0002268
PAY-02269,MPL-0272,V006,2026-12-06,4.59,Foundation,Processed,REF-0002269
PAY-02270,MPL-0272,V006,2027-03-31,0.56,Execution,Processed,REF-0002270
PAY-02271,MPL-0272,V006,2026-08-29,2.19,Finishing,Processed,REF-0002271
PAY-02272,MPL-0273,V058,2026-10-26,0.28,Finishing,Processed,REF-0002272
PAY-02273,MPL-0273,V058,2026-11-13,3.28,Finishing,Processed,REF-0002273
PAY-02274,MPL-0273,V058,2026-10-11,4.57,Finishing,Processed,REF-0002274
PAY-02275,MPL-0273,V058,2026-09-29,2.8,Execution,Processed,REF-0002275
PAY-02276,MPL-0273,V058,2026-09-09,0.98,Finishing,Processed,REF-0002276
PAY-02277,MPL-0273,V058,2026-06-03,0.1,Final,Processed,REF-0002277
PAY-02278,MPL-0273,V058,2026-07-10,0.4,Foundation,Processed,REF-0002278
PAY-02279,MPL-0273,V058,2026-07-16,3.1,Foundation,Processed,REF-0002279
PAY-02280,MPL-0273,V058,2027-01-12,8.66,Foundation,Processed,REF-0002280
PAY-02281,MPL-0273,V058,2027-02-27,0.74,Final,Processed,REF-0002281
PAY-02282,MPL-0273,V058,2026-09-29,4.22,Finishing,Processed,REF-0002282
PAY-02283,MPL-0274,V064,2026-12-09,5.53,Execution,Processed,REF-0002283
PAY-02284,MPL-0274,V064,2026-09-18,2.02,Finishing,Processed,REF-0002284
PAY-02285,MPL-0274,V064,2026-08-12,3.04,Finishing,Processed,REF-0002285
PAY-02286,MPL-0274,V064,2026-07-26,4.64,Final,Processed,REF-0002286
PAY-02287,MPL-0274,V064,2027-04-30,0.83,Finishing,Processed,REF-0002287
PAY-02288,MPL-0274,V064,2026-11-01,0.97,Final,Processed,REF-0002288
PAY-02289,MPL-0274,V064,2026-12-29,0.0,Mobilization,Processed,REF-0002289
PAY-02290,MPL-0274,V064,2026-09-11,9.07,Foundation,Processed,REF-0002290
PAY-02291,MPL-0274,V064,2026-11-20,6.86,Final,Processed,REF-0002291
PAY-02292,MPL-0274,V064,2026-08-20,3.98,Finishing,Processed,REF-0002292
PAY-02293,MPL-0274,V064,2027-02-20,0.23,Finishing,Processed,REF-0002293
PAY-02294,MPL-0275,V080,2027-02-20,0.3,Mobilization,Processed,REF-0002294
PAY-02295,MPL-0275,V080,2026-10-22,0.05,Finishing,Processed,REF-0002295
PAY-02296,MPL-0275,V080,2027-04-25,0.01,Foundation,Processed,REF-0002296
PAY-02297,MPL-0275,V080,2026-11-25,0.48,Final,Processed,REF-0002297
PAY-02298,MPL-0275,V080,2026-09-26,1.61,Finishing,Processed,REF-0002298
PAY-02299,MPL-0275,V080,2027-04-29,1.16,Foundation,Processed,REF-0002299
PAY-02300,MPL-0275,V080,2026-09-24,0.59,Finishing,Processed,REF-0002300
PAY-02301,MPL-0276,V008,2027-02-11,0.29,Foundation,Processed,REF-0002301
PAY-02302,MPL-0276,V008,2026-08-22,0.92,Finishing,Processed,REF-0002302
PAY-02303,MPL-0276,V008,2026-11-25,1.1,Final,Processed,REF-0002303
PAY-02304,MPL-0276,V008,2027-04-26,4.12,Final,Processed,REF-0002304
PAY-02305,MPL-0276,V008,2027-05-04,4.63,Mobilization,Processed,REF-0002305
PAY-02306,MPL-0276,V008,2026-08-05,1.39,Mobilization,Processed,REF-0002306
PAY-02307,MPL-0276,V008,2026-07-30,1.55,Mobilization,Processed,REF-0002307
PAY-02308,MPL-0276,V008,2026-06-21,0.13,Mobilization,Processed,REF-0002308
PAY-02309,MPL-0276,V008,2026-12-03,0.98,Mobilization,Processed,REF-0002309
PAY-02310,MPL-0276,V008,2026-11-24,1.71,Execution,Processed,REF-0002310
PAY-02311,MPL-0277,V072,2026-07-13,1.94,Foundation,Processed,REF-0002311
PAY-02312,MPL-0277,V072,2026-10-01,9.42,Mobilization,Processed,REF-0002312
PAY-02313,MPL-0277,V072,2026-10-29,29.94,Final,Processed,REF-0002313
PAY-02314,MPL-0277,V072,2026-10-05,13.59,Final,Processed,REF-0002314
PAY-02315,MPL-0277,V072,2026-12-11,1.28,Finishing,Processed,REF-0002315
PAY-02316,MPL-0277,V072,2026-10-17,3.32,Foundation,Processed,REF-0002316
PAY-02317,MPL-0277,V072,2026-09-22,10.04,Execution,Processed,REF-0002317
PAY-02318,MPL-0277,V072,2026-06-17,7.0,Final,Processed,REF-0002318
PAY-02319,MPL-0278,V042,2026-07-02,0.75,Foundation,Processed,REF-0002319
PAY-02320,MPL-0278,V042,2026-11-14,1.28,Mobilization,Processed,REF-0002320
PAY-02321,MPL-0278,V042,2027-01-13,1.49,Final,Processed,REF-0002321
PAY-02322,MPL-0278,V042,2026-11-11,2.7,Foundation,Processed,REF-0002322
PAY-02323,MPL-0278,V042,2027-01-28,0.71,Final,Processed,REF-0002323
PAY-02324,MPL-0278,V042,2027-03-03,2.77,Finishing,Processed,REF-0002324
PAY-02325,MPL-0278,V042,2026-09-06,0.7,Foundation,Processed,REF-0002325
PAY-02326,MPL-0279,V018,2027-03-03,0.13,Foundation,Processed,REF-0002326
PAY-02327,MPL-0279,V018,2026-11-11,1.87,Mobilization,Processed,REF-0002327
PAY-02328,MPL-0279,V018,2026-04-18,2.06,Foundation,Processed,REF-0002328
PAY-02329,MPL-0279,V018,2026-10-10,6.32,Finishing,Processed,REF-0002329
PAY-02330,MPL-0279,V018,2026-10-09,3.0,Finishing,Processed,REF-0002330
PAY-02331,MPL-0279,V018,2026-06-24,5.79,Mobilization,Processed,REF-0002331
PAY-02332,MPL-0280,V034,2026-11-25,0.43,Final,Processed,REF-0002332
PAY-02333,MPL-0280,V034,2027-01-31,0.17,Foundation,Processed,REF-0002333
PAY-02334,MPL-0280,V034,2026-11-29,0.14,Mobilization,Processed,REF-0002334
PAY-02335,MPL-0280,V034,2026-12-21,0.15,Final,Processed,REF-0002335
PAY-02336,MPL-0280,V034,2026-10-07,0.69,Execution,Processed,REF-0002336
PAY-02337,MPL-0280,V034,2026-05-27,0.27,Execution,Processed,REF-0002337
PAY-02338,MPL-0280,V034,2026-05-19,0.02,Foundation,Processed,REF-0002338
PAY-02339,MPL-0280,V034,2026-06-22,0.27,Final,Processed,REF-0002339
PAY-02340,MPL-0280,V034,2026-09-14,0.03,Finishing,Processed,REF-0002340
PAY-02341,MPL-0280,V034,2026-06-29,0.11,Mobilization,Processed,REF-0002341
PAY-02342,MPL-0281,V039,2026-12-10,1.04,Execution,Processed,REF-0002342
PAY-02343,MPL-0281,V039,2026-06-18,5.15,Mobilization,Processed,REF-0002343
PAY-02344,MPL-0281,V039,2026-07-20,9.24,Final,Processed,REF-0002344
PAY-02345,MPL-0281,V039,2026-09-30,1.51,Mobilization,Processed,REF-0002345
PAY-02346,MPL-0281,V039,2026-12-04,0.38,Final,Processed,REF-0002346
PAY-02347,MPL-0281,V039,2026-08-21,1.56,Foundation,Processed,REF-0002347
PAY-02348,MPL-0281,V039,2026-07-25,4.92,Execution,Processed,REF-0002348
PAY-02349,MPL-0281,V039,2026-04-28,1.76,Final,Processed,REF-0002349
PAY-02350,MPL-0282,V068,2026-10-14,0.8,Mobilization,Processed,REF-0002350
PAY-02351,MPL-0282,V068,2026-09-28,0.5,Execution,Processed,REF-0002351
PAY-02352,MPL-0282,V068,2026-04-16,1.68,Mobilization,Processed,REF-0002352
PAY-02353,MPL-0282,V068,2026-12-19,0.79,Foundation,Processed,REF-0002353
PAY-02354,MPL-0282,V068,2026-06-26,3.21,Execution,Processed,REF-0002354
PAY-02355,MPL-0282,V068,2026-09-07,0.19,Finishing,Processed,REF-0002355
PAY-02356,MPL-0282,V068,2026-07-12,2.67,Mobilization,Processed,REF-0002356
PAY-02357,MPL-0282,V068,2026-06-09,0.66,Finishing,Processed,REF-0002357
PAY-02358,MPL-0282,V068,2026-12-24,1.64,Mobilization,Processed,REF-0002358
PAY-02359,MPL-0283,V017,2027-01-14,0.5,Mobilization,Processed,REF-0002359
PAY-02360,MPL-0283,V017,2026-06-12,1.88,Final,Processed,REF-0002360
PAY-02361,MPL-0283,V017,2026-04-12,4.27,Final,Processed,REF-0002361
PAY-02362,MPL-0283,V017,2026-04-16,3.66,Execution,Processed,REF-0002362
PAY-02363,MPL-0283,V017,2026-10-18,1.29,Foundation,Processed,REF-0002363
PAY-02364,MPL-0283,V017,2026-12-03,0.91,Finishing,Processed,REF-0002364
PAY-02365,MPL-0283,V017,2026-10-22,2.51,Mobilization,Processed,REF-0002365
PAY-02366,MPL-0283,V017,2026-08-23,1.69,Finishing,Processed,REF-0002366
PAY-02367,MPL-0283,V017,2026-09-25,0.3,Execution,Processed,REF-0002367
PAY-02368,MPL-0283,V017,2026-12-25,2.53,Finishing,Processed,REF-0002368
PAY-02369,MPL-0284,V068,2026-09-06,0.42,Foundation,Processed,REF-0002369
PAY-02370,MPL-0284,V068,2026-09-08,0.16,Execution,Processed,REF-0002370
PAY-02371,MPL-0284,V068,2026-12-22,0.25,Foundation,Processed,REF-0002371
PAY-02372,MPL-0284,V068,2026-11-20,0.23,Execution,Processed,REF-0002372
PAY-02373,MPL-0284,V068,2026-07-29,0.55,Mobilization,Processed,REF-0002373
PAY-02374,MPL-0284,V068,2026-10-31,0.2,Mobilization,Processed,REF-0002374
PAY-02375,MPL-0284,V068,2026-08-25,0.1,Final,Processed,REF-0002375
PAY-02376,MPL-0284,V068,2026-05-12,0.1,Mobilization,Processed,REF-0002376
PAY-02377,MPL-0284,V068,2026-05-19,0.65,Mobilization,Processed,REF-0002377
PAY-02378,MPL-0284,V068,2026-07-17,0.99,Mobilization,Processed,REF-0002378
PAY-02379,MPL-0284,V068,2026-06-13,0.29,Execution,Processed,REF-0002379
PAY-02380,MPL-0285,V079,2026-07-21,0.07,Final,Processed,REF-0002380
PAY-02381,MPL-0285,V079,2026-09-02,0.26,Mobilization,Processed,REF-0002381
PAY-02382,MPL-0285,V079,2026-06-11,4.77,Mobilization,Processed,REF-0002382
PAY-02383,MPL-0285,V079,2026-05-10,1.32,Execution,Processed,REF-0002383
PAY-02384,MPL-0285,V079,2027-03-16,1.17,Mobilization,Processed,REF-0002384
PAY-02385,MPL-0285,V079,2026-07-22,0.08,Final,Processed,REF-0002385
PAY-02386,MPL-0286,V015,2027-02-16,2.56,Execution,Processed,REF-0002386
PAY-02387,MPL-0286,V015,2027-03-05,1.47,Mobilization,Processed,REF-0002387
PAY-02388,MPL-0286,V015,2027-02-06,0.44,Mobilization,Processed,REF-0002388
PAY-02389,MPL-0286,V015,2026-04-27,0.23,Foundation,Processed,REF-0002389
PAY-02390,MPL-0286,V015,2026-07-10,0.95,Mobilization,Processed,REF-0002390
PAY-02391,MPL-0286,V015,2026-07-03,3.56,Mobilization,Processed,REF-0002391
PAY-02392,MPL-0286,V015,2026-05-15,3.93,Mobilization,Processed,REF-0002392
PAY-02393,MPL-0286,V015,2026-11-06,1.81,Foundation,Processed,REF-0002393
PAY-02394,MPL-0286,V015,2026-07-15,2.55,Mobilization,Processed,REF-0002394
PAY-02395,MPL-0286,V015,2026-05-09,0.24,Finishing,Processed,REF-0002395
PAY-02396,MPL-0286,V015,2026-09-10,1.74,Final,Processed,REF-0002396
PAY-02397,MPL-0286,V015,2026-07-06,2.16,Finishing,Processed,REF-0002397
PAY-02398,MPL-0287,V022,2026-10-06,10.0,Final,Processed,REF-0002398
PAY-02399,MPL-0287,V022,2026-10-07,10.0,Finishing,Processed,REF-0002399
PAY-02400,MPL-0287,V022,2026-06-22,0.66,Final,Processed,REF-0002400
PAY-02401,MPL-0287,V022,2026-02-26,1.15,Finishing,Processed,REF-0002401
PAY-02402,MPL-0287,V022,2026-04-30,2.96,Final,Processed,REF-0002402
PAY-02403,MPL-0287,V022,2026-01-29,3.11,Mobilization,Processed,REF-0002403
PAY-02404,MPL-0287,V022,2026-04-26,3.67,Foundation,Processed,REF-0002404
PAY-02405,MPL-0287,V022,2026-06-09,0.36,Foundation,Processed,REF-0002405
PAY-02406,MPL-0288,V041,2026-07-17,6.64,Mobilization,Processed,REF-0002406
PAY-02407,MPL-0288,V041,2026-08-19,2.67,Foundation,Processed,REF-0002407
PAY-02408,MPL-0288,V041,2026-10-26,2.24,Foundation,Processed,REF-0002408
PAY-02409,MPL-0288,V041,2026-08-06,13.92,Finishing,Processed,REF-0002409
PAY-02410,MPL-0288,V041,2027-04-05,4.73,Final,Processed,REF-0002410
PAY-02411,MPL-0288,V041,2026-10-13,0.44,Final,Processed,REF-0002411
PAY-02412,MPL-0288,V041,2026-12-12,4.96,Final,Processed,REF-0002412
PAY-02413,MPL-0288,V041,2027-04-07,0.35,Execution,Processed,REF-0002413
PAY-02414,MPL-0289,V036,2026-09-01,0.06,Execution,Processed,REF-0002414
PAY-02415,MPL-0289,V036,2026-07-21,1.09,Foundation,Processed,REF-0002415
PAY-02416,MPL-0289,V036,2026-10-24,10.66,Mobilization,Processed,REF-0002416
PAY-02417,MPL-0289,V036,2026-12-27,0.41,Execution,Processed,REF-0002417
PAY-02418,MPL-0289,V036,2026-06-19,2.36,Foundation,Processed,REF-0002418
PAY-02419,MPL-0289,V036,2026-02-28,0.4,Mobilization,Processed,REF-0002419
PAY-02420,MPL-0289,V036,2026-02-27,2.72,Finishing,Processed,REF-0002420
PAY-02421,MPL-0289,V036,2026-07-21,1.49,Mobilization,Processed,REF-0002421
PAY-02422,MPL-0290,V031,2026-07-16,0.84,Finishing,Processed,REF-0002422
PAY-02423,MPL-0290,V031,2026-06-12,0.17,Mobilization,Processed,REF-0002423
PAY-02424,MPL-0290,V031,2026-11-16,1.01,Final,Processed,REF-0002424
PAY-02425,MPL-0290,V031,2026-12-08,3.99,Final,Processed,REF-0002425
PAY-02426,MPL-0290,V031,2026-07-09,0.8,Final,Processed,REF-0002426
PAY-02427,MPL-0290,V031,2026-10-18,0.5,Execution,Processed,REF-0002427
PAY-02428,MPL-0290,V031,2027-01-22,1.88,Execution,Processed,REF-0002428
PAY-02429,MPL-0290,V031,2027-02-06,0.01,Execution,Processed,REF-0002429
PAY-02430,MPL-0290,V031,2027-02-16,0.96,Execution,Processed,REF-0002430
PAY-02431,MPL-0290,V031,2027-02-11,1.61,Execution,Processed,REF-0002431
PAY-02432,MPL-0290,V031,2027-03-12,0.05,Foundation,Processed,REF-0002432
PAY-02433,MPL-0291,V073,2026-12-17,1.17,Foundation,Processed,REF-0002433
PAY-02434,MPL-0291,V073,2026-03-13,0.45,Execution,Processed,REF-0002434
PAY-02435,MPL-0291,V073,2026-09-17,1.64,Finishing,Processed,REF-0002435
PAY-02436,MPL-0291,V073,2026-10-14,2.05,Execution,Processed,REF-0002436
PAY-02437,MPL-0291,V073,2026-09-14,0.7,Finishing,Processed,REF-0002437
PAY-02438,MPL-0291,V073,2026-10-15,1.21,Finishing,Processed,REF-0002438
PAY-02439,MPL-0291,V073,2026-05-09,0.64,Foundation,Processed,REF-0002439
PAY-02440,MPL-0291,V073,2026-09-05,0.9,Finishing,Processed,REF-0002440
PAY-02441,MPL-0292,V025,2026-04-19,0.1,Execution,Processed,REF-0002441
PAY-02442,MPL-0292,V025,2026-08-21,1.21,Foundation,Processed,REF-0002442
PAY-02443,MPL-0292,V025,2026-08-30,0.01,Execution,Processed,REF-0002443
PAY-02444,MPL-0292,V025,2026-02-14,1.19,Finishing,Processed,REF-0002444
PAY-02445,MPL-0292,V025,2027-01-11,0.47,Foundation,Processed,REF-0002445
PAY-02446,MPL-0293,V061,2026-12-15,0.81,Foundation,Processed,REF-0002446
PAY-02447,MPL-0293,V061,2026-06-06,2.57,Mobilization,Processed,REF-0002447
PAY-02448,MPL-0293,V061,2026-02-23,1.42,Finishing,Processed,REF-0002448
PAY-02449,MPL-0293,V061,2026-10-14,1.38,Foundation,Processed,REF-0002449
PAY-02450,MPL-0293,V061,2026-07-03,0.23,Execution,Processed,REF-0002450
PAY-02451,MPL-0293,V061,2026-05-27,0.99,Mobilization,Processed,REF-0002451
PAY-02452,MPL-0293,V061,2026-10-27,0.55,Finishing,Processed,REF-0002452
PAY-02453,MPL-0294,V032,2026-10-02,0.36,Final,Processed,REF-0002453
PAY-02454,MPL-0294,V032,2026-09-19,10.1,Foundation,Processed,REF-0002454
PAY-02455,MPL-0294,V032,2026-08-05,2.13,Finishing,Processed,REF-0002455
PAY-02456,MPL-0294,V032,2027-03-06,6.72,Finishing,Processed,REF-0002456
PAY-02457,MPL-0294,V032,2026-12-07,2.2,Finishing,Processed,REF-0002457
PAY-02458,MPL-0294,V032,2026-07-20,2.41,Finishing,Processed,REF-0002458
PAY-02459,MPL-0294,V032,2027-04-05,5.02,Mobilization,Processed,REF-0002459
PAY-02460,MPL-0295,V051,2026-03-16,8.11,Mobilization,Processed,REF-0002460
PAY-02461,MPL-0295,V051,2026-07-05,0.0,Finishing,Processed,REF-0002461
PAY-02462,MPL-0295,V051,2026-11-28,0.94,Execution,Processed,REF-0002462
PAY-02463,MPL-0295,V051,2026-04-03,0.14,Foundation,Processed,REF-0002463
PAY-02464,MPL-0295,V051,2026-10-13,2.33,Finishing,Processed,REF-0002464
PAY-02465,MPL-0295,V051,2026-05-11,0.09,Finishing,Processed,REF-0002465
PAY-02466,MPL-0295,V051,2026-09-29,2.86,Mobilization,Processed,REF-0002466
PAY-02467,MPL-0295,V051,2026-06-27,0.87,Foundation,Processed,REF-0002467
PAY-02468,MPL-0295,V051,2026-07-13,0.0,Execution,Processed,REF-0002468
PAY-02469,MPL-0295,V051,2026-12-03,2.07,Finishing,Processed,REF-0002469
PAY-02470,MPL-0296,V058,2026-12-06,2.68,Foundation,Processed,REF-0002470
PAY-02471,MPL-0296,V058,2026-11-01,1.11,Execution,Processed,REF-0002471
PAY-02472,MPL-0296,V058,2026-07-27,5.29,Execution,Processed,REF-0002472
PAY-02473,MPL-0296,V058,2026-04-09,9.49,Execution,Processed,REF-0002473
PAY-02474,MPL-0296,V058,2026-11-19,2.4,Finishing,Processed,REF-0002474
PAY-02475,MPL-0296,V058,2026-03-07,1.38,Mobilization,Processed,REF-0002475
PAY-02476,MPL-0297,V042,2027-01-12,10.0,Finishing,Processed,REF-0002476
PAY-02477,MPL-0297,V042,2027-01-13,10.0,Foundation,Processed,REF-0002477
PAY-02478,MPL-0297,V042,2026-12-21,4.01,Foundation,Processed,REF-0002478
PAY-02479,MPL-0297,V042,2026-12-14,2.15,Finishing,Processed,REF-0002479
PAY-02480,MPL-0297,V042,2026-11-27,0.51,Final,Processed,REF-0002480
PAY-02481,MPL-0297,V042,2026-12-28,4.9,Final,Processed,REF-0002481
PAY-02482,MPL-0297,V042,2026-12-23,0.2,Foundation,Processed,REF-0002482
PAY-02483,MPL-0297,V042,2026-09-10,0.57,Execution,Processed,REF-0002483
PAY-02484,MPL-0297,V042,2027-05-26,1.34,Final,Processed,REF-0002484
PAY-02485,MPL-0297,V042,2026-11-01,1.52,Final,Processed,REF-0002485
PAY-02486,MPL-0297,V042,2027-05-15,0.03,Foundation,Processed,REF-0002486
PAY-02487,MPL-0297,V042,2026-11-11,2.77,Finishing,Processed,REF-0002487
PAY-02488,MPL-0298,V049,2026-01-31,2.76,Execution,Processed,REF-0002488
PAY-02489,MPL-0298,V049,2026-10-10,3.21,Mobilization,Processed,REF-0002489
PAY-02490,MPL-0298,V049,2026-08-06,10.19,Foundation,Processed,REF-0002490
PAY-02491,MPL-0298,V049,2026-12-07,2.93,Execution,Processed,REF-0002491
PAY-02492,MPL-0298,V049,2026-03-04,0.3,Final,Processed,REF-0002492
PAY-02493,MPL-0298,V049,2026-09-30,1.19,Finishing,Processed,REF-0002493
PAY-02494,MPL-0298,V049,2026-11-26,19.19,Execution,Processed,REF-0002494
PAY-02495,MPL-0298,V049,2026-02-25,0.45,Finishing,Processed,REF-0002495
PAY-02496,MPL-0298,V049,2026-08-09,2.7,Foundation,Processed,REF-0002496
PAY-02497,MPL-0298,V049,2026-06-12,4.3,Foundation,Processed,REF-0002497
PAY-02498,MPL-0298,V049,2026-07-27,4.18,Mobilization,Processed,REF-0002498
PAY-02499,MPL-0298,V049,2026-09-21,0.02,Foundation,Processed,REF-0002499
PAY-02500,MPL-0299,V017,2027-01-21,3.56,Mobilization,Processed,REF-0002500
PAY-02501,MPL-0299,V017,2026-08-17,2.48,Execution,Processed,REF-0002501
PAY-02502,MPL-0299,V017,2027-01-14,18.33,Finishing,Processed,REF-0002502
PAY-02503,MPL-0299,V017,2026-12-15,0.89,Foundation,Processed,REF-0002503
PAY-02504,MPL-0299,V017,2026-07-20,2.24,Execution,Processed,REF-0002504
PAY-02505,MPL-0299,V017,2026-11-06,2.79,Execution,Processed,REF-0002505
PAY-02506,MPL-0299,V017,2027-01-06,2.54,Final,Processed,REF-0002506
PAY-02507,MPL-0299,V017,2026-06-13,5.61,Foundation,Processed,REF-0002507
PAY-02508,MPL-0300,V072,2026-08-03,0.4,Mobilization,Processed,REF-0002508
PAY-02509,MPL-0300,V072,2026-06-12,0.41,Final,Processed,REF-0002509
PAY-02510,MPL-0300,V072,2026-11-18,2.14,Execution,Processed,REF-0002510
PAY-02511,MPL-0300,V072,2026-07-10,1.14,Finishing,Processed,REF-0002511
PAY-02512,MPL-0300,V072,2026-10-07,0.88,Mobilization,Processed,REF-0002512
PAY-02513,MPL-0300,V072,2026-08-04,0.3,Execution,Processed,REF-0002513
PAY-02514,MPL-0301,V077,2026-08-18,0.3,Execution,Processed,REF-0002514
PAY-02515,MPL-0301,V077,2026-06-18,0.02,Mobilization,Processed,REF-0002515
PAY-02516,MPL-0301,V077,2027-05-05,0.14,Finishing,Processed,REF-0002516
PAY-02517,MPL-0301,V077,2026-07-16,1.17,Execution,Processed,REF-0002517
PAY-02518,MPL-0301,V077,2027-01-30,3.19,Foundation,Processed,REF-0002518
PAY-02519,MPL-0301,V077,2027-01-20,0.48,Finishing,Processed,REF-0002519
PAY-02520,MPL-0301,V077,2027-03-17,0.57,Foundation,Processed,REF-0002520
PAY-02521,MPL-0301,V077,2027-04-06,0.18,Finishing,Processed,REF-0002521
PAY-02522,MPL-0302,V053,2026-07-19,1.25,Execution,Processed,REF-0002522
PAY-02523,MPL-0302,V053,2027-01-13,0.1,Execution,Processed,REF-0002523
PAY-02524,MPL-0302,V053,2026-09-03,6.34,Final,Processed,REF-0002524
PAY-02525,MPL-0302,V053,2027-01-12,2.84,Execution,Processed,REF-0002525
PAY-02526,MPL-0302,V053,2026-08-16,11.89,Final,Processed,REF-0002526
PAY-02527,MPL-0302,V053,2026-07-29,5.44,Execution,Processed,REF-0002527
PAY-02528,MPL-0302,V053,2026-06-02,1.63,Mobilization,Processed,REF-0002528
PAY-02529,MPL-0302,V053,2026-06-20,1.86,Execution,Processed,REF-0002529
PAY-02530,MPL-0302,V053,2027-03-03,0.54,Finishing,Processed,REF-0002530
PAY-02531,MPL-0302,V053,2026-11-29,1.57,Foundation,Processed,REF-0002531
PAY-02532,MPL-0303,V017,2026-12-26,0.53,Final,Processed,REF-0002532
PAY-02533,MPL-0303,V017,2026-06-30,0.01,Finishing,Processed,REF-0002533
PAY-02534,MPL-0303,V017,2027-05-13,0.45,Execution,Processed,REF-0002534
PAY-02535,MPL-0303,V017,2027-01-05,0.09,Foundation,Processed,REF-0002535
PAY-02536,MPL-0303,V017,2026-12-01,0.52,Final,Processed,REF-0002536
PAY-02537,MPL-0303,V017,2026-07-04,0.64,Execution,Processed,REF-0002537
PAY-02538,MPL-0303,V017,2026-11-29,0.25,Final,Processed,REF-0002538
PAY-02539,MPL-0303,V017,2027-04-04,0.25,Mobilization,Processed,REF-0002539
PAY-02540,MPL-0303,V017,2027-03-05,0.14,Mobilization,Processed,REF-0002540
PAY-02541,MPL-0303,V017,2026-08-23,0.41,Finishing,Processed,REF-0002541
PAY-02542,MPL-0304,V006,2026-05-10,6.68,Foundation,Processed,REF-0002542
PAY-02543,MPL-0304,V006,2026-06-22,3.06,Mobilization,Processed,REF-0002543
PAY-02544,MPL-0304,V006,2026-12-29,1.99,Foundation,Processed,REF-0002544
PAY-02545,MPL-0304,V006,2026-08-04,1.91,Mobilization,Processed,REF-0002545
PAY-02546,MPL-0304,V006,2026-10-07,3.88,Execution,Processed,REF-0002546
PAY-02547,MPL-0304,V006,2026-09-26,1.6,Mobilization,Processed,REF-0002547
PAY-02548,MPL-0305,V073,2026-12-09,8.3,Mobilization,Processed,REF-0002548
PAY-02549,MPL-0305,V073,2027-02-24,3.63,Finishing,Processed,REF-0002549
PAY-02550,MPL-0305,V073,2027-03-23,0.33,Mobilization,Processed,REF-0002550
PAY-02551,MPL-0305,V073,2027-03-12,2.47,Finishing,Processed,REF-0002551
PAY-02552,MPL-0305,V073,2027-05-11,3.0,Finishing,Processed,REF-0002552
PAY-02553,MPL-0305,V073,2026-09-04,0.78,Final,Processed,REF-0002553
PAY-02554,MPL-0305,V073,2026-08-01,0.55,Foundation,Processed,REF-0002554
PAY-02555,MPL-0305,V073,2027-02-01,3.91,Foundation,Processed,REF-0002555
PAY-02556,MPL-0305,V073,2026-08-15,0.45,Execution,Processed,REF-0002556
PAY-02557,MPL-0305,V073,2026-10-11,1.84,Foundation,Processed,REF-0002557
PAY-02558,MPL-0305,V073,2026-07-15,6.96,Final,Processed,REF-0002558
PAY-02559,MPL-0306,V053,2026-02-20,10.0,Foundation,Processed,REF-0002559
PAY-02560,MPL-0306,V053,2026-02-21,10.0,Mobilization,Processed,REF-0002560
PAY-02561,MPL-0306,V053,2026-02-15,4.73,Foundation,Processed,REF-0002561
PAY-02562,MPL-0306,V053,2026-05-24,1.15,Foundation,Processed,REF-0002562
PAY-02563,MPL-0306,V053,2026-04-05,0.33,Final,Processed,REF-0002563
PAY-02564,MPL-0307,V078,2026-10-02,6.98,Finishing,Processed,REF-0002564
PAY-02565,MPL-0307,V078,2027-03-10,7.58,Finishing,Processed,REF-0002565
PAY-02566,MPL-0307,V078,2026-04-29,2.91,Final,Processed,REF-0002566
PAY-02567,MPL-0307,V078,2026-09-15,0.11,Finishing,Processed,REF-0002567
PAY-02568,MPL-0307,V078,2026-05-02,7.6,Finishing,Processed,REF-0002568
PAY-02569,MPL-0307,V078,2027-01-26,0.14,Mobilization,Processed,REF-0002569
PAY-02570,MPL-0307,V078,2026-05-10,6.24,Foundation,Processed,REF-0002570
PAY-02571,MPL-0307,V078,2027-02-15,1.12,Mobilization,Processed,REF-0002571
PAY-02572,MPL-0307,V078,2026-08-04,5.22,Foundation,Processed,REF-0002572
PAY-02573,MPL-0307,V078,2027-02-12,4.39,Finishing,Processed,REF-0002573
PAY-02574,MPL-0308,V005,2026-08-28,0.03,Mobilization,Processed,REF-0002574
PAY-02575,MPL-0308,V005,2026-12-25,1.07,Execution,Processed,REF-0002575
PAY-02576,MPL-0308,V005,2026-11-18,2.17,Foundation,Processed,REF-0002576
PAY-02577,MPL-0308,V005,2026-09-22,4.47,Foundation,Processed,REF-0002577
PAY-02578,MPL-0308,V005,2026-05-19,5.19,Final,Processed,REF-0002578
PAY-02579,MPL-0309,V005,2027-03-25,7.91,Final,Processed,REF-0002579
PAY-02580,MPL-0309,V005,2026-09-29,15.59,Execution,Processed,REF-0002580
PAY-02581,MPL-0309,V005,2027-02-16,4.55,Execution,Processed,REF-0002581
PAY-02582,MPL-0309,V005,2027-01-24,5.01,Finishing,Processed,REF-0002582
PAY-02583,MPL-0309,V005,2026-07-28,2.59,Foundation,Processed,REF-0002583
PAY-02584,MPL-0310,V040,2026-12-11,4.9,Foundation,Processed,REF-0002584
PAY-02585,MPL-0310,V040,2026-12-07,2.24,Execution,Processed,REF-0002585
PAY-02586,MPL-0310,V040,2027-01-10,0.52,Mobilization,Processed,REF-0002586
PAY-02587,MPL-0310,V040,2027-05-22,6.86,Execution,Processed,REF-0002587
PAY-02588,MPL-0310,V040,2027-02-09,7.31,Mobilization,Processed,REF-0002588
PAY-02589,MPL-0310,V040,2027-02-06,2.65,Final,Processed,REF-0002589
PAY-02590,MPL-0310,V040,2027-05-22,0.47,Final,Processed,REF-0002590
PAY-02591,MPL-0310,V040,2027-01-16,3.3,Foundation,Processed,REF-0002591
PAY-02592,MPL-0310,V040,2026-09-25,3.47,Mobilization,Processed,REF-0002592
PAY-02593,MPL-0311,V019,2027-01-24,9.3,Mobilization,Processed,REF-0002593
PAY-02594,MPL-0311,V019,2026-10-23,3.19,Foundation,Processed,REF-0002594
PAY-02595,MPL-0311,V019,2027-04-27,9.66,Execution,Processed,REF-0002595
PAY-02596,MPL-0311,V019,2026-10-27,17.27,Final,Processed,REF-0002596
PAY-02597,MPL-0311,V019,2026-12-12,2.28,Execution,Processed,REF-0002597
PAY-02598,MPL-0312,V058,2026-07-14,5.26,Foundation,Processed,REF-0002598
PAY-02599,MPL-0312,V058,2027-04-03,0.67,Execution,Processed,REF-0002599
PAY-02600,MPL-0312,V058,2026-10-06,0.42,Final,Processed,REF-0002600
PAY-02601,MPL-0312,V058,2026-06-29,0.75,Execution,Processed,REF-0002601
PAY-02602,MPL-0312,V058,2026-06-23,0.14,Foundation,Processed,REF-0002602
PAY-02603,MPL-0312,V058,2026-09-17,0.18,Execution,Processed,REF-0002603
PAY-02604,MPL-0312,V058,2026-09-30,0.73,Finishing,Processed,REF-0002604
PAY-02605,MPL-0312,V058,2027-01-01,1.96,Execution,Processed,REF-0002605
PAY-02606,MPL-0312,V058,2027-02-06,3.14,Finishing,Processed,REF-0002606
PAY-02607,MPL-0312,V058,2027-04-21,1.49,Foundation,Processed,REF-0002607
PAY-02608,MPL-0312,V058,2027-02-23,0.15,Finishing,Processed,REF-0002608
PAY-02609,MPL-0312,V058,2027-03-31,1.52,Final,Processed,REF-0002609
PAY-02610,MPL-0313,V060,2026-09-15,1.99,Mobilization,Processed,REF-0002610
PAY-02611,MPL-0313,V060,2027-03-22,3.24,Mobilization,Processed,REF-0002611
PAY-02612,MPL-0313,V060,2026-05-11,3.45,Mobilization,Processed,REF-0002612
PAY-02613,MPL-0313,V060,2027-03-24,4.01,Mobilization,Processed,REF-0002613
PAY-02614,MPL-0313,V060,2026-05-16,1.06,Execution,Processed,REF-0002614
PAY-02615,MPL-0313,V060,2026-05-11,2.37,Execution,Processed,REF-0002615
PAY-02616,MPL-0313,V060,2026-12-24,0.62,Finishing,Processed,REF-0002616
PAY-02617,MPL-0313,V060,2027-02-25,14.46,Foundation,Processed,REF-0002617
PAY-02618,MPL-0313,V060,2026-06-29,0.38,Mobilization,Processed,REF-0002618
PAY-02619,MPL-0314,V022,2026-07-12,0.03,Foundation,Processed,REF-0002619
PAY-02620,MPL-0314,V022,2026-10-26,0.48,Execution,Processed,REF-0002620
PAY-02621,MPL-0314,V022,2026-05-01,4.41,Execution,Processed,REF-0002621
PAY-02622,MPL-0314,V022,2026-10-23,1.75,Mobilization,Processed,REF-0002622
PAY-02623,MPL-0314,V022,2026-08-23,1.75,Mobilization,Processed,REF-0002623
PAY-02624,MPL-0314,V022,2026-05-24,9.15,Execution,Processed,REF-0002624
PAY-02625,MPL-0314,V022,2026-06-04,7.44,Execution,Processed,REF-0002625
PAY-02626,MPL-0314,V022,2026-11-12,1.1,Foundation,Processed,REF-0002626
PAY-02627,MPL-0314,V022,2026-05-24,0.69,Mobilization,Processed,REF-0002627
PAY-02628,MPL-0314,V022,2026-11-22,5.57,Foundation,Processed,REF-0002628
PAY-02629,MPL-0315,V062,2026-06-15,6.17,Mobilization,Processed,REF-0002629
PAY-02630,MPL-0315,V062,2026-08-17,2.04,Finishing,Processed,REF-0002630
PAY-02631,MPL-0315,V062,2027-02-09,2.59,Final,Processed,REF-0002631
PAY-02632,MPL-0315,V062,2026-09-05,0.78,Execution,Processed,REF-0002632
PAY-02633,MPL-0315,V062,2026-04-30,4.21,Final,Processed,REF-0002633
PAY-02634,MPL-0316,V077,2026-06-10,4.51,Foundation,Processed,REF-0002634
PAY-02635,MPL-0316,V077,2026-08-27,3.16,Mobilization,Processed,REF-0002635
PAY-02636,MPL-0316,V077,2026-11-28,0.28,Finishing,Processed,REF-0002636
PAY-02637,MPL-0316,V077,2026-05-24,11.16,Mobilization,Processed,REF-0002637
PAY-02638,MPL-0316,V077,2027-01-18,4.31,Finishing,Processed,REF-0002638
PAY-02639,MPL-0316,V077,2027-01-02,0.96,Finishing,Processed,REF-0002639
PAY-02640,MPL-0316,V077,2026-08-06,4.2,Mobilization,Processed,REF-0002640
PAY-02641,MPL-0316,V077,2027-02-28,5.1,Mobilization,Processed,REF-0002641
PAY-02642,MPL-0316,V077,2027-04-10,3.36,Mobilization,Processed,REF-0002642
PAY-02643,MPL-0316,V077,2026-09-29,5.71,Execution,Processed,REF-0002643
PAY-02644,MPL-0316,V077,2027-01-09,3.92,Foundation,Processed,REF-0002644
PAY-02645,MPL-0316,V077,2026-09-22,13.3,Mobilization,Processed,REF-0002645
PAY-02646,MPL-0317,V001,2026-05-24,0.03,Foundation,Processed,REF-0002646
PAY-02647,MPL-0317,V001,2026-10-04,0.06,Mobilization,Processed,REF-0002647
PAY-02648,MPL-0317,V001,2027-01-15,0.11,Mobilization,Processed,REF-0002648
PAY-02649,MPL-0317,V001,2026-12-02,0.65,Finishing,Processed,REF-0002649
PAY-02650,MPL-0317,V001,2026-11-30,0.58,Finishing,Processed,REF-0002650
PAY-02651,MPL-0317,V001,2026-06-15,1.24,Mobilization,Processed,REF-0002651
PAY-02652,MPL-0317,V001,2026-07-13,0.74,Execution,Processed,REF-0002652
PAY-02653,MPL-0317,V001,2026-04-03,0.4,Final,Processed,REF-0002653
PAY-02654,MPL-0317,V001,2026-08-24,2.68,Finishing,Processed,REF-0002654
PAY-02655,MPL-0318,V079,2027-02-23,1.58,Foundation,Processed,REF-0002655
PAY-02656,MPL-0318,V079,2026-11-28,9.14,Execution,Processed,REF-0002656
PAY-02657,MPL-0318,V079,2027-02-27,2.84,Final,Processed,REF-0002657
PAY-02658,MPL-0318,V079,2026-08-03,5.34,Execution,Processed,REF-0002658
PAY-02659,MPL-0318,V079,2027-04-13,6.63,Execution,Processed,REF-0002659
PAY-02660,MPL-0318,V079,2026-12-15,5.13,Foundation,Processed,REF-0002660
PAY-02661,MPL-0318,V079,2027-03-14,0.77,Finishing,Processed,REF-0002661
PAY-02662,MPL-0318,V079,2026-11-27,2.99,Finishing,Processed,REF-0002662
PAY-02663,MPL-0318,V079,2026-11-14,4.21,Execution,Processed,REF-0002663
PAY-02664,MPL-0318,V079,2026-08-04,9.65,Finishing,Processed,REF-0002664
PAY-02665,MPL-0318,V079,2027-02-22,2.99,Finishing,Processed,REF-0002665
PAY-02666,MPL-0318,V079,2026-11-21,12.81,Finishing,Processed,REF-0002666
PAY-02667,MPL-0319,V049,2027-03-06,1.08,Execution,Processed,REF-0002667
PAY-02668,MPL-0319,V049,2026-07-11,1.48,Execution,Processed,REF-0002668
PAY-02669,MPL-0319,V049,2026-11-01,2.97,Finishing,Processed,REF-0002669
PAY-02670,MPL-0319,V049,2026-12-18,1.63,Final,Processed,REF-0002670
PAY-02671,MPL-0319,V049,2026-07-25,6.01,Mobilization,Processed,REF-0002671
PAY-02672,MPL-0319,V049,2026-10-24,2.01,Final,Processed,REF-0002672
PAY-02673,MPL-0320,V063,2027-04-30,10.92,Execution,Processed,REF-0002673
PAY-02674,MPL-0320,V063,2027-03-31,0.35,Foundation,Processed,REF-0002674
PAY-02675,MPL-0320,V063,2027-04-17,7.88,Foundation,Processed,REF-0002675
PAY-02676,MPL-0320,V063,2026-10-11,5.25,Finishing,Processed,REF-0002676
PAY-02677,MPL-0320,V063,2026-08-08,20.36,Finishing,Processed,REF-0002677
PAY-02678,MPL-0320,V063,2026-08-24,3.45,Final,Processed,REF-0002678
PAY-02679,MPL-0320,V063,2027-04-02,3.39,Mobilization,Processed,REF-0002679
PAY-02680,MPL-0321,V055,2027-04-04,0.87,Mobilization,Processed,REF-0002680
PAY-02681,MPL-0321,V055,2026-10-22,0.55,Final,Processed,REF-0002681
PAY-02682,MPL-0321,V055,2027-05-20,1.53,Foundation,Processed,REF-0002682
PAY-02683,MPL-0321,V055,2026-10-08,8.94,Execution,Processed,REF-0002683
PAY-02684,MPL-0321,V055,2027-02-19,6.14,Mobilization,Processed,REF-0002684
PAY-02685,MPL-0321,V055,2026-11-27,5.47,Execution,Processed,REF-0002685
PAY-02686,MPL-0322,V068,2026-12-15,4.27,Finishing,Processed,REF-0002686
PAY-02687,MPL-0322,V068,2026-07-13,0.84,Final,Processed,REF-0002687
PAY-02688,MPL-0322,V068,2026-09-18,5.84,Finishing,Processed,REF-0002688
PAY-02689,MPL-0322,V068,2026-05-16,0.4,Foundation,Processed,REF-0002689
PAY-02690,MPL-0322,V068,2027-02-13,1.1,Finishing,Processed,REF-0002690
PAY-02691,MPL-0322,V068,2026-06-10,2.36,Foundation,Processed,REF-0002691
PAY-02692,MPL-0322,V068,2026-03-23,0.29,Final,Processed,REF-0002692
PAY-02693,MPL-0322,V068,2026-05-17,3.5,Finishing,Processed,REF-0002693
PAY-02694,MPL-0322,V068,2026-06-04,1.31,Mobilization,Processed,REF-0002694
PAY-02695,MPL-0322,V068,2026-08-26,4.1,Foundation,Processed,REF-0002695
PAY-02696,MPL-0322,V068,2026-10-16,1.82,Execution,Processed,REF-0002696
PAY-02697,MPL-0323,V061,2027-03-10,0.41,Mobilization,Processed,REF-0002697
PAY-02698,MPL-0323,V061,2026-09-11,2.74,Mobilization,Processed,REF-0002698
PAY-02699,MPL-0323,V061,2026-06-14,0.6,Mobilization,Processed,REF-0002699
PAY-02700,MPL-0323,V061,2026-11-04,1.4,Mobilization,Processed,REF-0002700
PAY-02701,MPL-0323,V061,2026-09-20,0.16,Foundation,Processed,REF-0002701
PAY-02702,MPL-0323,V061,2026-07-12,1.99,Mobilization,Processed,REF-0002702
PAY-02703,MPL-0323,V061,2026-10-13,2.27,Finishing,Processed,REF-0002703
PAY-02704,MPL-0323,V061,2026-08-05,0.98,Finishing,Processed,REF-0002704
PAY-02705,MPL-0324,V037,2027-04-18,1.58,Finishing,Processed,REF-0002705
PAY-02706,MPL-0324,V037,2026-05-20,1.06,Final,Processed,REF-0002706
PAY-02707,MPL-0324,V037,2026-10-15,0.63,Execution,Processed,REF-0002707
PAY-02708,MPL-0324,V037,2026-11-29,0.64,Execution,Processed,REF-0002708
PAY-02709,MPL-0324,V037,2026-08-29,0.15,Execution,Processed,REF-0002709
PAY-02710,MPL-0324,V037,2026-12-20,0.55,Final,Processed,REF-0002710
PAY-02711,MPL-0324,V037,2027-03-12,0.11,Finishing,Processed,REF-0002711
PAY-02712,MPL-0324,V037,2027-04-05,0.08,Final,Processed,REF-0002712
PAY-02713,MPL-0324,V037,2027-03-14,3.86,Mobilization,Processed,REF-0002713
PAY-02714,MPL-0324,V037,2027-01-21,0.5,Mobilization,Processed,REF-0002714
PAY-02715,MPL-0325,V068,2026-07-01,4.96,Execution,Processed,REF-0002715
PAY-02716,MPL-0325,V068,2026-02-03,2.99,Execution,Processed,REF-0002716
PAY-02717,MPL-0325,V068,2026-09-18,8.15,Finishing,Processed,REF-0002717
PAY-02718,MPL-0325,V068,2026-10-21,0.45,Mobilization,Processed,REF-0002718
PAY-02719,MPL-0325,V068,2026-08-23,0.88,Final,Processed,REF-0002719
PAY-02720,MPL-0325,V068,2026-12-02,0.29,Execution,Processed,REF-0002720
PAY-02721,MPL-0325,V068,2026-09-27,6.08,Mobilization,Processed,REF-0002721
PAY-02722,MPL-0325,V068,2026-08-01,8.08,Mobilization,Processed,REF-0002722
PAY-02723,MPL-0325,V068,2026-09-25,0.57,Mobilization,Processed,REF-0002723
PAY-02724,MPL-0325,V068,2026-09-19,11.24,Execution,Processed,REF-0002724
PAY-02725,MPL-0325,V068,2026-10-24,2.3,Mobilization,Processed,REF-0002725
PAY-02726,MPL-0325,V068,2026-03-02,10.17,Foundation,Processed,REF-0002726
PAY-02727,MPL-0326,V034,2026-09-29,4.14,Finishing,Processed,REF-0002727
PAY-02728,MPL-0326,V034,2026-07-31,1.21,Foundation,Processed,REF-0002728
PAY-02729,MPL-0326,V034,2026-12-15,2.21,Finishing,Processed,REF-0002729
PAY-02730,MPL-0326,V034,2026-02-26,3.05,Execution,Processed,REF-0002730
PAY-02731,MPL-0326,V034,2026-07-17,0.69,Final,Processed,REF-0002731
PAY-02732,MPL-0326,V034,2026-09-28,1.25,Foundation,Processed,REF-0002732
PAY-02733,MPL-0327,V041,2026-07-13,7.59,Mobilization,Processed,REF-0002733
PAY-02734,MPL-0327,V041,2026-07-30,1.75,Final,Processed,REF-0002734
PAY-02735,MPL-0327,V041,2026-06-09,1.2,Final,Processed,REF-0002735
PAY-02736,MPL-0327,V041,2027-01-08,11.63,Mobilization,Processed,REF-0002736
PAY-02737,MPL-0327,V041,2027-02-07,5.14,Foundation,Processed,REF-0002737
PAY-02738,MPL-0327,V041,2027-01-18,0.98,Execution,Processed,REF-0002738
PAY-02739,MPL-0327,V041,2027-03-11,2.37,Finishing,Processed,REF-0002739
PAY-02740,MPL-0327,V041,2027-02-24,6.32,Mobilization,Processed,REF-0002740
PAY-02741,MPL-0327,V041,2026-10-02,3.14,Final,Processed,REF-0002741
PAY-02742,MPL-0327,V041,2026-07-25,4.17,Final,Processed,REF-0002742
PAY-02743,MPL-0327,V041,2027-02-01,5.56,Foundation,Processed,REF-0002743
PAY-02744,MPL-0328,V076,2026-07-29,1.48,Foundation,Processed,REF-0002744
PAY-02745,MPL-0328,V076,2026-03-21,1.18,Execution,Processed,REF-0002745
PAY-02746,MPL-0328,V076,2027-01-02,2.1,Execution,Processed,REF-0002746
PAY-02747,MPL-0328,V076,2026-10-05,1.98,Mobilization,Processed,REF-0002747
PAY-02748,MPL-0328,V076,2026-05-19,1.51,Mobilization,Processed,REF-0002748
PAY-02749,MPL-0328,V076,2026-06-10,0.68,Finishing,Processed,REF-0002749
PAY-02750,MPL-0328,V076,2026-11-04,0.79,Foundation,Processed,REF-0002750
PAY-02751,MPL-0328,V076,2026-03-03,5.35,Finishing,Processed,REF-0002751
PAY-02752,MPL-0328,V076,2027-01-29,0.18,Foundation,Processed,REF-0002752
PAY-02753,MPL-0328,V076,2026-09-09,0.48,Mobilization,Processed,REF-0002753
PAY-02754,MPL-0328,V076,2026-08-02,1.03,Foundation,Processed,REF-0002754
PAY-02755,MPL-0328,V076,2026-06-23,2.75,Execution,Processed,REF-0002755
PAY-02756,MPL-0329,V005,2026-05-14,0.2,Finishing,Processed,REF-0002756
PAY-02757,MPL-0329,V005,2026-03-17,0.36,Mobilization,Processed,REF-0002757
PAY-02758,MPL-0329,V005,2026-04-11,0.08,Foundation,Processed,REF-0002758
PAY-02759,MPL-0329,V005,2026-03-25,1.37,Final,Processed,REF-0002759
PAY-02760,MPL-0329,V005,2026-11-01,0.3,Mobilization,Processed,REF-0002760
PAY-02761,MPL-0329,V005,2026-08-29,0.55,Finishing,Processed,REF-0002761
PAY-02762,MPL-0329,V005,2026-07-23,0.66,Finishing,Processed,REF-0002762
PAY-02763,MPL-0329,V005,2026-01-27,2.48,Final,Processed,REF-0002763
PAY-02764,MPL-0329,V005,2026-07-24,0.59,Final,Processed,REF-0002764
PAY-02765,MPL-0329,V005,2026-03-12,0.18,Finishing,Processed,REF-0002765
PAY-02766,MPL-0329,V005,2026-09-16,0.83,Mobilization,Processed,REF-0002766
PAY-02767,MPL-0329,V005,2026-06-08,3.68,Finishing,Processed,REF-0002767
PAY-02768,MPL-0330,V015,2026-08-11,1.39,Mobilization,Processed,REF-0002768
PAY-02769,MPL-0330,V015,2026-08-21,6.08,Execution,Processed,REF-0002769
PAY-02770,MPL-0330,V015,2027-06-13,2.73,Execution,Processed,REF-0002770
PAY-02771,MPL-0330,V015,2027-03-08,0.05,Finishing,Processed,REF-0002771
PAY-02772,MPL-0330,V015,2027-03-24,1.59,Foundation,Processed,REF-0002772
PAY-02773,MPL-0330,V015,2026-09-16,0.5,Mobilization,Processed,REF-0002773
PAY-02774,MPL-0330,V015,2026-07-20,1.22,Foundation,Processed,REF-0002774
PAY-02775,MPL-0330,V015,2026-08-21,0.49,Final,Processed,REF-0002775
PAY-02776,MPL-0330,V015,2026-10-11,0.64,Foundation,Processed,REF-0002776
PAY-02777,MPL-0330,V015,2027-02-21,3.81,Final,Processed,REF-0002777
PAY-02778,MPL-0330,V015,2027-01-15,0.34,Final,Processed,REF-0002778
PAY-02779,MPL-0331,V034,2026-10-27,3.68,Mobilization,Processed,REF-0002779
PAY-02780,MPL-0331,V034,2027-01-27,0.05,Foundation,Processed,REF-0002780
PAY-02781,MPL-0331,V034,2026-12-20,0.17,Finishing,Processed,REF-0002781
PAY-02782,MPL-0331,V034,2026-04-25,3.42,Final,Processed,REF-0002782
PAY-02783,MPL-0331,V034,2026-03-17,1.77,Foundation,Processed,REF-0002783
PAY-02784,MPL-0331,V034,2026-06-08,2.44,Foundation,Processed,REF-0002784
PAY-02785,MPL-0331,V034,2026-07-28,0.42,Foundation,Processed,REF-0002785
PAY-02786,MPL-0331,V034,2026-09-13,1.37,Mobilization,Processed,REF-0002786
PAY-02787,MPL-0331,V034,2026-09-03,2.37,Mobilization,Processed,REF-0002787
PAY-02788,MPL-0332,V010,2026-08-02,5.23,Final,Processed,REF-0002788
PAY-02789,MPL-0332,V010,2027-05-12,3.38,Execution,Processed,REF-0002789
PAY-02790,MPL-0332,V010,2027-04-01,17.03,Final,Processed,REF-0002790
PAY-02791,MPL-0332,V010,2026-06-10,5.98,Execution,Processed,REF-0002791
PAY-02792,MPL-0332,V010,2026-08-15,12.63,Execution,Processed,REF-0002792
PAY-02793,MPL-0333,V001,2026-12-20,6.35,Foundation,Processed,REF-0002793
PAY-02794,MPL-0333,V001,2026-07-24,6.45,Finishing,Processed,REF-0002794
PAY-02795,MPL-0333,V001,2026-12-19,0.4,Finishing,Processed,REF-0002795
PAY-02796,MPL-0333,V001,2026-08-06,2.16,Mobilization,Processed,REF-0002796
PAY-02797,MPL-0333,V001,2026-07-16,9.49,Finishing,Processed,REF-0002797
PAY-02798,MPL-0333,V001,2027-01-27,1.28,Final,Processed,REF-0002798
PAY-02799,MPL-0333,V001,2026-05-25,0.6,Foundation,Processed,REF-0002799
PAY-02800,MPL-0333,V001,2026-06-23,1.92,Final,Processed,REF-0002800
PAY-02801,MPL-0334,V059,2026-04-29,0.29,Finishing,Processed,REF-0002801
PAY-02802,MPL-0334,V059,2026-12-13,2.99,Mobilization,Processed,REF-0002802
PAY-02803,MPL-0334,V059,2027-01-09,2.34,Foundation,Processed,REF-0002803
PAY-02804,MPL-0334,V059,2026-07-30,0.8,Finishing,Processed,REF-0002804
PAY-02805,MPL-0334,V059,2027-02-09,0.07,Execution,Processed,REF-0002805
PAY-02806,MPL-0334,V059,2026-07-19,1.45,Execution,Processed,REF-0002806
PAY-02807,MPL-0334,V059,2026-10-20,1.13,Mobilization,Processed,REF-0002807
PAY-02808,MPL-0335,V076,2026-04-03,6.46,Execution,Processed,REF-0002808
PAY-02809,MPL-0335,V076,2026-10-01,1.5,Mobilization,Processed,REF-0002809
PAY-02810,MPL-0335,V076,2026-06-19,0.75,Execution,Processed,REF-0002810
PAY-02811,MPL-0335,V076,2026-09-29,1.34,Finishing,Processed,REF-0002811
PAY-02812,MPL-0335,V076,2027-01-17,7.1,Foundation,Processed,REF-0002812
PAY-02813,MPL-0335,V076,2026-05-17,2.18,Finishing,Processed,REF-0002813
PAY-02814,MPL-0335,V076,2027-01-21,2.04,Final,Processed,REF-0002814
PAY-02815,MPL-0335,V076,2026-10-07,0.5,Foundation,Processed,REF-0002815
PAY-02816,MPL-0335,V076,2026-07-14,2.49,Final,Processed,REF-0002816
PAY-02817,MPL-0335,V076,2026-12-04,2.54,Execution,Processed,REF-0002817
PAY-02818,MPL-0335,V076,2026-11-22,0.7,Mobilization,Processed,REF-0002818
PAY-02819,MPL-0336,V067,2027-03-11,1.94,Mobilization,Processed,REF-0002819
PAY-02820,MPL-0336,V067,2026-12-07,1.03,Mobilization,Processed,REF-0002820
PAY-02821,MPL-0336,V067,2027-02-19,0.88,Mobilization,Processed,REF-0002821
PAY-02822,MPL-0336,V067,2026-07-21,0.08,Mobilization,Processed,REF-0002822
PAY-02823,MPL-0336,V067,2026-11-13,0.99,Execution,Processed,REF-0002823
PAY-02824,MPL-0336,V067,2026-11-25,2.37,Execution,Processed,REF-0002824
PAY-02825,MPL-0336,V067,2026-12-31,0.0,Execution,Processed,REF-0002825
PAY-02826,MPL-0336,V067,2026-10-10,0.98,Final,Processed,REF-0002826
PAY-02827,MPL-0336,V067,2027-03-13,6.27,Execution,Processed,REF-0002827
PAY-02828,MPL-0336,V067,2026-10-12,2.65,Finishing,Processed,REF-0002828
PAY-02829,MPL-0336,V067,2027-01-24,2.75,Finishing,Processed,REF-0002829
PAY-02830,MPL-0337,V007,2027-01-25,0.75,Final,Processed,REF-0002830
PAY-02831,MPL-0337,V007,2027-02-02,1.63,Final,Processed,REF-0002831
PAY-02832,MPL-0337,V007,2027-03-03,0.3,Final,Processed,REF-0002832
PAY-02833,MPL-0337,V007,2026-06-08,2.47,Finishing,Processed,REF-0002833
PAY-02834,MPL-0337,V007,2026-09-18,0.18,Mobilization,Processed,REF-0002834
PAY-02835,MPL-0337,V007,2026-12-05,1.54,Execution,Processed,REF-0002835
PAY-02836,MPL-0337,V007,2026-12-27,0.6,Final,Processed,REF-0002836
PAY-02837,MPL-0337,V007,2027-02-08,1.99,Mobilization,Processed,REF-0002837
PAY-02838,MPL-0337,V007,2026-08-05,1.15,Execution,Processed,REF-0002838
PAY-02839,MPL-0337,V007,2026-08-15,0.87,Execution,Processed,REF-0002839
PAY-02840,MPL-0337,V007,2027-01-28,0.27,Final,Processed,REF-0002840
PAY-02841,MPL-0338,V074,2026-11-06,2.48,Execution,Processed,REF-0002841
PAY-02842,MPL-0338,V074,2026-09-29,9.03,Final,Processed,REF-0002842
PAY-02843,MPL-0338,V074,2026-09-04,4.28,Execution,Processed,REF-0002843
PAY-02844,MPL-0338,V074,2026-11-02,0.15,Foundation,Processed,REF-0002844
PAY-02845,MPL-0338,V074,2026-11-17,1.16,Final,Processed,REF-0002845
PAY-02846,MPL-0338,V074,2026-12-26,6.37,Execution,Processed,REF-0002846
PAY-02847,MPL-0338,V074,2026-10-12,1.72,Final,Processed,REF-0002847
PAY-02848,MPL-0338,V074,2027-01-02,2.66,Foundation,Processed,REF-0002848
PAY-02849,MPL-0339,V079,2026-09-15,0.83,Foundation,Processed,REF-0002849
PAY-02850,MPL-0339,V079,2026-10-19,0.7,Final,Processed,REF-0002850
PAY-02851,MPL-0339,V079,2027-01-25,0.24,Execution,Processed,REF-0002851
PAY-02852,MPL-0339,V079,2026-07-30,0.19,Finishing,Processed,REF-0002852
PAY-02853,MPL-0339,V079,2027-02-08,0.14,Final,Processed,REF-0002853
PAY-02854,MPL-0339,V079,2026-07-14,0.43,Mobilization,Processed,REF-0002854
PAY-02855,MPL-0339,V079,2026-09-13,0.11,Foundation,Processed,REF-0002855
PAY-02856,MPL-0340,V023,2027-04-18,0.25,Execution,Processed,REF-0002856
PAY-02857,MPL-0340,V023,2026-09-17,0.39,Finishing,Processed,REF-0002857
PAY-02858,MPL-0340,V023,2026-12-24,0.17,Foundation,Processed,REF-0002858
PAY-02859,MPL-0340,V023,2027-01-02,1.05,Finishing,Processed,REF-0002859
PAY-02860,MPL-0340,V023,2026-11-01,0.85,Final,Processed,REF-0002860
PAY-02861,MPL-0340,V023,2027-02-06,0.58,Final,Processed,REF-0002861
PAY-02862,MPL-0340,V023,2026-12-07,0.44,Foundation,Processed,REF-0002862
PAY-02863,MPL-0340,V023,2026-10-24,2.12,Final,Processed,REF-0002863
PAY-02864,MPL-0341,V070,2026-09-26,0.05,Mobilization,Processed,REF-0002864
PAY-02865,MPL-0341,V070,2026-11-28,2.3,Final,Processed,REF-0002865
PAY-02866,MPL-0341,V070,2026-12-07,3.64,Mobilization,Processed,REF-0002866
PAY-02867,MPL-0341,V070,2026-06-23,0.93,Foundation,Processed,REF-0002867
PAY-02868,MPL-0341,V070,2026-09-27,1.25,Finishing,Processed,REF-0002868
PAY-02869,MPL-0341,V070,2027-01-07,4.53,Final,Processed,REF-0002869
PAY-02870,MPL-0342,V056,2026-12-02,0.46,Final,Processed,REF-0002870
PAY-02871,MPL-0342,V056,2026-10-17,1.4,Foundation,Processed,REF-0002871
PAY-02872,MPL-0342,V056,2026-07-30,1.23,Mobilization,Processed,REF-0002872
PAY-02873,MPL-0342,V056,2026-10-20,0.57,Finishing,Processed,REF-0002873
PAY-02874,MPL-0342,V056,2027-01-14,3.26,Mobilization,Processed,REF-0002874
PAY-02875,MPL-0342,V056,2026-11-14,4.39,Finishing,Processed,REF-0002875
PAY-02876,MPL-0342,V056,2026-09-30,2.91,Execution,Processed,REF-0002876
PAY-02877,MPL-0342,V056,2026-05-16,0.42,Foundation,Processed,REF-0002877
PAY-02878,MPL-0342,V056,2026-06-16,0.17,Mobilization,Processed,REF-0002878
PAY-02879,MPL-0343,V042,2026-05-25,0.66,Mobilization,Processed,REF-0002879
PAY-02880,MPL-0343,V042,2026-06-02,0.04,Execution,Processed,REF-0002880
PAY-02881,MPL-0343,V042,2026-06-22,0.8,Final,Processed,REF-0002881
PAY-02882,MPL-0343,V042,2027-01-27,0.54,Execution,Processed,REF-0002882
PAY-02883,MPL-0343,V042,2026-07-02,0.77,Mobilization,Processed,REF-0002883
PAY-02884,MPL-0343,V042,2026-11-30,0.63,Foundation,Processed,REF-0002884
PAY-02885,MPL-0343,V042,2026-05-18,0.39,Final,Processed,REF-0002885
PAY-02886,MPL-0343,V042,2026-05-28,0.16,Mobilization,Processed,REF-0002886
PAY-02887,MPL-0343,V042,2026-06-24,0.26,Execution,Processed,REF-0002887
PAY-02888,MPL-0343,V042,2027-03-13,0.53,Execution,Processed,REF-0002888
PAY-02889,MPL-0344,V023,2026-11-26,2.19,Foundation,Processed,REF-0002889
PAY-02890,MPL-0344,V023,2026-08-16,3.13,Foundation,Processed,REF-0002890
PAY-02891,MPL-0344,V023,2027-03-02,3.02,Final,Processed,REF-0002891
PAY-02892,MPL-0344,V023,2027-02-06,7.46,Execution,Processed,REF-0002892
PAY-02893,MPL-0344,V023,2027-01-27,0.7,Execution,Processed,REF-0002893
PAY-02894,MPL-0344,V023,2026-08-19,0.15,Foundation,Processed,REF-0002894
PAY-02895,MPL-0344,V023,2026-05-01,0.88,Final,Processed,REF-0002895
PAY-02896,MPL-0344,V023,2027-02-13,2.82,Execution,Processed,REF-0002896
PAY-02897,MPL-0344,V023,2026-08-10,1.19,Foundation,Processed,REF-0002897
PAY-02898,MPL-0345,V038,2026-09-26,7.0,Final,Processed,REF-0002898
PAY-02899,MPL-0345,V038,2027-04-25,3.28,Mobilization,Processed,REF-0002899
PAY-02900,MPL-0345,V038,2026-09-04,10.92,Mobilization,Processed,REF-0002900
PAY-02901,MPL-0345,V038,2027-04-02,12.14,Final,Processed,REF-0002901
PAY-02902,MPL-0345,V038,2026-10-30,0.3,Finishing,Processed,REF-0002902
PAY-02903,MPL-0345,V038,2026-08-16,2.51,Mobilization,Processed,REF-0002903
PAY-02904,MPL-0345,V038,2026-10-18,3.87,Finishing,Processed,REF-0002904
PAY-02905,MPL-0345,V038,2026-10-05,1.21,Foundation,Processed,REF-0002905
PAY-02906,MPL-0345,V038,2027-02-04,2.15,Final,Processed,REF-0002906
PAY-02907,MPL-0345,V038,2026-09-06,4.65,Foundation,Processed,REF-0002907
PAY-02908,MPL-0345,V038,2026-10-04,1.06,Execution,Processed,REF-0002908
PAY-02909,MPL-0346,V002,2026-05-01,3.85,Foundation,Processed,REF-0002909
PAY-02910,MPL-0346,V002,2026-10-04,5.0,Finishing,Processed,REF-0002910
PAY-02911,MPL-0346,V002,2027-02-20,0.4,Final,Processed,REF-0002911
PAY-02912,MPL-0346,V002,2026-11-13,2.88,Finishing,Processed,REF-0002912
PAY-02913,MPL-0346,V002,2026-08-17,1.28,Foundation,Processed,REF-0002913
PAY-02914,MPL-0346,V002,2026-06-20,5.39,Mobilization,Processed,REF-0002914
PAY-02915,MPL-0347,V062,2027-02-20,0.76,Finishing,Processed,REF-0002915
PAY-02916,MPL-0347,V062,2026-09-22,8.11,Finishing,Processed,REF-0002916
PAY-02917,MPL-0347,V062,2027-05-18,2.05,Finishing,Processed,REF-0002917
PAY-02918,MPL-0347,V062,2026-07-19,0.8,Final,Processed,REF-0002918
PAY-02919,MPL-0347,V062,2026-11-24,2.1,Foundation,Processed,REF-0002919
PAY-02920,MPL-0347,V062,2027-03-16,1.91,Finishing,Processed,REF-0002920
PAY-02921,MPL-0347,V062,2027-04-02,2.04,Execution,Processed,REF-0002921
PAY-02922,MPL-0347,V062,2026-12-19,3.21,Mobilization,Processed,REF-0002922
PAY-02923,MPL-0347,V062,2027-03-20,2.68,Final,Processed,REF-0002923
PAY-02924,MPL-0347,V062,2027-05-19,0.59,Finishing,Processed,REF-0002924
PAY-02925,MPL-0347,V062,2027-02-19,0.25,Final,Processed,REF-0002925
PAY-02926,MPL-0348,V059,2026-12-13,0.85,Foundation,Processed,REF-0002926
PAY-02927,MPL-0348,V059,2026-07-15,0.54,Final,Processed,REF-0002927
PAY-02928,MPL-0348,V059,2026-12-16,0.29,Foundation,Processed,REF-0002928
PAY-02929,MPL-0348,V059,2026-12-29,1.08,Foundation,Processed,REF-0002929
PAY-02930,MPL-0348,V059,2026-09-25,0.32,Execution,Processed,REF-0002930
PAY-02931,MPL-0348,V059,2026-12-03,1.04,Finishing,Processed,REF-0002931
PAY-02932,MPL-0348,V059,2026-10-24,0.24,Foundation,Processed,REF-0002932
PAY-02933,MPL-0348,V059,2026-11-01,0.05,Foundation,Processed,REF-0002933
PAY-02934,MPL-0349,V038,2027-03-03,7.58,Finishing,Processed,REF-0002934
PAY-02935,MPL-0349,V038,2026-05-12,1.41,Final,Processed,REF-0002935
PAY-02936,MPL-0349,V038,2026-09-01,4.42,Mobilization,Processed,REF-0002936
PAY-02937,MPL-0349,V038,2026-12-17,0.92,Mobilization,Processed,REF-0002937
PAY-02938,MPL-0349,V038,2026-11-15,2.92,Final,Processed,REF-0002938
PAY-02939,MPL-0349,V038,2026-10-23,5.8,Execution,Processed,REF-0002939
PAY-02940,MPL-0349,V038,2026-11-11,0.12,Mobilization,Processed,REF-0002940
PAY-02941,MPL-0349,V038,2027-01-06,4.99,Finishing,Processed,REF-0002941
PAY-02942,MPL-0349,V038,2026-12-14,2.38,Finishing,Processed,REF-0002942
PAY-02943,MPL-0349,V038,2026-06-14,2.63,Finishing,Processed,REF-0002943
PAY-02944,MPL-0349,V038,2026-09-07,2.08,Execution,Processed,REF-0002944
PAY-02945,MPL-0350,V080,2026-06-07,10.77,Execution,Processed,REF-0002945
PAY-02946,MPL-0350,V080,2026-06-03,0.23,Finishing,Processed,REF-0002946
PAY-02947,MPL-0350,V080,2026-04-11,1.57,Foundation,Processed,REF-0002947
PAY-02948,MPL-0350,V080,2026-05-13,10.82,Final,Processed,REF-0002948
PAY-02949,MPL-0350,V080,2026-12-17,7.24,Final,Processed,REF-0002949
PAY-02950,MPL-0350,V080,2026-11-23,0.09,Final,Processed,REF-0002950
PAY-02951,MPL-0350,V080,2026-05-01,3.78,Mobilization,Processed,REF-0002951
PAY-02952,MPL-0350,V080,2026-08-04,3.91,Execution,Processed,REF-0002952
PAY-02953,MPL-0351,V035,2026-09-13,2.45,Mobilization,Processed,REF-0002953
PAY-02954,MPL-0351,V035,2026-08-08,1.68,Mobilization,Processed,REF-0002954
PAY-02955,MPL-0351,V035,2027-03-30,5.46,Final,Processed,REF-0002955
PAY-02956,MPL-0351,V035,2026-06-13,1.11,Execution,Processed,REF-0002956
PAY-02957,MPL-0351,V035,2026-06-28,7.66,Final,Processed,REF-0002957
PAY-02958,MPL-0352,V059,2026-09-21,9.02,Foundation,Processed,REF-0002958
PAY-02959,MPL-0352,V059,2026-07-02,2.98,Foundation,Processed,REF-0002959
PAY-02960,MPL-0352,V059,2026-09-13,1.85,Execution,Processed,REF-0002960
PAY-02961,MPL-0352,V059,2026-05-08,1.85,Foundation,Processed,REF-0002961
PAY-02962,MPL-0352,V059,2026-08-30,3.66,Execution,Processed,REF-0002962
PAY-02963,MPL-0352,V059,2026-04-28,7.06,Final,Processed,REF-0002963
PAY-02964,MPL-0352,V059,2026-03-08,2.47,Foundation,Processed,REF-0002964
PAY-02965,MPL-0352,V059,2026-03-21,5.23,Final,Processed,REF-0002965
PAY-02966,MPL-0352,V059,2026-02-28,2.68,Final,Processed,REF-0002966
PAY-02967,MPL-0353,V045,2026-09-22,2.95,Final,Processed,REF-0002967
PAY-02968,MPL-0353,V045,2026-12-24,0.2,Finishing,Processed,REF-0002968
PAY-02969,MPL-0353,V045,2026-07-22,0.03,Foundation,Processed,REF-0002969
PAY-02970,MPL-0353,V045,2026-05-06,2.1,Foundation,Processed,REF-0002970
PAY-02971,MPL-0353,V045,2027-03-02,4.24,Mobilization,Processed,REF-0002971
PAY-02972,MPL-0353,V045,2026-06-01,15.5,Mobilization,Processed,REF-0002972
PAY-02973,MPL-0353,V045,2026-09-12,13.03,Foundation,Processed,REF-0002973
PAY-02974,MPL-0354,V059,2026-11-20,1.1,Final,Processed,REF-0002974
PAY-02975,MPL-0354,V059,2026-10-03,0.99,Foundation,Processed,REF-0002975
PAY-02976,MPL-0354,V059,2026-06-15,0.91,Final,Processed,REF-0002976
PAY-02977,MPL-0354,V059,2026-07-02,1.46,Foundation,Processed,REF-0002977
PAY-02978,MPL-0354,V059,2026-04-02,2.43,Execution,Processed,REF-0002978
PAY-02979,MPL-0354,V059,2026-06-24,2.04,Execution,Processed,REF-0002979
PAY-02980,MPL-0355,V024,2026-11-07,2.15,Final,Processed,REF-0002980
PAY-02981,MPL-0355,V024,2026-03-25,1.22,Finishing,Processed,REF-0002981
PAY-02982,MPL-0355,V024,2026-05-04,0.11,Foundation,Processed,REF-0002982
PAY-02983,MPL-0355,V024,2026-03-20,1.46,Finishing,Processed,REF-0002983
PAY-02984,MPL-0355,V024,2026-05-14,10.68,Foundation,Processed,REF-0002984
PAY-02985,MPL-0356,V048,2027-03-12,1.88,Execution,Processed,REF-0002985
PAY-02986,MPL-0356,V048,2027-02-22,4.26,Execution,Processed,REF-0002986
PAY-02987,MPL-0356,V048,2026-12-27,6.03,Foundation,Processed,REF-0002987
PAY-02988,MPL-0356,V048,2026-12-23,14.69,Foundation,Processed,REF-0002988
PAY-02989,MPL-0356,V048,2026-06-30,14.81,Foundation,Processed,REF-0002989
PAY-02990,MPL-0356,V048,2026-07-26,9.23,Final,Processed,REF-0002990
PAY-02991,MPL-0356,V048,2026-05-26,0.24,Mobilization,Processed,REF-0002991
PAY-02992,MPL-0356,V048,2026-11-14,5.77,Foundation,Processed,REF-0002992
PAY-02993,MPL-0357,V038,2026-10-31,3.5,Finishing,Processed,REF-0002993
PAY-02994,MPL-0357,V038,2027-03-03,0.04,Finishing,Processed,REF-0002994
PAY-02995,MPL-0357,V038,2026-12-25,1.81,Final,Processed,REF-0002995
PAY-02996,MPL-0357,V038,2027-03-10,4.42,Finishing,Processed,REF-0002996
PAY-02997,MPL-0357,V038,2027-03-01,1.46,Finishing,Processed,REF-0002997
PAY-02998,MPL-0358,V012,2027-02-08,0.02,Final,Processed,REF-0002998
PAY-02999,MPL-0358,V012,2026-10-28,0.06,Execution,Processed,REF-0002999
PAY-03000,MPL-0358,V012,2026-12-28,2.79,Finishing,Processed,REF-0003000
PAY-03001,MPL-0358,V012,2026-06-28,0.87,Final,Processed,REF-0003001
PAY-03002,MPL-0358,V012,2026-12-15,5.66,Foundation,Processed,REF-0003002
PAY-03003,MPL-0358,V012,2026-04-22,6.4,Foundation,Processed,REF-0003003
PAY-03004,MPL-0358,V012,2026-05-11,1.02,Final,Processed,REF-0003004
PAY-03005,MPL-0358,V012,2026-10-09,11.37,Execution,Processed,REF-0003005
PAY-03006,MPL-0358,V012,2026-06-02,3.02,Final,Processed,REF-0003006
PAY-03007,MPL-0358,V012,2026-11-01,0.8,Finishing,Processed,REF-0003007
PAY-03008,MPL-0359,V047,2026-09-22,1.71,Execution,Processed,REF-0003008
PAY-03009,MPL-0359,V047,2026-05-04,1.85,Execution,Processed,REF-0003009
PAY-03010,MPL-0359,V047,2026-12-27,1.21,Foundation,Processed,REF-0003010
PAY-03011,MPL-0359,V047,2026-04-30,2.27,Foundation,Processed,REF-0003011
PAY-03012,MPL-0359,V047,2026-11-30,1.58,Foundation,Processed,REF-0003012
PAY-03013,MPL-0359,V047,2026-12-08,2.53,Final,Processed,REF-0003013
PAY-03014,MPL-0359,V047,2026-07-02,0.67,Execution,Processed,REF-0003014
PAY-03015,MPL-0359,V047,2026-11-10,1.63,Foundation,Processed,REF-0003015
PAY-03016,MPL-0359,V047,2026-07-03,9.81,Mobilization,Processed,REF-0003016
PAY-03017,MPL-0359,V047,2026-08-16,1.53,Finishing,Processed,REF-0003017
PAY-03018,MPL-0359,V047,2026-08-29,0.14,Finishing,Processed,REF-0003018
PAY-03019,MPL-0360,V055,2026-12-21,3.62,Finishing,Processed,REF-0003019
PAY-03020,MPL-0360,V055,2026-11-03,4.39,Foundation,Processed,REF-0003020
PAY-03021,MPL-0360,V055,2026-12-20,0.95,Foundation,Processed,REF-0003021
PAY-03022,MPL-0360,V055,2026-11-25,16.34,Mobilization,Processed,REF-0003022
PAY-03023,MPL-0360,V055,2026-08-30,0.96,Foundation,Processed,REF-0003023
PAY-03024,MPL-0360,V055,2027-03-20,0.97,Mobilization,Processed,REF-0003024
PAY-03025,MPL-0360,V055,2026-09-25,12.24,Execution,Processed,REF-0003025
PAY-03026,MPL-0360,V055,2026-05-24,3.11,Execution,Processed,REF-0003026
PAY-03027,MPL-0360,V055,2026-12-21,0.32,Finishing,Processed,REF-0003027
PAY-03028,MPL-0360,V055,2027-03-27,4.52,Finishing,Processed,REF-0003028
PAY-03029,MPL-0360,V055,2026-06-05,4.57,Final,Processed,REF-0003029
PAY-03030,MPL-0361,V073,2026-08-15,0.11,Final,Processed,REF-0003030
PAY-03031,MPL-0361,V073,2026-11-24,6.13,Finishing,Processed,REF-0003031
PAY-03032,MPL-0361,V073,2026-03-07,1.34,Finishing,Processed,REF-0003032
PAY-03033,MPL-0361,V073,2026-03-21,1.4,Execution,Processed,REF-0003033
PAY-03034,MPL-0361,V073,2026-08-03,1.25,Foundation,Processed,REF-0003034
PAY-03035,MPL-0361,V073,2026-07-23,1.61,Final,Processed,REF-0003035
PAY-03036,MPL-0361,V073,2026-05-10,0.52,Mobilization,Processed,REF-0003036
PAY-03037,MPL-0361,V073,2026-04-07,0.58,Foundation,Processed,REF-0003037
PAY-03038,MPL-0361,V073,2026-11-29,1.22,Execution,Processed,REF-0003038
PAY-03039,MPL-0362,V037,2026-05-09,6.36,Final,Processed,REF-0003039
PAY-03040,MPL-0362,V037,2026-08-16,0.2,Final,Processed,REF-0003040
PAY-03041,MPL-0362,V037,2026-11-03,3.58,Mobilization,Processed,REF-0003041
PAY-03042,MPL-0362,V037,2026-12-12,6.36,Finishing,Processed,REF-0003042
PAY-03043,MPL-0362,V037,2026-10-15,0.66,Final,Processed,REF-0003043
PAY-03044,MPL-0363,V066,2026-12-01,0.1,Final,Processed,REF-0003044
PAY-03045,MPL-0363,V066,2026-11-21,2.43,Execution,Processed,REF-0003045
PAY-03046,MPL-0363,V066,2026-12-12,5.74,Mobilization,Processed,REF-0003046
PAY-03047,MPL-0363,V066,2027-02-26,0.96,Final,Processed,REF-0003047
PAY-03048,MPL-0363,V066,2026-08-09,3.59,Finishing,Processed,REF-0003048
PAY-03049,MPL-0363,V066,2027-02-11,5.2,Finishing,Processed,REF-0003049
PAY-03050,MPL-0363,V066,2027-02-25,5.91,Mobilization,Processed,REF-0003050
PAY-03051,MPL-0363,V066,2027-03-14,2.08,Final,Processed,REF-0003051
PAY-03052,MPL-0363,V066,2027-02-21,3.31,Mobilization,Processed,REF-0003052
PAY-03053,MPL-0363,V066,2026-08-24,9.75,Finishing,Processed,REF-0003053
PAY-03054,MPL-0363,V066,2026-11-23,18.34,Finishing,Processed,REF-0003054
PAY-03055,MPL-0363,V066,2027-04-28,12.81,Execution,Processed,REF-0003055
PAY-03056,MPL-0364,V024,2026-04-17,8.93,Foundation,Processed,REF-0003056
PAY-03057,MPL-0364,V024,2026-03-23,5.67,Final,Processed,REF-0003057
PAY-03058,MPL-0364,V024,2026-08-19,4.35,Execution,Processed,REF-0003058
PAY-03059,MPL-0364,V024,2026-08-24,1.43,Foundation,Processed,REF-0003059
PAY-03060,MPL-0364,V024,2026-02-25,1.21,Mobilization,Processed,REF-0003060
PAY-03061,MPL-0364,V024,2026-07-09,12.53,Mobilization,Processed,REF-0003061
PAY-03062,MPL-0364,V024,2026-04-13,3.23,Foundation,Processed,REF-0003062
PAY-03063,MPL-0365,V044,2026-12-09,0.28,Foundation,Processed,REF-0003063
PAY-03064,MPL-0365,V044,2026-09-22,5.94,Foundation,Processed,REF-0003064
PAY-03065,MPL-0365,V044,2026-09-27,0.2,Final,Processed,REF-0003065
PAY-03066,MPL-0365,V044,2026-12-08,0.15,Execution,Processed,REF-0003066
PAY-03067,MPL-0365,V044,2026-06-08,0.1,Mobilization,Processed,REF-0003067
PAY-03068,MPL-0365,V044,2026-03-26,0.82,Foundation,Processed,REF-0003068
PAY-03069,MPL-0365,V044,2026-03-12,0.93,Execution,Processed,REF-0003069
PAY-03070,MPL-0365,V044,2026-10-26,0.43,Mobilization,Processed,REF-0003070
PAY-03071,MPL-0365,V044,2026-06-13,0.72,Finishing,Processed,REF-0003071
PAY-03072,MPL-0365,V044,2026-05-16,1.46,Finishing,Processed,REF-0003072
PAY-03073,MPL-0365,V044,2026-04-20,1.6,Mobilization,Processed,REF-0003073
PAY-03074,MPL-0366,V040,2026-12-28,3.22,Final,Processed,REF-0003074
PAY-03075,MPL-0366,V040,2027-01-12,1.77,Finishing,Processed,REF-0003075
PAY-03076,MPL-0366,V040,2026-11-15,0.84,Final,Processed,REF-0003076
PAY-03077,MPL-0366,V040,2027-04-17,0.2,Final,Processed,REF-0003077
PAY-03078,MPL-0366,V040,2026-12-22,0.11,Execution,Processed,REF-0003078
PAY-03079,MPL-0366,V040,2027-04-01,0.06,Foundation,Processed,REF-0003079
PAY-03080,MPL-0366,V040,2027-05-03,1.12,Final,Processed,REF-0003080
PAY-03081,MPL-0366,V040,2026-11-25,1.67,Final,Processed,REF-0003081
PAY-03082,MPL-0366,V040,2026-11-08,0.72,Foundation,Processed,REF-0003082
PAY-03083,MPL-0366,V040,2026-07-17,0.06,Finishing,Processed,REF-0003083
PAY-03084,MPL-0366,V040,2027-03-10,0.78,Execution,Processed,REF-0003084
PAY-03085,MPL-0366,V040,2026-12-21,2.79,Final,Processed,REF-0003085
PAY-03086,MPL-0367,V011,2027-01-09,2.37,Finishing,Processed,REF-0003086
PAY-03087,MPL-0367,V011,2026-05-25,4.32,Final,Processed,REF-0003087
PAY-03088,MPL-0367,V011,2026-09-29,4.2,Execution,Processed,REF-0003088
PAY-03089,MPL-0367,V011,2026-06-22,7.01,Foundation,Processed,REF-0003089
PAY-03090,MPL-0367,V011,2027-02-07,3.83,Foundation,Processed,REF-0003090
PAY-03091,MPL-0367,V011,2026-08-19,3.59,Foundation,Processed,REF-0003091
PAY-03092,MPL-0367,V011,2026-12-22,0.7,Foundation,Processed,REF-0003092
PAY-03093,MPL-0367,V011,2026-06-18,0.16,Final,Processed,REF-0003093
PAY-03094,MPL-0367,V011,2027-01-12,1.9,Execution,Processed,REF-0003094
PAY-03095,MPL-0368,V002,2026-08-27,1.01,Finishing,Processed,REF-0003095
PAY-03096,MPL-0368,V002,2026-11-21,24.91,Execution,Processed,REF-0003096
PAY-03097,MPL-0368,V002,2026-07-07,2.6,Mobilization,Processed,REF-0003097
PAY-03098,MPL-0368,V002,2026-06-08,14.58,Foundation,Processed,REF-0003098
PAY-03099,MPL-0368,V002,2026-12-20,3.73,Finishing,Processed,REF-0003099
PAY-03100,MPL-0368,V002,2027-01-09,2.97,Mobilization,Processed,REF-0003100
PAY-03101,MPL-0368,V002,2026-07-14,20.81,Mobilization,Processed,REF-0003101
PAY-03102,MPL-0368,V002,2026-09-15,3.43,Finishing,Processed,REF-0003102
PAY-03103,MPL-0368,V002,2026-09-13,3.76,Foundation,Processed,REF-0003103
PAY-03104,MPL-0368,V002,2026-09-04,0.85,Finishing,Processed,REF-0003104
PAY-03105,MPL-0368,V002,2026-02-19,8.44,Execution,Processed,REF-0003105
PAY-03106,MPL-0369,V013,2026-08-07,1.62,Execution,Processed,REF-0003106
PAY-03107,MPL-0369,V013,2026-10-06,4.18,Finishing,Processed,REF-0003107
PAY-03108,MPL-0369,V013,2027-02-14,4.25,Finishing,Processed,REF-0003108
PAY-03109,MPL-0369,V013,2027-04-05,6.03,Foundation,Processed,REF-0003109
PAY-03110,MPL-0369,V013,2027-01-01,6.49,Finishing,Processed,REF-0003110
PAY-03111,MPL-0369,V013,2026-10-06,3.43,Execution,Processed,REF-0003111
PAY-03112,MPL-0369,V013,2026-10-10,1.91,Final,Processed,REF-0003112
PAY-03113,MPL-0369,V013,2026-08-31,8.62,Execution,Processed,REF-0003113
PAY-03114,MPL-0369,V013,2026-08-28,1.76,Final,Processed,REF-0003114
PAY-03115,MPL-0369,V013,2026-11-22,3.36,Final,Processed,REF-0003115
PAY-03116,MPL-0370,V055,2026-04-17,1.05,Mobilization,Processed,REF-0003116
PAY-03117,MPL-0370,V055,2026-04-17,3.96,Mobilization,Processed,REF-0003117
PAY-03118,MPL-0370,V055,2026-03-10,1.16,Foundation,Processed,REF-0003118
PAY-03119,MPL-0370,V055,2026-12-07,1.0,Finishing,Processed,REF-0003119
PAY-03120,MPL-0370,V055,2026-11-13,2.4,Mobilization,Processed,REF-0003120
PAY-03121,MPL-0370,V055,2027-01-31,1.89,Foundation,Processed,REF-0003121
PAY-03122,MPL-0370,V055,2026-04-01,0.23,Mobilization,Processed,REF-0003122
PAY-03123,MPL-0370,V055,2026-11-02,1.46,Foundation,Processed,REF-0003123
PAY-03124,MPL-0370,V055,2026-03-22,2.73,Foundation,Processed,REF-0003124
PAY-03125,MPL-0370,V055,2026-08-02,9.93,Execution,Processed,REF-0003125
PAY-03126,MPL-0370,V055,2026-09-04,2.04,Final,Processed,REF-0003126
PAY-03127,MPL-0371,V057,2026-03-29,2.59,Foundation,Processed,REF-0003127
PAY-03128,MPL-0371,V057,2026-08-14,1.44,Execution,Processed,REF-0003128
PAY-03129,MPL-0371,V057,2026-04-29,11.56,Mobilization,Processed,REF-0003129
PAY-03130,MPL-0371,V057,2027-01-01,9.45,Mobilization,Processed,REF-0003130
PAY-03131,MPL-0371,V057,2026-03-29,1.49,Final,Processed,REF-0003131
PAY-03132,MPL-0371,V057,2026-03-09,1.26,Foundation,Processed,REF-0003132
PAY-03133,MPL-0372,V051,2026-11-09,3.86,Finishing,Processed,REF-0003133
PAY-03134,MPL-0372,V051,2026-06-17,1.16,Execution,Processed,REF-0003134
PAY-03135,MPL-0372,V051,2027-02-20,1.12,Execution,Processed,REF-0003135
PAY-03136,MPL-0372,V051,2027-03-04,0.51,Final,Processed,REF-0003136
PAY-03137,MPL-0372,V051,2026-05-29,0.94,Final,Processed,REF-0003137
PAY-03138,MPL-0372,V051,2026-09-15,1.72,Foundation,Processed,REF-0003138
PAY-03139,MPL-0372,V051,2026-05-26,4.06,Finishing,Processed,REF-0003139
PAY-03140,MPL-0373,V052,2026-07-01,1.97,Final,Processed,REF-0003140
PAY-03141,MPL-0373,V052,2026-05-31,1.91,Finishing,Processed,REF-0003141
PAY-03142,MPL-0373,V052,2027-02-16,1.61,Foundation,Processed,REF-0003142
PAY-03143,MPL-0373,V052,2026-09-04,3.13,Mobilization,Processed,REF-0003143
PAY-03144,MPL-0373,V052,2026-10-30,0.96,Execution,Processed,REF-0003144
PAY-03145,MPL-0373,V052,2027-03-18,3.2,Foundation,Processed,REF-0003145
PAY-03146,MPL-0373,V052,2026-12-10,5.85,Finishing,Processed,REF-0003146
PAY-03147,MPL-0373,V052,2026-10-12,0.15,Final,Processed,REF-0003147
PAY-03148,MPL-0373,V052,2026-09-15,0.05,Execution,Processed,REF-0003148
PAY-03149,MPL-0374,V009,2026-12-18,0.03,Foundation,Processed,REF-0003149
PAY-03150,MPL-0374,V009,2026-10-23,0.28,Execution,Processed,REF-0003150
PAY-03151,MPL-0374,V009,2026-09-02,0.7,Foundation,Processed,REF-0003151
PAY-03152,MPL-0374,V009,2027-01-09,0.0,Foundation,Processed,REF-0003152
PAY-03153,MPL-0374,V009,2026-08-05,1.0,Mobilization,Processed,REF-0003153
PAY-03154,MPL-0374,V009,2026-06-27,0.04,Mobilization,Processed,REF-0003154
PAY-03155,MPL-0374,V009,2027-03-14,0.67,Mobilization,Processed,REF-0003155
PAY-03156,MPL-0374,V009,2026-08-01,0.24,Mobilization,Processed,REF-0003156
PAY-03157,MPL-0374,V009,2027-01-02,0.39,Foundation,Processed,REF-0003157
PAY-03158,MPL-0374,V009,2026-08-02,0.26,Mobilization,Processed,REF-0003158
PAY-03159,MPL-0374,V009,2026-10-09,0.23,Execution,Processed,REF-0003159
PAY-03160,MPL-0375,V034,2027-03-21,8.85,Foundation,Processed,REF-0003160
PAY-03161,MPL-0375,V034,2027-01-30,6.93,Finishing,Processed,REF-0003161
PAY-03162,MPL-0375,V034,2026-12-24,3.25,Mobilization,Processed,REF-0003162
PAY-03163,MPL-0375,V034,2027-04-23,0.58,Final,Processed,REF-0003163
PAY-03164,MPL-0375,V034,2027-03-25,0.6,Execution,Processed,REF-0003164
PAY-03165,MPL-0375,V034,2026-09-13,7.95,Finishing,Processed,REF-0003165
PAY-03166,MPL-0375,V034,2027-04-29,3.7,Mobilization,Processed,REF-0003166
PAY-03167,MPL-0375,V034,2026-12-01,3.23,Foundation,Processed,REF-0003167
PAY-03168,MPL-0375,V034,2026-12-15,5.61,Foundation,Processed,REF-0003168
PAY-03169,MPL-0375,V034,2026-11-21,9.62,Mobilization,Processed,REF-0003169
PAY-03170,MPL-0376,V039,2026-07-26,2.67,Execution,Processed,REF-0003170
PAY-03171,MPL-0376,V039,2027-01-25,3.87,Foundation,Processed,REF-0003171
PAY-03172,MPL-0376,V039,2027-03-21,3.9,Finishing,Processed,REF-0003172
PAY-03173,MPL-0376,V039,2027-06-12,1.19,Finishing,Processed,REF-0003173
PAY-03174,MPL-0376,V039,2026-12-22,0.86,Finishing,Processed,REF-0003174
PAY-03175,MPL-0377,V079,2026-12-17,3.76,Finishing,Processed,REF-0003175
PAY-03176,MPL-0377,V079,2027-06-05,1.1,Execution,Processed,REF-0003176
PAY-03177,MPL-0377,V079,2027-04-19,5.43,Foundation,Processed,REF-0003177
PAY-03178,MPL-0377,V079,2026-07-06,0.17,Foundation,Processed,REF-0003178
PAY-03179,MPL-0377,V079,2026-11-08,0.14,Finishing,Processed,REF-0003179
PAY-03180,MPL-0377,V079,2026-08-19,6.09,Finishing,Processed,REF-0003180
PAY-03181,MPL-0377,V079,2026-12-21,2.43,Foundation,Processed,REF-0003181
PAY-03182,MPL-0378,V032,2026-05-25,2.74,Foundation,Processed,REF-0003182
PAY-03183,MPL-0378,V032,2026-12-02,8.07,Final,Processed,REF-0003183
PAY-03184,MPL-0378,V032,2026-11-23,6.4,Execution,Processed,REF-0003184
PAY-03185,MPL-0378,V032,2026-06-26,4.35,Foundation,Processed,REF-0003185
PAY-03186,MPL-0378,V032,2026-10-14,0.6,Mobilization,Processed,REF-0003186
PAY-03187,MPL-0379,V061,2027-04-29,19.44,Execution,Processed,REF-0003187
PAY-03188,MPL-0379,V061,2026-12-02,23.36,Final,Processed,REF-0003188
PAY-03189,MPL-0379,V061,2026-12-17,2.2,Execution,Processed,REF-0003189
PAY-03190,MPL-0379,V061,2026-06-11,22.09,Mobilization,Processed,REF-0003190
PAY-03191,MPL-0379,V061,2027-02-12,24.44,Final,Processed,REF-0003191
PAY-03192,MPL-0380,V064,2026-10-08,5.39,Foundation,Processed,REF-0003192
PAY-03193,MPL-0380,V064,2026-12-09,7.22,Final,Processed,REF-0003193
PAY-03194,MPL-0380,V064,2026-11-09,3.26,Final,Processed,REF-0003194
PAY-03195,MPL-0380,V064,2027-01-08,2.24,Final,Processed,REF-0003195
PAY-03196,MPL-0380,V064,2027-04-20,8.66,Final,Processed,REF-0003196
PAY-03197,MPL-0380,V064,2027-05-01,13.39,Foundation,Processed,REF-0003197
PAY-03198,MPL-0380,V064,2027-01-30,7.18,Mobilization,Processed,REF-0003198
PAY-03199,MPL-0380,V064,2027-02-09,4.85,Final,Processed,REF-0003199
PAY-03200,MPL-0381,V068,2027-02-11,0.56,Finishing,Processed,REF-0003200
PAY-03201,MPL-0381,V068,2026-06-03,0.18,Execution,Processed,REF-0003201
PAY-03202,MPL-0381,V068,2026-10-29,1.91,Mobilization,Processed,REF-0003202
PAY-03203,MPL-0381,V068,2026-12-06,0.16,Final,Processed,REF-0003203
PAY-03204,MPL-0381,V068,2027-03-29,2.72,Mobilization,Processed,REF-0003204
PAY-03205,MPL-0381,V068,2027-01-09,1.56,Finishing,Processed,REF-0003205
PAY-03206,MPL-0381,V068,2027-01-04,4.57,Final,Processed,REF-0003206
PAY-03207,MPL-0381,V068,2027-02-28,1.18,Foundation,Processed,REF-0003207
PAY-03208,MPL-0381,V068,2026-10-20,2.9,Final,Processed,REF-0003208
PAY-03209,MPL-0382,V003,2027-02-05,2.69,Execution,Processed,REF-0003209
PAY-03210,MPL-0382,V003,2026-11-20,0.02,Mobilization,Processed,REF-0003210
PAY-03211,MPL-0382,V003,2026-10-15,0.26,Final,Processed,REF-0003211
PAY-03212,MPL-0382,V003,2026-10-28,1.2,Finishing,Processed,REF-0003212
PAY-03213,MPL-0382,V003,2026-11-02,7.46,Mobilization,Processed,REF-0003213
PAY-03214,MPL-0382,V003,2027-03-18,0.55,Foundation,Processed,REF-0003214
PAY-03215,MPL-0382,V003,2026-07-10,4.33,Foundation,Processed,REF-0003215
PAY-03216,MPL-0382,V003,2027-02-05,12.65,Foundation,Processed,REF-0003216
PAY-03217,MPL-0383,V047,2026-05-10,1.81,Finishing,Processed,REF-0003217
PAY-03218,MPL-0383,V047,2026-06-02,0.32,Mobilization,Processed,REF-0003218
PAY-03219,MPL-0383,V047,2026-09-26,2.77,Final,Processed,REF-0003219
PAY-03220,MPL-0383,V047,2027-02-12,0.11,Finishing,Processed,REF-0003220
PAY-03221,MPL-0383,V047,2026-05-17,0.73,Final,Processed,REF-0003221
PAY-03222,MPL-0383,V047,2027-04-01,2.53,Execution,Processed,REF-0003222
PAY-03223,MPL-0383,V047,2027-03-12,1.19,Mobilization,Processed,REF-0003223
PAY-03224,MPL-0383,V047,2027-01-18,0.62,Final,Processed,REF-0003224
PAY-03225,MPL-0383,V047,2026-08-26,0.4,Final,Processed,REF-0003225
PAY-03226,MPL-0383,V047,2027-04-12,0.54,Final,Processed,REF-0003226
PAY-03227,MPL-0383,V047,2026-10-03,0.82,Mobilization,Processed,REF-0003227
PAY-03228,MPL-0384,V052,2026-09-28,0.23,Final,Processed,REF-0003228
PAY-03229,MPL-0384,V052,2026-08-28,2.1,Foundation,Processed,REF-0003229
PAY-03230,MPL-0384,V052,2026-12-17,1.63,Foundation,Processed,REF-0003230
PAY-03231,MPL-0384,V052,2026-03-20,1.24,Finishing,Processed,REF-0003231
PAY-03232,MPL-0384,V052,2026-04-22,0.33,Execution,Processed,REF-0003232
PAY-03233,MPL-0384,V052,2027-02-07,0.71,Foundation,Processed,REF-0003233
PAY-03234,MPL-0384,V052,2026-11-13,1.41,Mobilization,Processed,REF-0003234
PAY-03235,MPL-0384,V052,2026-05-02,1.15,Foundation,Processed,REF-0003235
PAY-03236,MPL-0385,V006,2026-08-09,0.34,Execution,Processed,REF-0003236
PAY-03237,MPL-0385,V006,2026-09-23,0.07,Finishing,Processed,REF-0003237
PAY-03238,MPL-0385,V006,2026-08-05,0.05,Finishing,Processed,REF-0003238
PAY-03239,MPL-0385,V006,2026-08-27,0.54,Foundation,Processed,REF-0003239
PAY-03240,MPL-0385,V006,2026-11-16,0.64,Mobilization,Processed,REF-0003240
PAY-03241,MPL-0385,V006,2026-10-09,1.19,Execution,Processed,REF-0003241
PAY-03242,MPL-0385,V006,2027-02-16,0.22,Final,Processed,REF-0003242
PAY-03243,MPL-0385,V006,2027-04-07,0.11,Mobilization,Processed,REF-0003243
PAY-03244,MPL-0385,V006,2026-06-23,0.3,Foundation,Processed,REF-0003244
PAY-03245,MPL-0386,V016,2026-05-25,1.14,Foundation,Processed,REF-0003245
PAY-03246,MPL-0386,V016,2026-06-26,0.37,Execution,Processed,REF-0003246
PAY-03247,MPL-0386,V016,2026-08-23,2.91,Mobilization,Processed,REF-0003247
PAY-03248,MPL-0386,V016,2027-01-10,1.85,Execution,Processed,REF-0003248
PAY-03249,MPL-0386,V016,2026-07-25,3.33,Final,Processed,REF-0003249
PAY-03250,MPL-0386,V016,2027-02-21,1.13,Finishing,Processed,REF-0003250
PAY-03251,MPL-0387,V028,2026-11-23,3.34,Final,Processed,REF-0003251
PAY-03252,MPL-0387,V028,2026-08-11,5.42,Mobilization,Processed,REF-0003252
PAY-03253,MPL-0387,V028,2026-09-20,17.78,Mobilization,Processed,REF-0003253
PAY-03254,MPL-0387,V028,2026-09-18,0.35,Foundation,Processed,REF-0003254
PAY-03255,MPL-0387,V028,2026-10-06,13.84,Foundation,Processed,REF-0003255
PAY-03256,MPL-0387,V028,2026-12-26,3.9,Execution,Processed,REF-0003256
PAY-03257,MPL-0388,V078,2026-12-02,8.42,Mobilization,Processed,REF-0003257
PAY-03258,MPL-0388,V078,2026-02-20,7.08,Foundation,Processed,REF-0003258
PAY-03259,MPL-0388,V078,2026-04-03,1.87,Execution,Processed,REF-0003259
PAY-03260,MPL-0388,V078,2026-04-11,5.17,Final,Processed,REF-0003260
PAY-03261,MPL-0388,V078,2026-10-19,0.76,Foundation,Processed,REF-0003261
PAY-03262,MPL-0389,V012,2027-01-29,3.56,Execution,Processed,REF-0003262
PAY-03263,MPL-0389,V012,2026-03-27,0.82,Execution,Processed,REF-0003263
PAY-03264,MPL-0389,V012,2026-09-27,0.96,Finishing,Processed,REF-0003264
PAY-03265,MPL-0389,V012,2026-05-04,1.92,Final,Processed,REF-0003265
PAY-03266,MPL-0389,V012,2026-10-04,2.7,Foundation,Processed,REF-0003266
PAY-03267,MPL-0389,V012,2026-06-05,0.42,Foundation,Processed,REF-0003267
PAY-03268,MPL-0389,V012,2027-01-23,1.7,Finishing,Processed,REF-0003268
PAY-03269,MPL-0389,V012,2027-01-06,0.78,Mobilization,Processed,REF-0003269
PAY-03270,MPL-0389,V012,2026-07-06,0.72,Finishing,Processed,REF-0003270
PAY-03271,MPL-0389,V012,2026-12-22,1.84,Finishing,Processed,REF-0003271
PAY-03272,MPL-0389,V012,2026-09-26,0.77,Execution,Processed,REF-0003272
PAY-03273,MPL-0389,V012,2027-02-03,0.67,Execution,Processed,REF-0003273
PAY-03274,MPL-0390,V043,2026-05-20,12.13,Mobilization,Processed,REF-0003274
PAY-03275,MPL-0390,V043,2026-12-16,0.72,Foundation,Processed,REF-0003275
PAY-03276,MPL-0390,V043,2026-04-30,7.56,Final,Processed,REF-0003276
PAY-03277,MPL-0390,V043,2026-10-27,1.92,Mobilization,Processed,REF-0003277
PAY-03278,MPL-0390,V043,2027-04-04,0.1,Execution,Processed,REF-0003278
PAY-03279,MPL-0390,V043,2027-03-27,1.22,Execution,Processed,REF-0003279
PAY-03280,MPL-0390,V043,2026-11-27,6.26,Mobilization,Processed,REF-0003280
PAY-03281,MPL-0390,V043,2026-10-07,8.29,Finishing,Processed,REF-0003281
PAY-03282,MPL-0391,V026,2026-08-27,0.09,Mobilization,Processed,REF-0003282
PAY-03283,MPL-0391,V026,2027-04-20,0.16,Final,Processed,REF-0003283
PAY-03284,MPL-0391,V026,2027-04-03,10.18,Mobilization,Processed,REF-0003284
PAY-03285,MPL-0391,V026,2027-04-19,0.33,Foundation,Processed,REF-0003285
PAY-03286,MPL-0391,V026,2027-02-17,9.82,Finishing,Processed,REF-0003286
PAY-03287,MPL-0391,V026,2027-03-30,1.13,Final,Processed,REF-0003287
PAY-03288,MPL-0392,V076,2026-06-04,2.8,Final,Processed,REF-0003288
PAY-03289,MPL-0392,V076,2026-04-20,0.77,Execution,Processed,REF-0003289
PAY-03290,MPL-0392,V076,2026-08-07,4.07,Execution,Processed,REF-0003290
PAY-03291,MPL-0392,V076,2027-01-03,2.51,Finishing,Processed,REF-0003291
PAY-03292,MPL-0392,V076,2026-09-01,1.07,Mobilization,Processed,REF-0003292
PAY-03293,MPL-0392,V076,2026-05-28,0.17,Mobilization,Processed,REF-0003293
PAY-03294,MPL-0392,V076,2026-09-04,2.75,Foundation,Processed,REF-0003294
PAY-03295,MPL-0392,V076,2026-08-14,2.0,Finishing,Processed,REF-0003295
PAY-03296,MPL-0392,V076,2026-06-21,0.01,Execution,Processed,REF-0003296
PAY-03297,MPL-0392,V076,2026-09-25,0.02,Finishing,Processed,REF-0003297
PAY-03298,MPL-0393,V034,2027-04-06,1.78,Execution,Processed,REF-0003298
PAY-03299,MPL-0393,V034,2026-08-16,0.32,Finishing,Processed,REF-0003299
PAY-03300,MPL-0393,V034,2026-12-13,1.09,Execution,Processed,REF-0003300
PAY-03301,MPL-0393,V034,2027-02-02,0.65,Mobilization,Processed,REF-0003301
PAY-03302,MPL-0393,V034,2026-07-22,2.14,Execution,Processed,REF-0003302
PAY-03303,MPL-0393,V034,2026-12-23,2.68,Foundation,Processed,REF-0003303
PAY-03304,MPL-0394,V035,2026-06-03,13.82,Final,Processed,REF-0003304
PAY-03305,MPL-0394,V035,2027-01-27,0.4,Final,Processed,REF-0003305
PAY-03306,MPL-0394,V035,2026-05-15,4.78,Execution,Processed,REF-0003306
PAY-03307,MPL-0394,V035,2026-05-22,0.74,Mobilization,Processed,REF-0003307
PAY-03308,MPL-0394,V035,2026-08-07,2.15,Execution,Processed,REF-0003308
PAY-03309,MPL-0394,V035,2026-09-03,1.69,Mobilization,Processed,REF-0003309
PAY-03310,MPL-0395,V058,2027-01-04,0.09,Foundation,Processed,REF-0003310
PAY-03311,MPL-0395,V058,2027-01-07,13.16,Mobilization,Processed,REF-0003311
PAY-03312,MPL-0395,V058,2026-07-11,0.4,Mobilization,Processed,REF-0003312
PAY-03313,MPL-0395,V058,2026-08-03,5.68,Execution,Processed,REF-0003313
PAY-03314,MPL-0395,V058,2026-12-21,7.49,Final,Processed,REF-0003314
PAY-03315,MPL-0395,V058,2026-04-24,7.73,Final,Processed,REF-0003315
PAY-03316,MPL-0395,V058,2027-01-04,0.71,Final,Processed,REF-0003316
PAY-03317,MPL-0396,V008,2026-11-02,3.32,Execution,Processed,REF-0003317
PAY-03318,MPL-0396,V008,2026-03-16,9.88,Finishing,Processed,REF-0003318
PAY-03319,MPL-0396,V008,2026-02-13,2.01,Execution,Processed,REF-0003319
PAY-03320,MPL-0396,V008,2026-08-27,3.52,Mobilization,Processed,REF-0003320
PAY-03321,MPL-0396,V008,2026-12-26,1.78,Execution,Processed,REF-0003321
PAY-03322,MPL-0396,V008,2026-06-10,3.48,Mobilization,Processed,REF-0003322
PAY-03323,MPL-0396,V008,2026-04-04,12.23,Mobilization,Processed,REF-0003323
PAY-03324,MPL-0396,V008,2026-03-13,3.39,Final,Processed,REF-0003324
PAY-03325,MPL-0396,V008,2026-01-26,4.54,Mobilization,Processed,REF-0003325
PAY-03326,MPL-0397,V072,2026-02-11,1.51,Finishing,Processed,REF-0003326
PAY-03327,MPL-0397,V072,2026-07-24,1.8,Finishing,Processed,REF-0003327
PAY-03328,MPL-0397,V072,2026-10-25,0.04,Mobilization,Processed,REF-0003328
PAY-03329,MPL-0397,V072,2026-06-05,0.97,Foundation,Processed,REF-0003329
PAY-03330,MPL-0397,V072,2026-11-19,1.67,Final,Processed,REF-0003330
PAY-03331,MPL-0397,V072,2026-05-27,2.93,Mobilization,Processed,REF-0003331
PAY-03332,MPL-0397,V072,2026-07-11,1.75,Foundation,Processed,REF-0003332
PAY-03333,MPL-0397,V072,2026-04-25,1.2,Final,Processed,REF-0003333
PAY-03334,MPL-0397,V072,2026-03-15,1.43,Mobilization,Processed,REF-0003334
PAY-03335,MPL-0397,V072,2026-09-18,0.81,Foundation,Processed,REF-0003335
PAY-03336,MPL-0397,V072,2026-03-26,7.54,Foundation,Processed,REF-0003336
PAY-03337,MPL-0397,V072,2026-10-08,2.15,Foundation,Processed,REF-0003337
PAY-03338,MPL-0398,V056,2026-03-26,0.04,Final,Processed,REF-0003338
PAY-03339,MPL-0398,V056,2026-08-10,0.07,Final,Processed,REF-0003339
PAY-03340,MPL-0398,V056,2026-06-28,12.03,Finishing,Processed,REF-0003340
PAY-03341,MPL-0398,V056,2026-12-29,0.83,Foundation,Processed,REF-0003341
PAY-03342,MPL-0398,V056,2026-04-23,5.46,Finishing,Processed,REF-0003342
PAY-03343,MPL-0398,V056,2026-07-10,0.2,Final,Processed,REF-0003343
PAY-03344,MPL-0398,V056,2026-10-08,8.46,Foundation,Processed,REF-0003344
PAY-03345,MPL-0398,V056,2026-12-19,6.91,Execution,Processed,REF-0003345
PAY-03346,MPL-0398,V056,2026-09-16,2.82,Foundation,Processed,REF-0003346
PAY-03347,MPL-0398,V056,2026-10-17,0.03,Final,Processed,REF-0003347
PAY-03348,MPL-0398,V056,2026-10-20,0.99,Final,Processed,REF-0003348
PAY-03349,MPL-0399,V030,2026-07-13,1.7,Foundation,Processed,REF-0003349
PAY-03350,MPL-0399,V030,2027-01-07,2.0,Mobilization,Processed,REF-0003350
PAY-03351,MPL-0399,V030,2026-09-29,1.15,Execution,Processed,REF-0003351
PAY-03352,MPL-0399,V030,2027-01-23,0.11,Final,Processed,REF-0003352
PAY-03353,MPL-0399,V030,2026-11-07,2.9,Mobilization,Processed,REF-0003353
PAY-03354,MPL-0399,V030,2026-04-25,2.41,Finishing,Processed,REF-0003354
PAY-03355,MPL-0399,V030,2026-12-25,1.08,Foundation,Processed,REF-0003355
PAY-03356,MPL-0399,V030,2026-07-05,0.13,Foundation,Processed,REF-0003356
PAY-03357,MPL-0399,V030,2026-12-18,16.97,Foundation,Processed,REF-0003357
PAY-03358,MPL-0400,V012,2026-07-09,2.7,Foundation,Processed,REF-0003358
PAY-03359,MPL-0400,V012,2026-03-24,5.79,Foundation,Processed,REF-0003359
PAY-03360,MPL-0400,V012,2026-07-09,2.47,Mobilization,Processed,REF-0003360
PAY-03361,MPL-0400,V012,2026-04-09,0.18,Finishing,Processed,REF-0003361
PAY-03362,MPL-0400,V012,2026-05-11,1.52,Foundation,Processed,REF-0003362
PAY-03363,MPL-0400,V012,2026-07-23,1.58,Mobilization,Processed,REF-0003363
PAY-03364,MPL-0401,V043,2026-12-16,11.1,Foundation,Processed,REF-0003364
PAY-03365,MPL-0401,V043,2026-03-14,6.47,Mobilization,Processed,REF-0003365
PAY-03366,MPL-0401,V043,2026-08-16,1.96,Mobilization,Processed,REF-0003366
PAY-03367,MPL-0401,V043,2026-07-10,20.91,Foundation,Processed,REF-0003367
PAY-03368,MPL-0401,V043,2026-09-02,2.36,Foundation,Processed,REF-0003368
PAY-03369,MPL-0402,V001,2027-03-02,15.29,Mobilization,Processed,REF-0003369
PAY-03370,MPL-0402,V001,2026-10-10,13.42,Execution,Processed,REF-0003370
PAY-03371,MPL-0402,V001,2026-11-01,0.51,Finishing,Processed,REF-0003371
PAY-03372,MPL-0402,V001,2027-03-08,0.9,Final,Processed,REF-0003372
PAY-03373,MPL-0402,V001,2026-08-23,1.61,Finishing,Processed,REF-0003373
PAY-03374,MPL-0402,V001,2027-03-10,2.63,Foundation,Processed,REF-0003374
PAY-03375,MPL-0402,V001,2027-02-24,1.81,Foundation,Processed,REF-0003375
PAY-03376,MPL-0403,V078,2026-11-03,4.27,Execution,Processed,REF-0003376
PAY-03377,MPL-0403,V078,2026-07-23,1.57,Foundation,Processed,REF-0003377
PAY-03378,MPL-0403,V078,2026-12-24,0.29,Finishing,Processed,REF-0003378
PAY-03379,MPL-0403,V078,2026-09-05,0.14,Finishing,Processed,REF-0003379
PAY-03380,MPL-0403,V078,2026-05-13,1.43,Execution,Processed,REF-0003380
PAY-03381,MPL-0403,V078,2026-04-19,0.21,Finishing,Processed,REF-0003381
PAY-03382,MPL-0403,V078,2026-12-11,1.9,Foundation,Processed,REF-0003382
PAY-03383,MPL-0403,V078,2026-05-19,0.46,Mobilization,Processed,REF-0003383
PAY-03384,MPL-0404,V063,2027-01-24,1.48,Execution,Processed,REF-0003384
PAY-03385,MPL-0404,V063,2026-08-13,0.04,Finishing,Processed,REF-0003385
PAY-03386,MPL-0404,V063,2026-06-26,4.52,Execution,Processed,REF-0003386
PAY-03387,MPL-0404,V063,2026-07-12,0.45,Execution,Processed,REF-0003387
PAY-03388,MPL-0404,V063,2026-09-21,5.55,Foundation,Processed,REF-0003388
PAY-03389,MPL-0404,V063,2026-12-05,2.53,Mobilization,Processed,REF-0003389
PAY-03390,MPL-0404,V063,2026-12-29,5.74,Final,Processed,REF-0003390
PAY-03391,MPL-0404,V063,2026-06-03,3.28,Final,Processed,REF-0003391
PAY-03392,MPL-0404,V063,2026-12-19,0.32,Execution,Processed,REF-0003392
PAY-03393,MPL-0404,V063,2026-10-03,5.43,Foundation,Processed,REF-0003393
PAY-03394,MPL-0404,V063,2026-12-17,0.27,Foundation,Processed,REF-0003394
PAY-03395,MPL-0404,V063,2026-09-19,2.44,Finishing,Processed,REF-0003395
PAY-03396,MPL-0405,V056,2026-11-06,0.11,Foundation,Processed,REF-0003396
PAY-03397,MPL-0405,V056,2027-02-21,0.78,Foundation,Processed,REF-0003397
PAY-03398,MPL-0405,V056,2027-01-31,1.36,Foundation,Processed,REF-0003398
PAY-03399,MPL-0405,V056,2026-06-29,0.45,Foundation,Processed,REF-0003399
PAY-03400,MPL-0405,V056,2027-05-17,0.42,Finishing,Processed,REF-0003400
PAY-03401,MPL-0405,V056,2027-01-03,0.81,Foundation,Processed,REF-0003401
PAY-03402,MPL-0405,V056,2027-03-30,0.0,Final,Processed,REF-0003402
PAY-03403,MPL-0405,V056,2027-05-15,1.4,Foundation,Processed,REF-0003403
PAY-03404,MPL-0405,V056,2026-08-16,0.12,Execution,Processed,REF-0003404
PAY-03405,MPL-0405,V056,2026-12-27,2.32,Final,Processed,REF-0003405
PAY-03406,MPL-0405,V056,2026-10-29,0.75,Mobilization,Processed,REF-0003406
PAY-03407,MPL-0406,V020,2027-01-15,9.09,Final,Processed,REF-0003407
PAY-03408,MPL-0406,V020,2026-07-20,6.52,Finishing,Processed,REF-0003408
PAY-03409,MPL-0406,V020,2026-02-22,3.9,Mobilization,Processed,REF-0003409
PAY-03410,MPL-0406,V020,2026-11-29,5.18,Mobilization,Processed,REF-0003410
PAY-03411,MPL-0406,V020,2026-06-15,0.29,Execution,Processed,REF-0003411
PAY-03412,MPL-0406,V020,2026-06-21,5.97,Foundation,Processed,REF-0003412
PAY-03413,MPL-0406,V020,2026-11-23,6.01,Final,Processed,REF-0003413
PAY-03414,MPL-0406,V020,2026-12-03,13.55,Final,Processed,REF-0003414
PAY-03415,MPL-0406,V020,2026-05-16,4.3,Finishing,Processed,REF-0003415
PAY-03416,MPL-0407,V011,2026-08-03,0.76,Mobilization,Processed,REF-0003416
PAY-03417,MPL-0407,V011,2026-11-02,3.48,Final,Processed,REF-0003417
PAY-03418,MPL-0407,V011,2026-12-19,10.15,Final,Processed,REF-0003418
PAY-03419,MPL-0407,V011,2026-11-09,2.6,Mobilization,Processed,REF-0003419
PAY-03420,MPL-0407,V011,2027-01-20,3.13,Foundation,Processed,REF-0003420
PAY-03421,MPL-0408,V011,2026-08-08,5.29,Execution,Processed,REF-0003421
PAY-03422,MPL-0408,V011,2027-01-17,2.7,Execution,Processed,REF-0003422
PAY-03423,MPL-0408,V011,2026-10-31,2.19,Final,Processed,REF-0003423
PAY-03424,MPL-0408,V011,2026-09-24,1.18,Finishing,Processed,REF-0003424
PAY-03425,MPL-0408,V011,2027-04-18,4.04,Final,Processed,REF-0003425
PAY-03426,MPL-0408,V011,2027-03-29,1.04,Execution,Processed,REF-0003426
PAY-03427,MPL-0408,V011,2026-08-02,4.11,Finishing,Processed,REF-0003427
PAY-03428,MPL-0409,V051,2027-02-11,0.07,Foundation,Processed,REF-0003428
PAY-03429,MPL-0409,V051,2026-08-01,2.06,Execution,Processed,REF-0003429
PAY-03430,MPL-0409,V051,2026-04-21,0.71,Execution,Processed,REF-0003430
PAY-03431,MPL-0409,V051,2026-09-27,0.6,Finishing,Processed,REF-0003431
PAY-03432,MPL-0409,V051,2026-07-30,0.97,Final,Processed,REF-0003432
PAY-03433,MPL-0409,V051,2026-09-15,1.01,Finishing,Processed,REF-0003433
PAY-03434,MPL-0409,V051,2026-07-23,0.15,Finishing,Processed,REF-0003434
PAY-03435,MPL-0409,V051,2027-01-10,1.46,Mobilization,Processed,REF-0003435
PAY-03436,MPL-0409,V051,2026-05-07,0.33,Mobilization,Processed,REF-0003436
PAY-03437,MPL-0409,V051,2027-01-12,2.43,Foundation,Processed,REF-0003437
PAY-03438,MPL-0409,V051,2026-07-25,1.76,Finishing,Processed,REF-0003438
PAY-03439,MPL-0409,V051,2026-04-20,0.44,Foundation,Processed,REF-0003439
PAY-03440,MPL-0410,V039,2026-12-06,3.02,Final,Processed,REF-0003440
PAY-03441,MPL-0410,V039,2026-06-15,0.81,Mobilization,Processed,REF-0003441
PAY-03442,MPL-0410,V039,2027-02-13,0.19,Finishing,Processed,REF-0003442
PAY-03443,MPL-0410,V039,2026-07-17,5.98,Foundation,Processed,REF-0003443
PAY-03444,MPL-0410,V039,2026-08-26,1.94,Foundation,Processed,REF-0003444
PAY-03445,MPL-0410,V039,2026-11-14,1.12,Mobilization,Processed,REF-0003445
PAY-03446,MPL-0410,V039,2026-05-27,0.93,Execution,Processed,REF-0003446
PAY-03447,MPL-0410,V039,2026-05-14,0.72,Final,Processed,REF-0003447
PAY-03448,MPL-0410,V039,2026-12-04,7.3,Mobilization,Processed,REF-0003448
PAY-03449,MPL-0410,V039,2026-09-29,0.27,Final,Processed,REF-0003449
PAY-03450,MPL-0410,V039,2026-12-25,0.69,Foundation,Processed,REF-0003450
PAY-03451,MPL-0410,V039,2026-06-25,1.22,Execution,Processed,REF-0003451
PAY-03452,MPL-0411,V002,2026-12-16,4.08,Mobilization,Processed,REF-0003452
PAY-03453,MPL-0411,V002,2026-03-25,4.0,Execution,Processed,REF-0003453
PAY-03454,MPL-0411,V002,2026-12-09,1.21,Final,Processed,REF-0003454
PAY-03455,MPL-0411,V002,2026-12-25,0.98,Foundation,Processed,REF-0003455
PAY-03456,MPL-0411,V002,2026-02-28,1.84,Finishing,Processed,REF-0003456
PAY-03457,MPL-0411,V002,2026-06-27,15.43,Final,Processed,REF-0003457
PAY-03458,MPL-0411,V002,2026-05-02,0.75,Mobilization,Processed,REF-0003458
PAY-03459,MPL-0411,V002,2026-10-14,8.88,Foundation,Processed,REF-0003459
PAY-03460,MPL-0412,V008,2026-11-11,2.17,Mobilization,Processed,REF-0003460
PAY-03461,MPL-0412,V008,2026-07-10,2.55,Final,Processed,REF-0003461
PAY-03462,MPL-0412,V008,2027-03-20,3.34,Foundation,Processed,REF-0003462
PAY-03463,MPL-0412,V008,2027-03-16,0.47,Execution,Processed,REF-0003463
PAY-03464,MPL-0412,V008,2026-05-26,0.39,Finishing,Processed,REF-0003464
PAY-03465,MPL-0412,V008,2026-11-20,0.96,Execution,Processed,REF-0003465
PAY-03466,MPL-0412,V008,2027-01-12,0.47,Final,Processed,REF-0003466
PAY-03467,MPL-0412,V008,2026-08-18,2.03,Mobilization,Processed,REF-0003467
PAY-03468,MPL-0412,V008,2026-07-14,1.55,Final,Processed,REF-0003468
PAY-03469,MPL-0412,V008,2026-06-05,3.19,Execution,Processed,REF-0003469
PAY-03470,MPL-0412,V008,2026-09-01,0.13,Foundation,Processed,REF-0003470
PAY-03471,MPL-0413,V057,2026-07-08,4.68,Mobilization,Processed,REF-0003471
PAY-03472,MPL-0413,V057,2026-06-10,0.66,Foundation,Processed,REF-0003472
PAY-03473,MPL-0413,V057,2026-06-26,1.28,Foundation,Processed,REF-0003473
PAY-03474,MPL-0413,V057,2026-05-17,1.1,Execution,Processed,REF-0003474
PAY-03475,MPL-0413,V057,2026-11-01,2.71,Mobilization,Processed,REF-0003475
PAY-03476,MPL-0413,V057,2027-02-12,1.04,Finishing,Processed,REF-0003476
PAY-03477,MPL-0413,V057,2026-07-04,5.46,Final,Processed,REF-0003477
PAY-03478,MPL-0414,V021,2026-07-05,2.89,Mobilization,Processed,REF-0003478
PAY-03479,MPL-0414,V021,2026-10-01,2.56,Execution,Processed,REF-0003479
PAY-03480,MPL-0414,V021,2027-05-06,0.09,Execution,Processed,REF-0003480
PAY-03481,MPL-0414,V021,2027-01-26,2.39,Foundation,Processed,REF-0003481
PAY-03482,MPL-0414,V021,2026-07-21,1.89,Foundation,Processed,REF-0003482
PAY-03483,MPL-0414,V021,2027-02-16,0.14,Finishing,Processed,REF-0003483
PAY-03484,MPL-0414,V021,2026-06-22,0.14,Foundation,Processed,REF-0003484
PAY-03485,MPL-0415,V034,2026-04-29,0.05,Final,Processed,REF-0003485
PAY-03486,MPL-0415,V034,2026-07-10,0.01,Finishing,Processed,REF-0003486
PAY-03487,MPL-0415,V034,2026-06-06,0.36,Mobilization,Processed,REF-0003487
PAY-03488,MPL-0415,V034,2026-07-01,1.63,Foundation,Processed,REF-0003488
PAY-03489,MPL-0415,V034,2026-05-19,0.26,Foundation,Processed,REF-0003489
PAY-03490,MPL-0415,V034,2026-11-10,0.35,Mobilization,Processed,REF-0003490
PAY-03491,MPL-0415,V034,2026-11-20,1.55,Foundation,Processed,REF-0003491
PAY-03492,MPL-0415,V034,2026-07-06,0.13,Execution,Processed,REF-0003492
PAY-03493,MPL-0415,V034,2027-01-03,0.88,Final,Processed,REF-0003493
PAY-03494,MPL-0415,V034,2027-01-08,0.36,Final,Processed,REF-0003494
PAY-03495,MPL-0416,V072,2026-11-06,2.07,Foundation,Processed,REF-0003495
PAY-03496,MPL-0416,V072,2027-01-18,1.03,Final,Processed,REF-0003496
PAY-03497,MPL-0416,V072,2027-02-21,2.03,Final,Processed,REF-0003497
PAY-03498,MPL-0416,V072,2026-07-08,0.19,Finishing,Processed,REF-0003498
PAY-03499,MPL-0416,V072,2026-10-23,3.56,Foundation,Processed,REF-0003499
PAY-03500,MPL-0416,V072,2027-01-26,0.82,Finishing,Processed,REF-0003500
PAY-03501,MPL-0416,V072,2026-08-09,5.38,Execution,Processed,REF-0003501
PAY-03502,MPL-0416,V072,2026-07-31,1.13,Final,Processed,REF-0003502
PAY-03503,MPL-0416,V072,2026-07-07,0.38,Mobilization,Processed,REF-0003503
PAY-03504,MPL-0416,V072,2026-06-28,2.93,Finishing,Processed,REF-0003504
PAY-03505,MPL-0417,V065,2026-08-17,0.38,Final,Processed,REF-0003505
PAY-03506,MPL-0417,V065,2026-10-02,2.94,Mobilization,Processed,REF-0003506
PAY-03507,MPL-0417,V065,2026-11-30,7.22,Mobilization,Processed,REF-0003507
PAY-03508,MPL-0417,V065,2026-04-11,3.17,Mobilization,Processed,REF-0003508
PAY-03509,MPL-0417,V065,2026-06-03,0.05,Final,Processed,REF-0003509
PAY-03510,MPL-0417,V065,2026-04-04,1.92,Final,Processed,REF-0003510
PAY-03511,MPL-0417,V065,2026-10-09,2.49,Finishing,Processed,REF-0003511
PAY-03512,MPL-0417,V065,2027-01-04,3.66,Final,Processed,REF-0003512
PAY-03513,MPL-0417,V065,2026-04-16,0.12,Mobilization,Processed,REF-0003513
PAY-03514,MPL-0418,V001,2026-12-14,1.93,Foundation,Processed,REF-0003514
PAY-03515,MPL-0418,V001,2026-05-17,2.26,Foundation,Processed,REF-0003515
PAY-03516,MPL-0418,V001,2026-04-08,0.55,Final,Processed,REF-0003516
PAY-03517,MPL-0418,V001,2027-01-18,1.15,Final,Processed,REF-0003517
PAY-03518,MPL-0418,V001,2026-04-20,1.71,Foundation,Processed,REF-0003518
PAY-03519,MPL-0418,V001,2026-12-14,5.27,Final,Processed,REF-0003519
PAY-03520,MPL-0418,V001,2026-04-25,7.8,Execution,Processed,REF-0003520
PAY-03521,MPL-0419,V053,2026-09-17,1.27,Execution,Processed,REF-0003521
PAY-03522,MPL-0419,V053,2026-10-25,0.64,Final,Processed,REF-0003522
PAY-03523,MPL-0419,V053,2026-07-16,0.38,Foundation,Processed,REF-0003523
PAY-03524,MPL-0419,V053,2026-05-30,5.15,Finishing,Processed,REF-0003524
PAY-03525,MPL-0419,V053,2027-01-14,5.22,Foundation,Processed,REF-0003525
PAY-03526,MPL-0419,V053,2026-07-18,3.32,Foundation,Processed,REF-0003526
PAY-03527,MPL-0420,V005,2027-03-21,3.25,Foundation,Processed,REF-0003527
PAY-03528,MPL-0420,V005,2027-05-14,0.83,Finishing,Processed,REF-0003528
PAY-03529,MPL-0420,V005,2026-08-04,3.58,Finishing,Processed,REF-0003529
PAY-03530,MPL-0420,V005,2027-05-19,1.11,Final,Processed,REF-0003530
PAY-03531,MPL-0420,V005,2026-08-09,0.84,Execution,Processed,REF-0003531
PAY-03532,MPL-0420,V005,2027-02-19,2.88,Foundation,Processed,REF-0003532
PAY-03533,MPL-0421,V036,2026-11-14,0.82,Mobilization,Processed,REF-0003533
PAY-03534,MPL-0421,V036,2026-06-11,0.49,Mobilization,Processed,REF-0003534
PAY-03535,MPL-0421,V036,2026-06-08,5.87,Mobilization,Processed,REF-0003535
PAY-03536,MPL-0421,V036,2026-06-10,5.83,Mobilization,Processed,REF-0003536
PAY-03537,MPL-0421,V036,2026-11-07,22.35,Foundation,Processed,REF-0003537
PAY-03538,MPL-0421,V036,2027-04-17,1.33,Final,Processed,REF-0003538
PAY-03539,MPL-0421,V036,2026-07-06,1.3,Mobilization,Processed,REF-0003539
PAY-03540,MPL-0421,V036,2026-08-31,1.58,Finishing,Processed,REF-0003540
PAY-03541,MPL-0421,V036,2026-07-15,0.3,Finishing,Processed,REF-0003541
PAY-03542,MPL-0422,V069,2026-05-05,0.43,Final,Processed,REF-0003542
PAY-03543,MPL-0422,V069,2026-04-19,6.28,Foundation,Processed,REF-0003543
PAY-03544,MPL-0422,V069,2026-10-03,3.29,Execution,Processed,REF-0003544
PAY-03545,MPL-0422,V069,2026-10-17,8.4,Mobilization,Processed,REF-0003545
PAY-03546,MPL-0422,V069,2026-12-20,28.57,Execution,Processed,REF-0003546
PAY-03547,MPL-0422,V069,2026-09-02,6.27,Execution,Processed,REF-0003547
PAY-03548,MPL-0422,V069,2026-06-26,0.3,Mobilization,Processed,REF-0003548
PAY-03549,MPL-0422,V069,2027-01-10,0.64,Foundation,Processed,REF-0003549
PAY-03550,MPL-0422,V069,2027-02-07,12.4,Final,Processed,REF-0003550
PAY-03551,MPL-0422,V069,2027-01-07,4.37,Finishing,Processed,REF-0003551
PAY-03552,MPL-0423,V015,2026-10-04,2.32,Final,Processed,REF-0003552
PAY-03553,MPL-0423,V015,2026-03-06,2.59,Foundation,Processed,REF-0003553
PAY-03554,MPL-0423,V015,2026-04-25,3.5,Execution,Processed,REF-0003554
PAY-03555,MPL-0423,V015,2026-10-09,3.98,Final,Processed,REF-0003555
PAY-03556,MPL-0423,V015,2026-02-16,1.08,Execution,Processed,REF-0003556
PAY-03557,MPL-0423,V015,2026-08-08,0.56,Finishing,Processed,REF-0003557
PAY-03558,MPL-0423,V015,2026-02-15,4.35,Final,Processed,REF-0003558
PAY-03559,MPL-0423,V015,2026-09-05,1.06,Finishing,Processed,REF-0003559
PAY-03560,MPL-0423,V015,2026-02-08,0.09,Mobilization,Processed,REF-0003560
PAY-03561,MPL-0424,V045,2026-03-29,4.63,Execution,Processed,REF-0003561
PAY-03562,MPL-0424,V045,2026-07-31,3.98,Finishing,Processed,REF-0003562
PAY-03563,MPL-0424,V045,2026-09-20,10.16,Execution,Processed,REF-0003563
PAY-03564,MPL-0424,V045,2026-05-12,4.76,Execution,Processed,REF-0003564
PAY-03565,MPL-0424,V045,2026-12-17,1.93,Execution,Processed,REF-0003565
PAY-03566,MPL-0425,V055,2026-11-19,1.75,Finishing,Processed,REF-0003566
PAY-03567,MPL-0425,V055,2027-02-08,0.83,Mobilization,Processed,REF-0003567
PAY-03568,MPL-0425,V055,2026-08-24,0.51,Finishing,Processed,REF-0003568
PAY-03569,MPL-0425,V055,2026-07-11,0.18,Execution,Processed,REF-0003569
PAY-03570,MPL-0425,V055,2027-01-12,0.24,Foundation,Processed,REF-0003570
PAY-03571,MPL-0425,V055,2026-10-07,0.57,Execution,Processed,REF-0003571
PAY-03572,MPL-0425,V055,2027-03-30,0.04,Mobilization,Processed,REF-0003572
PAY-03573,MPL-0426,V054,2026-07-29,1.05,Foundation,Processed,REF-0003573
PAY-03574,MPL-0426,V054,2026-12-13,4.45,Finishing,Processed,REF-0003574
PAY-03575,MPL-0426,V054,2026-03-14,2.32,Final,Processed,REF-0003575
PAY-03576,MPL-0426,V054,2026-03-13,1.83,Finishing,Processed,REF-0003576
PAY-03577,MPL-0426,V054,2026-03-20,0.58,Finishing,Processed,REF-0003577
PAY-03578,MPL-0426,V054,2026-06-07,2.07,Foundation,Processed,REF-0003578
PAY-03579,MPL-0426,V054,2026-09-19,5.23,Final,Processed,REF-0003579
PAY-03580,MPL-0426,V054,2027-01-01,1.09,Final,Processed,REF-0003580
PAY-03581,MPL-0426,V054,2026-10-14,0.02,Final,Processed,REF-0003581
PAY-03582,MPL-0426,V054,2026-08-21,3.92,Mobilization,Processed,REF-0003582
PAY-03583,MPL-0427,V053,2026-04-13,5.9,Mobilization,Processed,REF-0003583
PAY-03584,MPL-0427,V053,2026-03-11,1.53,Execution,Processed,REF-0003584
PAY-03585,MPL-0427,V053,2026-03-04,0.21,Mobilization,Processed,REF-0003585
PAY-03586,MPL-0427,V053,2026-08-27,0.63,Execution,Processed,REF-0003586
PAY-03587,MPL-0427,V053,2026-11-05,3.32,Mobilization,Processed,REF-0003587
PAY-03588,MPL-0427,V053,2026-11-19,0.43,Final,Processed,REF-0003588
PAY-03589,MPL-0427,V053,2026-02-10,1.53,Execution,Processed,REF-0003589
PAY-03590,MPL-0428,V024,2027-04-10,0.67,Foundation,Processed,REF-0003590
PAY-03591,MPL-0428,V024,2027-02-20,0.3,Finishing,Processed,REF-0003591
PAY-03592,MPL-0428,V024,2027-01-26,2.17,Foundation,Processed,REF-0003592
PAY-03593,MPL-0428,V024,2027-02-04,1.75,Foundation,Processed,REF-0003593
PAY-03594,MPL-0428,V024,2026-11-25,1.4,Foundation,Processed,REF-0003594
PAY-03595,MPL-0428,V024,2027-02-10,0.35,Mobilization,Processed,REF-0003595
PAY-03596,MPL-0428,V024,2026-12-06,0.13,Execution,Processed,REF-0003596
PAY-03597,MPL-0428,V024,2026-09-17,1.11,Foundation,Processed,REF-0003597
PAY-03598,MPL-0428,V024,2026-06-18,1.04,Foundation,Processed,REF-0003598
PAY-03599,MPL-0429,V059,2027-03-18,0.33,Execution,Processed,REF-0003599
PAY-03600,MPL-0429,V059,2026-08-01,0.09,Final,Processed,REF-0003600
PAY-03601,MPL-0429,V059,2027-02-22,0.13,Execution,Processed,REF-0003601
PAY-03602,MPL-0429,V059,2026-11-30,7.87,Execution,Processed,REF-0003602
PAY-03603,MPL-0429,V059,2026-07-26,2.44,Mobilization,Processed,REF-0003603
PAY-03604,MPL-0429,V059,2026-09-07,4.07,Finishing,Processed,REF-0003604
PAY-03605,MPL-0429,V059,2026-07-11,0.35,Execution,Processed,REF-0003605
PAY-03606,MPL-0429,V059,2027-01-31,5.16,Finishing,Processed,REF-0003606
PAY-03607,MPL-0429,V059,2026-08-23,0.25,Mobilization,Processed,REF-0003607
PAY-03608,MPL-0429,V059,2026-10-11,1.14,Execution,Processed,REF-0003608
PAY-03609,MPL-0429,V059,2026-06-17,2.83,Finishing,Processed,REF-0003609
PAY-03610,MPL-0430,V022,2026-08-04,13.21,Execution,Processed,REF-0003610
PAY-03611,MPL-0430,V022,2026-12-06,16.98,Finishing,Processed,REF-0003611
PAY-03612,MPL-0430,V022,2026-04-07,4.21,Execution,Processed,REF-0003612
PAY-03613,MPL-0430,V022,2026-07-27,4.03,Execution,Processed,REF-0003613
PAY-03614,MPL-0430,V022,2026-02-07,29.67,Foundation,Processed,REF-0003614
PAY-03615,MPL-0431,V036,2026-06-29,3.57,Execution,Processed,REF-0003615
PAY-03616,MPL-0431,V036,2026-08-25,4.76,Final,Processed,REF-0003616
PAY-03617,MPL-0431,V036,2026-06-07,2.58,Execution,Processed,REF-0003617
PAY-03618,MPL-0431,V036,2026-06-10,3.29,Mobilization,Processed,REF-0003618
PAY-03619,MPL-0431,V036,2026-04-16,0.04,Finishing,Processed,REF-0003619
PAY-03620,MPL-0431,V036,2026-09-13,0.56,Execution,Processed,REF-0003620
PAY-03621,MPL-0431,V036,2026-09-30,13.29,Execution,Processed,REF-0003621
PAY-03622,MPL-0431,V036,2026-07-30,0.25,Final,Processed,REF-0003622
PAY-03623,MPL-0431,V036,2026-12-23,3.6,Final,Processed,REF-0003623
PAY-03624,MPL-0431,V036,2026-11-17,0.61,Mobilization,Processed,REF-0003624
PAY-03625,MPL-0431,V036,2026-06-27,4.0,Mobilization,Processed,REF-0003625
PAY-03626,MPL-0432,V049,2026-07-18,2.69,Final,Processed,REF-0003626
PAY-03627,MPL-0432,V049,2026-11-28,0.59,Final,Processed,REF-0003627
PAY-03628,MPL-0432,V049,2026-06-16,0.69,Execution,Processed,REF-0003628
PAY-03629,MPL-0432,V049,2026-09-02,2.34,Foundation,Processed,REF-0003629
PAY-03630,MPL-0432,V049,2026-11-10,1.09,Final,Processed,REF-0003630
PAY-03631,MPL-0432,V049,2026-04-17,0.48,Execution,Processed,REF-0003631
PAY-03632,MPL-0432,V049,2026-04-05,2.89,Execution,Processed,REF-0003632
PAY-03633,MPL-0432,V049,2027-02-07,0.37,Mobilization,Processed,REF-0003633
PAY-03634,MPL-0432,V049,2026-08-13,4.25,Foundation,Processed,REF-0003634
PAY-03635,MPL-0432,V049,2026-06-29,1.59,Foundation,Processed,REF-0003635
PAY-03636,MPL-0433,V041,2026-08-16,0.16,Foundation,Processed,REF-0003636
PAY-03637,MPL-0433,V041,2026-11-12,1.74,Execution,Processed,REF-0003637
PAY-03638,MPL-0433,V041,2026-12-13,1.08,Execution,Processed,REF-0003638
PAY-03639,MPL-0433,V041,2026-04-19,0.52,Finishing,Processed,REF-0003639
PAY-03640,MPL-0433,V041,2026-06-09,0.81,Foundation,Processed,REF-0003640
PAY-03641,MPL-0433,V041,2026-04-09,0.52,Mobilization,Processed,REF-0003641
PAY-03642,MPL-0433,V041,2026-04-05,0.45,Final,Processed,REF-0003642
PAY-03643,MPL-0433,V041,2026-10-06,0.26,Final,Processed,REF-0003643
PAY-03644,MPL-0434,V030,2026-03-19,2.18,Final,Processed,REF-0003644
PAY-03645,MPL-0434,V030,2026-02-08,1.4,Final,Processed,REF-0003645
PAY-03646,MPL-0434,V030,2026-04-26,5.56,Foundation,Processed,REF-0003646
PAY-03647,MPL-0434,V030,2026-11-14,5.56,Mobilization,Processed,REF-0003647
PAY-03648,MPL-0434,V030,2026-12-04,3.37,Foundation,Processed,REF-0003648
PAY-03649,MPL-0434,V030,2026-09-24,7.27,Foundation,Processed,REF-0003649
PAY-03650,MPL-0434,V030,2026-03-24,8.89,Finishing,Processed,REF-0003650
PAY-03651,MPL-0434,V030,2026-12-10,4.19,Execution,Processed,REF-0003651
PAY-03652,MPL-0434,V030,2026-05-10,4.66,Mobilization,Processed,REF-0003652
PAY-03653,MPL-0434,V030,2026-08-11,1.61,Mobilization,Processed,REF-0003653
PAY-03654,MPL-0434,V030,2026-02-23,10.88,Mobilization,Processed,REF-0003654
PAY-03655,MPL-0434,V030,2026-11-24,0.12,Final,Processed,REF-0003655
PAY-03656,MPL-0435,V032,2026-11-11,2.93,Finishing,Processed,REF-0003656
PAY-03657,MPL-0435,V032,2026-07-15,8.76,Finishing,Processed,REF-0003657
PAY-03658,MPL-0435,V032,2027-02-08,0.57,Finishing,Processed,REF-0003658
PAY-03659,MPL-0435,V032,2027-03-06,1.38,Final,Processed,REF-0003659
PAY-03660,MPL-0435,V032,2026-06-01,6.09,Mobilization,Processed,REF-0003660
PAY-03661,MPL-0435,V032,2026-08-30,5.62,Foundation,Processed,REF-0003661
PAY-03662,MPL-0435,V032,2026-06-10,9.19,Mobilization,Processed,REF-0003662
PAY-03663,MPL-0435,V032,2027-03-24,11.46,Mobilization,Processed,REF-0003663
PAY-03664,MPL-0435,V032,2026-11-15,0.94,Finishing,Processed,REF-0003664
PAY-03665,MPL-0435,V032,2026-07-24,0.13,Final,Processed,REF-0003665
PAY-03666,MPL-0435,V032,2026-08-01,8.01,Final,Processed,REF-0003666
PAY-03667,MPL-0435,V032,2027-02-20,2.45,Mobilization,Processed,REF-0003667
PAY-03668,MPL-0436,V028,2026-12-19,1.5,Execution,Processed,REF-0003668
PAY-03669,MPL-0436,V028,2027-02-05,0.25,Finishing,Processed,REF-0003669
PAY-03670,MPL-0436,V028,2026-10-22,0.97,Execution,Processed,REF-0003670
PAY-03671,MPL-0436,V028,2027-04-10,1.07,Mobilization,Processed,REF-0003671
PAY-03672,MPL-0436,V028,2027-01-07,1.34,Mobilization,Processed,REF-0003672
PAY-03673,MPL-0436,V028,2027-04-22,1.1,Foundation,Processed,REF-0003673
PAY-03674,MPL-0436,V028,2026-12-26,1.04,Execution,Processed,REF-0003674
PAY-03675,MPL-0436,V028,2027-04-17,0.62,Execution,Processed,REF-0003675
PAY-03676,MPL-0437,V034,2026-06-04,0.48,Mobilization,Processed,REF-0003676
PAY-03677,MPL-0437,V034,2026-10-12,0.61,Final,Processed,REF-0003677
PAY-03678,MPL-0437,V034,2026-06-11,3.72,Mobilization,Processed,REF-0003678
PAY-03679,MPL-0437,V034,2027-01-30,2.88,Final,Processed,REF-0003679
PAY-03680,MPL-0437,V034,2026-09-29,4.75,Mobilization,Processed,REF-0003680
PAY-03681,MPL-0437,V034,2027-02-06,2.38,Execution,Processed,REF-0003681
PAY-03682,MPL-0437,V034,2026-08-29,7.62,Foundation,Processed,REF-0003682
PAY-03683,MPL-0438,V011,2027-03-24,2.1,Finishing,Processed,REF-0003683
PAY-03684,MPL-0438,V011,2026-12-18,0.37,Mobilization,Processed,REF-0003684
PAY-03685,MPL-0438,V011,2027-04-22,0.23,Foundation,Processed,REF-0003685
PAY-03686,MPL-0438,V011,2027-01-20,0.13,Foundation,Processed,REF-0003686
PAY-03687,MPL-0438,V011,2026-09-21,1.01,Foundation,Processed,REF-0003687
PAY-03688,MPL-0438,V011,2026-10-14,0.62,Final,Processed,REF-0003688
PAY-03689,MPL-0438,V011,2027-04-30,0.22,Final,Processed,REF-0003689
PAY-03690,MPL-0438,V011,2026-09-09,1.12,Mobilization,Processed,REF-0003690
PAY-03691,MPL-0438,V011,2026-10-26,0.17,Finishing,Processed,REF-0003691
PAY-03692,MPL-0438,V011,2026-11-13,0.85,Execution,Processed,REF-0003692
PAY-03693,MPL-0438,V011,2026-12-15,0.79,Finishing,Processed,REF-0003693
PAY-03694,MPL-0439,V025,2026-06-20,6.67,Execution,Processed,REF-0003694
PAY-03695,MPL-0439,V025,2026-05-22,0.29,Execution,Processed,REF-0003695
PAY-03696,MPL-0439,V025,2026-07-09,11.01,Final,Processed,REF-0003696
PAY-03697,MPL-0439,V025,2027-02-02,6.11,Finishing,Processed,REF-0003697
PAY-03698,MPL-0439,V025,2026-05-25,1.23,Execution,Processed,REF-0003698
PAY-03699,MPL-0439,V025,2027-03-22,1.02,Mobilization,Processed,REF-0003699
PAY-03700,MPL-0440,V026,2026-10-22,0.27,Finishing,Processed,REF-0003700
PAY-03701,MPL-0440,V026,2027-01-11,0.8,Finishing,Processed,REF-0003701
PAY-03702,MPL-0440,V026,2027-01-31,0.87,Mobilization,Processed,REF-0003702
PAY-03703,MPL-0440,V026,2027-03-15,0.35,Mobilization,Processed,REF-0003703
PAY-03704,MPL-0440,V026,2026-08-21,0.93,Foundation,Processed,REF-0003704
PAY-03705,MPL-0440,V026,2027-01-27,0.0,Mobilization,Processed,REF-0003705
PAY-03706,MPL-0440,V026,2026-07-14,0.02,Foundation,Processed,REF-0003706
PAY-03707,MPL-0440,V026,2026-07-21,1.14,Final,Processed,REF-0003707
PAY-03708,MPL-0440,V026,2026-10-05,0.7,Execution,Processed,REF-0003708
PAY-03709,MPL-0440,V026,2027-01-08,0.28,Finishing,Processed,REF-0003709
PAY-03710,MPL-0441,V067,2026-04-04,5.43,Finishing,Processed,REF-0003710
PAY-03711,MPL-0441,V067,2026-06-08,12.08,Finishing,Processed,REF-0003711
PAY-03712,MPL-0441,V067,2026-04-28,5.73,Execution,Processed,REF-0003712
PAY-03713,MPL-0441,V067,2026-07-08,7.16,Mobilization,Processed,REF-0003713
PAY-03714,MPL-0441,V067,2026-06-19,5.54,Foundation,Processed,REF-0003714
PAY-03715,MPL-0441,V067,2026-07-30,0.71,Execution,Processed,REF-0003715
PAY-03716,MPL-0442,V053,2026-04-17,0.72,Finishing,Processed,REF-0003716
PAY-03717,MPL-0442,V053,2026-12-07,0.09,Final,Processed,REF-0003717
PAY-03718,MPL-0442,V053,2026-06-23,0.89,Finishing,Processed,REF-0003718
PAY-03719,MPL-0442,V053,2027-01-08,0.25,Mobilization,Processed,REF-0003719
PAY-03720,MPL-0442,V053,2026-11-25,0.45,Finishing,Processed,REF-0003720
PAY-03721,MPL-0442,V053,2026-10-25,0.28,Final,Processed,REF-0003721
PAY-03722,MPL-0442,V053,2027-02-14,0.04,Foundation,Processed,REF-0003722
PAY-03723,MPL-0442,V053,2027-02-03,0.14,Foundation,Processed,REF-0003723
PAY-03724,MPL-0442,V053,2026-12-15,1.65,Execution,Processed,REF-0003724
PAY-03725,MPL-0442,V053,2026-08-17,1.29,Mobilization,Processed,REF-0003725
PAY-03726,MPL-0443,V055,2026-06-02,0.19,Execution,Processed,REF-0003726
PAY-03727,MPL-0443,V055,2026-11-09,2.82,Mobilization,Processed,REF-0003727
PAY-03728,MPL-0443,V055,2026-10-27,0.94,Finishing,Processed,REF-0003728
PAY-03729,MPL-0443,V055,2026-05-09,0.48,Execution,Processed,REF-0003729
PAY-03730,MPL-0443,V055,2026-07-01,0.02,Foundation,Processed,REF-0003730
PAY-03731,MPL-0443,V055,2026-10-01,1.17,Final,Processed,REF-0003731
PAY-03732,MPL-0444,V043,2026-12-18,4.32,Mobilization,Processed,REF-0003732
PAY-03733,MPL-0444,V043,2026-09-09,10.74,Foundation,Processed,REF-0003733
PAY-03734,MPL-0444,V043,2027-04-19,9.52,Execution,Processed,REF-0003734
PAY-03735,MPL-0444,V043,2027-04-03,9.48,Mobilization,Processed,REF-0003735
PAY-03736,MPL-0444,V043,2026-06-20,6.34,Mobilization,Processed,REF-0003736
PAY-03737,MPL-0444,V043,2026-11-29,1.82,Finishing,Processed,REF-0003737
PAY-03738,MPL-0444,V043,2026-06-02,2.17,Final,Processed,REF-0003738
PAY-03739,MPL-0445,V057,2026-10-11,1.17,Execution,Processed,REF-0003739
PAY-03740,MPL-0445,V057,2026-11-10,0.06,Final,Processed,REF-0003740
PAY-03741,MPL-0445,V057,2026-02-27,2.78,Execution,Processed,REF-0003741
PAY-03742,MPL-0445,V057,2026-06-20,3.82,Final,Processed,REF-0003742
PAY-03743,MPL-0445,V057,2026-04-28,6.12,Mobilization,Processed,REF-0003743
PAY-03744,MPL-0446,V050,2026-09-16,0.65,Final,Processed,REF-0003744
PAY-03745,MPL-0446,V050,2026-08-01,3.36,Finishing,Processed,REF-0003745
PAY-03746,MPL-0446,V050,2027-03-11,0.03,Final,Processed,REF-0003746
PAY-03747,MPL-0446,V050,2027-03-24,0.43,Finishing,Processed,REF-0003747
PAY-03748,MPL-0446,V050,2027-03-24,0.24,Final,Processed,REF-0003748
PAY-03749,MPL-0446,V050,2026-11-17,5.53,Execution,Processed,REF-0003749
PAY-03750,MPL-0446,V050,2027-02-15,0.36,Final,Processed,REF-0003750
PAY-03751,MPL-0446,V050,2027-03-12,5.39,Finishing,Processed,REF-0003751
PAY-03752,MPL-0446,V050,2026-06-23,1.23,Final,Processed,REF-0003752
PAY-03753,MPL-0446,V050,2026-10-07,8.98,Foundation,Processed,REF-0003753
PAY-03754,MPL-0446,V050,2027-02-07,7.17,Execution,Processed,REF-0003754
PAY-03755,MPL-0446,V050,2027-03-01,13.53,Finishing,Processed,REF-0003755
PAY-03756,MPL-0447,V066,2026-05-31,6.88,Execution,Processed,REF-0003756
PAY-03757,MPL-0447,V066,2026-12-31,8.66,Mobilization,Processed,REF-0003757
PAY-03758,MPL-0447,V066,2026-08-14,6.26,Mobilization,Processed,REF-0003758
PAY-03759,MPL-0447,V066,2026-11-28,3.78,Execution,Processed,REF-0003759
PAY-03760,MPL-0447,V066,2027-01-02,0.6,Final,Processed,REF-0003760
PAY-03761,MPL-0447,V066,2026-06-24,1.01,Foundation,Processed,REF-0003761
PAY-03762,MPL-0447,V066,2026-06-22,0.76,Mobilization,Processed,REF-0003762
PAY-03763,MPL-0447,V066,2026-06-19,2.96,Foundation,Processed,REF-0003763
PAY-03764,MPL-0448,V019,2026-04-07,0.38,Finishing,Processed,REF-0003764
PAY-03765,MPL-0448,V019,2026-08-19,1.09,Final,Processed,REF-0003765
PAY-03766,MPL-0448,V019,2026-11-07,1.65,Mobilization,Processed,REF-0003766
PAY-03767,MPL-0448,V019,2026-08-21,0.28,Final,Processed,REF-0003767
PAY-03768,MPL-0448,V019,2026-02-05,0.38,Final,Processed,REF-0003768
PAY-03769,MPL-0448,V019,2026-09-24,1.92,Foundation,Processed,REF-0003769
PAY-03770,MPL-0448,V019,2026-08-16,0.17,Mobilization,Processed,REF-0003770
PAY-03771,MPL-0448,V019,2026-09-16,0.85,Finishing,Processed,REF-0003771
PAY-03772,MPL-0448,V019,2026-02-09,0.14,Finishing,Processed,REF-0003772
PAY-03773,MPL-0449,V079,2026-07-16,3.12,Execution,Processed,REF-0003773
PAY-03774,MPL-0449,V079,2027-01-09,0.8,Foundation,Processed,REF-0003774
PAY-03775,MPL-0449,V079,2026-12-19,5.86,Final,Processed,REF-0003775
PAY-03776,MPL-0449,V079,2026-07-18,2.24,Execution,Processed,REF-0003776
PAY-03777,MPL-0449,V079,2027-03-02,0.56,Final,Processed,REF-0003777
PAY-03778,MPL-0449,V079,2026-09-29,0.69,Foundation,Processed,REF-0003778
PAY-03779,MPL-0449,V079,2026-12-19,1.85,Foundation,Processed,REF-0003779
PAY-03780,MPL-0450,V052,2026-07-22,6.31,Mobilization,Processed,REF-0003780
PAY-03781,MPL-0450,V052,2026-08-22,2.84,Finishing,Processed,REF-0003781
PAY-03782,MPL-0450,V052,2027-02-01,1.3,Mobilization,Processed,REF-0003782
PAY-03783,MPL-0450,V052,2026-05-10,0.8,Final,Processed,REF-0003783
PAY-03784,MPL-0450,V052,2027-01-05,1.54,Finishing,Processed,REF-0003784
PAY-03785,MPL-0451,V071,2026-03-29,2.34,Final,Processed,REF-0003785
PAY-03786,MPL-0451,V071,2026-05-28,2.6,Finishing,Processed,REF-0003786
PAY-03787,MPL-0451,V071,2027-01-10,0.67,Execution,Processed,REF-0003787
PAY-03788,MPL-0451,V071,2026-12-17,2.17,Foundation,Processed,REF-0003788
PAY-03789,MPL-0451,V071,2026-10-22,1.82,Execution,Processed,REF-0003789
PAY-03790,MPL-0451,V071,2026-04-30,5.43,Final,Processed,REF-0003790
PAY-03791,MPL-0451,V071,2026-09-25,4.54,Final,Processed,REF-0003791
PAY-03792,MPL-0451,V071,2026-09-23,2.64,Execution,Processed,REF-0003792
PAY-03793,MPL-0451,V071,2026-10-08,2.18,Mobilization,Processed,REF-0003793
PAY-03794,MPL-0451,V071,2026-07-02,0.54,Mobilization,Processed,REF-0003794
PAY-03795,MPL-0452,V080,2026-12-06,0.76,Mobilization,Processed,REF-0003795
PAY-03796,MPL-0452,V080,2026-07-15,0.23,Foundation,Processed,REF-0003796
PAY-03797,MPL-0452,V080,2027-01-27,0.13,Execution,Processed,REF-0003797
PAY-03798,MPL-0452,V080,2027-02-18,0.2,Execution,Processed,REF-0003798
PAY-03799,MPL-0452,V080,2026-07-02,0.74,Execution,Processed,REF-0003799
PAY-03800,MPL-0452,V080,2026-08-08,0.07,Execution,Processed,REF-0003800
PAY-03801,MPL-0452,V080,2026-11-22,0.25,Final,Processed,REF-0003801
PAY-03802,MPL-0452,V080,2026-07-17,0.28,Foundation,Processed,REF-0003802
PAY-03803,MPL-0452,V080,2027-02-26,0.02,Execution,Processed,REF-0003803
PAY-03804,MPL-0452,V080,2027-01-17,0.09,Execution,Processed,REF-0003804
PAY-03805,MPL-0452,V080,2027-03-18,0.71,Mobilization,Processed,REF-0003805
PAY-03806,MPL-0452,V080,2026-05-17,0.72,Foundation,Processed,REF-0003806
PAY-03807,MPL-0453,V020,2026-07-27,0.21,Mobilization,Processed,REF-0003807
PAY-03808,MPL-0453,V020,2026-04-07,1.29,Final,Processed,REF-0003808
PAY-03809,MPL-0453,V020,2026-11-12,0.91,Final,Processed,REF-0003809
PAY-03810,MPL-0453,V020,2026-10-21,0.34,Finishing,Processed,REF-0003810
PAY-03811,MPL-0453,V020,2026-05-06,0.85,Mobilization,Processed,REF-0003811
PAY-03812,MPL-0453,V020,2026-06-02,2.01,Finishing,Processed,REF-0003812
PAY-03813,MPL-0453,V020,2026-12-17,0.38,Foundation,Processed,REF-0003813
PAY-03814,MPL-0453,V020,2026-05-12,0.17,Mobilization,Processed,REF-0003814
PAY-03815,MPL-0453,V020,2026-07-11,1.76,Final,Processed,REF-0003815
PAY-03816,MPL-0453,V020,2026-09-22,0.57,Mobilization,Processed,REF-0003816
PAY-03817,MPL-0453,V020,2026-04-28,0.07,Mobilization,Processed,REF-0003817
PAY-03818,MPL-0453,V020,2026-10-13,0.53,Final,Processed,REF-0003818
PAY-03819,MPL-0454,V066,2027-02-23,10.0,Execution,Processed,REF-0003819
PAY-03820,MPL-0454,V066,2027-02-24,10.0,Execution,Processed,REF-0003820
PAY-03821,MPL-0454,V066,2027-03-04,3.4,Final,Processed,REF-0003821
PAY-03822,MPL-0454,V066,2026-05-23,1.32,Execution,Processed,REF-0003822
PAY-03823,MPL-0454,V066,2026-05-13,5.05,Finishing,Processed,REF-0003823
PAY-03824,MPL-0455,V026,2026-08-04,2.5,Final,Processed,REF-0003824
PAY-03825,MPL-0455,V026,2026-08-14,0.85,Final,Processed,REF-0003825
PAY-03826,MPL-0455,V026,2026-12-18,2.72,Finishing,Processed,REF-0003826
PAY-03827,MPL-0455,V026,2027-03-23,5.5,Foundation,Processed,REF-0003827
PAY-03828,MPL-0455,V026,2026-05-31,0.09,Execution,Processed,REF-0003828
PAY-03829,MPL-0455,V026,2026-08-26,3.18,Execution,Processed,REF-0003829
PAY-03830,MPL-0455,V026,2026-09-21,1.37,Mobilization,Processed,REF-0003830
PAY-03831,MPL-0455,V026,2027-01-14,1.11,Finishing,Processed,REF-0003831
PAY-03832,MPL-0455,V026,2026-12-18,1.59,Final,Processed,REF-0003832
PAY-03833,MPL-0455,V026,2026-09-27,1.34,Finishing,Processed,REF-0003833
PAY-03834,MPL-0455,V026,2026-07-28,5.7,Mobilization,Processed,REF-0003834
PAY-03835,MPL-0456,V066,2026-08-29,0.4,Finishing,Processed,REF-0003835
PAY-03836,MPL-0456,V066,2027-01-15,1.66,Foundation,Processed,REF-0003836
PAY-03837,MPL-0456,V066,2027-04-20,0.12,Foundation,Processed,REF-0003837
PAY-03838,MPL-0456,V066,2026-12-12,3.81,Mobilization,Processed,REF-0003838
PAY-03839,MPL-0456,V066,2027-03-30,1.23,Mobilization,Processed,REF-0003839
PAY-03840,MPL-0456,V066,2027-02-25,1.55,Finishing,Processed,REF-0003840
PAY-03841,MPL-0456,V066,2027-01-01,0.45,Mobilization,Processed,REF-0003841
PAY-03842,MPL-0456,V066,2026-09-09,0.67,Final,Processed,REF-0003842
PAY-03843,MPL-0456,V066,2027-04-23,0.32,Mobilization,Processed,REF-0003843
PAY-03844,MPL-0456,V066,2026-10-31,3.4,Mobilization,Processed,REF-0003844
PAY-03845,MPL-0456,V066,2027-01-08,0.84,Final,Processed,REF-0003845
PAY-03846,MPL-0456,V066,2027-03-19,1.25,Execution,Processed,REF-0003846
PAY-03847,MPL-0457,V070,2026-10-01,1.33,Foundation,Processed,REF-0003847
PAY-03848,MPL-0457,V070,2026-10-05,0.47,Finishing,Processed,REF-0003848
PAY-03849,MPL-0457,V070,2026-10-20,1.28,Mobilization,Processed,REF-0003849
PAY-03850,MPL-0457,V070,2026-08-30,1.13,Execution,Processed,REF-0003850
PAY-03851,MPL-0457,V070,2026-12-24,1.23,Foundation,Processed,REF-0003851
PAY-03852,MPL-0457,V070,2026-10-05,0.68,Execution,Processed,REF-0003852
PAY-03853,MPL-0458,V039,2026-05-18,0.96,Finishing,Processed,REF-0003853
PAY-03854,MPL-0458,V039,2026-12-27,0.5,Mobilization,Processed,REF-0003854
PAY-03855,MPL-0458,V039,2026-11-16,3.45,Mobilization,Processed,REF-0003855
PAY-03856,MPL-0458,V039,2026-07-06,1.86,Foundation,Processed,REF-0003856
PAY-03857,MPL-0458,V039,2026-05-15,1.17,Mobilization,Processed,REF-0003857
PAY-03858,MPL-0458,V039,2027-01-26,5.72,Foundation,Processed,REF-0003858
PAY-03859,MPL-0458,V039,2026-03-24,0.1,Finishing,Processed,REF-0003859
PAY-03860,MPL-0458,V039,2026-05-20,3.77,Foundation,Processed,REF-0003860
PAY-03861,MPL-0458,V039,2026-10-26,11.95,Foundation,Processed,REF-0003861
PAY-03862,MPL-0458,V039,2026-12-11,4.32,Execution,Processed,REF-0003862
PAY-03863,MPL-0458,V039,2026-05-30,3.3,Finishing,Processed,REF-0003863
PAY-03864,MPL-0459,V071,2027-02-13,1.0,Final,Processed,REF-0003864
PAY-03865,MPL-0459,V071,2026-11-02,0.56,Finishing,Processed,REF-0003865
PAY-03866,MPL-0459,V071,2026-07-11,2.82,Foundation,Processed,REF-0003866
PAY-03867,MPL-0459,V071,2026-08-29,0.77,Finishing,Processed,REF-0003867
PAY-03868,MPL-0459,V071,2026-06-17,0.41,Final,Processed,REF-0003868
PAY-03869,MPL-0459,V071,2026-10-08,3.28,Execution,Processed,REF-0003869
PAY-03870,MPL-0459,V071,2026-09-22,0.8,Final,Processed,REF-0003870
PAY-03871,MPL-0459,V071,2026-06-04,5.23,Foundation,Processed,REF-0003871
PAY-03872,MPL-0459,V071,2027-03-02,3.91,Execution,Processed,REF-0003872
PAY-03873,MPL-0459,V071,2026-06-03,4.0,Foundation,Processed,REF-0003873
PAY-03874,MPL-0459,V071,2026-11-28,3.14,Execution,Processed,REF-0003874
PAY-03875,MPL-0459,V071,2027-01-26,4.53,Mobilization,Processed,REF-0003875
PAY-03876,MPL-0460,V002,2026-12-24,6.53,Execution,Processed,REF-0003876
PAY-03877,MPL-0460,V002,2026-10-10,3.68,Mobilization,Processed,REF-0003877
PAY-03878,MPL-0460,V002,2026-09-16,1.4,Finishing,Processed,REF-0003878
PAY-03879,MPL-0460,V002,2026-08-30,8.74,Execution,Processed,REF-0003879
PAY-03880,MPL-0460,V002,2026-07-09,7.32,Finishing,Processed,REF-0003880
PAY-03881,MPL-0460,V002,2027-01-13,2.55,Final,Processed,REF-0003881
PAY-03882,MPL-0461,V078,2026-08-26,0.21,Finishing,Processed,REF-0003882
PAY-03883,MPL-0461,V078,2027-02-25,5.46,Final,Processed,REF-0003883
PAY-03884,MPL-0461,V078,2026-09-10,0.28,Foundation,Processed,REF-0003884
PAY-03885,MPL-0461,V078,2026-07-23,14.0,Mobilization,Processed,REF-0003885
PAY-03886,MPL-0461,V078,2026-09-05,17.51,Mobilization,Processed,REF-0003886
PAY-03887,MPL-0461,V078,2027-02-21,1.13,Final,Processed,REF-0003887
PAY-03888,MPL-0462,V078,2026-07-07,1.77,Foundation,Processed,REF-0003888
PAY-03889,MPL-0462,V078,2026-09-26,0.15,Final,Processed,REF-0003889
PAY-03890,MPL-0462,V078,2026-12-16,2.06,Foundation,Processed,REF-0003890
PAY-03891,MPL-0462,V078,2027-03-05,0.67,Final,Processed,REF-0003891
PAY-03892,MPL-0462,V078,2026-11-06,1.8,Finishing,Processed,REF-0003892
PAY-03893,MPL-0462,V078,2027-03-22,0.73,Finishing,Processed,REF-0003893
PAY-03894,MPL-0462,V078,2026-09-12,0.25,Finishing,Processed,REF-0003894
PAY-03895,MPL-0463,V015,2026-11-16,0.85,Foundation,Processed,REF-0003895
PAY-03896,MPL-0463,V015,2026-04-12,0.19,Final,Processed,REF-0003896
PAY-03897,MPL-0463,V015,2026-05-14,1.4,Final,Processed,REF-0003897
PAY-03898,MPL-0463,V015,2026-07-26,0.07,Finishing,Processed,REF-0003898
PAY-03899,MPL-0463,V015,2026-02-27,1.22,Execution,Processed,REF-0003899
PAY-03900,MPL-0463,V015,2026-06-10,3.54,Final,Processed,REF-0003900
PAY-03901,MPL-0463,V015,2026-10-01,2.96,Mobilization,Processed,REF-0003901
PAY-03902,MPL-0463,V015,2026-10-23,3.49,Final,Processed,REF-0003902
PAY-03903,MPL-0464,V026,2026-08-06,3.46,Mobilization,Processed,REF-0003903
PAY-03904,MPL-0464,V026,2026-09-01,0.15,Finishing,Processed,REF-0003904
PAY-03905,MPL-0464,V026,2026-02-12,0.19,Finishing,Processed,REF-0003905
PAY-03906,MPL-0464,V026,2026-09-23,1.1,Foundation,Processed,REF-0003906
PAY-03907,MPL-0464,V026,2026-08-07,3.04,Final,Processed,REF-0003907
PAY-03908,MPL-0464,V026,2026-03-28,4.97,Mobilization,Processed,REF-0003908
PAY-03909,MPL-0464,V026,2026-07-17,0.06,Mobilization,Processed,REF-0003909
PAY-03910,MPL-0464,V026,2026-07-23,0.6,Final,Processed,REF-0003910
PAY-03911,MPL-0464,V026,2026-03-26,0.32,Mobilization,Processed,REF-0003911
PAY-03912,MPL-0464,V026,2026-12-15,1.91,Foundation,Processed,REF-0003912
PAY-03913,MPL-0464,V026,2026-04-14,1.39,Foundation,Processed,REF-0003913
PAY-03914,MPL-0465,V039,2026-10-05,0.5,Foundation,Processed,REF-0003914
PAY-03915,MPL-0465,V039,2026-06-04,2.59,Finishing,Processed,REF-0003915
PAY-03916,MPL-0465,V039,2027-03-24,4.53,Execution,Processed,REF-0003916
PAY-03917,MPL-0465,V039,2026-04-28,5.91,Execution,Processed,REF-0003917
PAY-03918,MPL-0465,V039,2027-01-22,0.08,Finishing,Processed,REF-0003918
PAY-03919,MPL-0465,V039,2026-06-13,8.66,Execution,Processed,REF-0003919
PAY-03920,MPL-0465,V039,2026-11-14,3.3,Final,Processed,REF-0003920
PAY-03921,MPL-0465,V039,2026-07-06,6.54,Mobilization,Processed,REF-0003921
PAY-03922,MPL-0465,V039,2027-01-13,6.46,Foundation,Processed,REF-0003922
PAY-03923,MPL-0465,V039,2026-05-28,0.82,Final,Processed,REF-0003923
PAY-03924,MPL-0466,V069,2026-09-09,0.63,Final,Processed,REF-0003924
PAY-03925,MPL-0466,V069,2026-10-15,6.93,Finishing,Processed,REF-0003925
PAY-03926,MPL-0466,V069,2027-01-24,0.92,Mobilization,Processed,REF-0003926
PAY-03927,MPL-0466,V069,2027-01-05,10.28,Final,Processed,REF-0003927
PAY-03928,MPL-0466,V069,2026-12-24,7.02,Execution,Processed,REF-0003928
PAY-03929,MPL-0466,V069,2026-07-24,10.0,Finishing,Processed,REF-0003929
PAY-03930,MPL-0466,V069,2027-02-08,1.93,Final,Processed,REF-0003930
PAY-03931,MPL-0467,V033,2026-12-09,0.27,Mobilization,Processed,REF-0003931
PAY-03932,MPL-0467,V033,2026-05-25,0.79,Foundation,Processed,REF-0003932
PAY-03933,MPL-0467,V033,2026-03-24,0.02,Execution,Processed,REF-0003933
PAY-03934,MPL-0467,V033,2026-03-22,0.92,Final,Processed,REF-0003934
PAY-03935,MPL-0467,V033,2026-06-30,1.29,Final,Processed,REF-0003935
PAY-03936,MPL-0467,V033,2026-10-12,0.38,Final,Processed,REF-0003936
PAY-03937,MPL-0467,V033,2026-07-11,1.03,Final,Processed,REF-0003937
PAY-03938,MPL-0467,V033,2026-08-01,0.14,Foundation,Processed,REF-0003938
PAY-03939,MPL-0467,V033,2026-08-04,0.28,Final,Processed,REF-0003939
PAY-03940,MPL-0468,V060,2027-03-23,0.91,Final,Processed,REF-0003940
PAY-03941,MPL-0468,V060,2027-02-22,1.07,Mobilization,Processed,REF-0003941
PAY-03942,MPL-0468,V060,2027-04-11,0.18,Mobilization,Processed,REF-0003942
PAY-03943,MPL-0468,V060,2026-10-07,0.68,Execution,Processed,REF-0003943
PAY-03944,MPL-0468,V060,2027-01-01,0.18,Final,Processed,REF-0003944
PAY-03945,MPL-0468,V060,2027-01-29,0.09,Finishing,Processed,REF-0003945
PAY-03946,MPL-0468,V060,2026-06-02,0.08,Finishing,Processed,REF-0003946
PAY-03947,MPL-0468,V060,2026-06-30,0.66,Execution,Processed,REF-0003947
PAY-03948,MPL-0468,V060,2026-08-14,0.05,Foundation,Processed,REF-0003948
PAY-03949,MPL-0468,V060,2027-02-17,0.22,Finishing,Processed,REF-0003949
PAY-03950,MPL-0469,V010,2027-01-16,1.06,Finishing,Processed,REF-0003950
PAY-03951,MPL-0469,V010,2026-10-09,1.75,Final,Processed,REF-0003951
PAY-03952,MPL-0469,V010,2027-06-02,0.9,Foundation,Processed,REF-0003952
PAY-03953,MPL-0469,V010,2026-07-14,0.41,Final,Processed,REF-0003953
PAY-03954,MPL-0469,V010,2027-02-17,0.24,Execution,Processed,REF-0003954
PAY-03955,MPL-0469,V010,2027-01-11,1.26,Mobilization,Processed,REF-0003955
PAY-03956,MPL-0469,V010,2027-05-11,1.66,Mobilization,Processed,REF-0003956
PAY-03957,MPL-0469,V010,2027-05-18,1.1,Finishing,Processed,REF-0003957
PAY-03958,MPL-0469,V010,2027-03-11,1.75,Final,Processed,REF-0003958
PAY-03959,MPL-0469,V010,2027-03-30,0.2,Finishing,Processed,REF-0003959
PAY-03960,MPL-0469,V010,2027-01-13,2.79,Final,Processed,REF-0003960
PAY-03961,MPL-0469,V010,2026-09-15,1.14,Final,Processed,REF-0003961
PAY-03962,MPL-0470,V040,2027-01-17,0.24,Finishing,Processed,REF-0003962
PAY-03963,MPL-0470,V040,2026-07-21,1.1,Foundation,Processed,REF-0003963
PAY-03964,MPL-0470,V040,2026-10-14,3.31,Final,Processed,REF-0003964
PAY-03965,MPL-0470,V040,2027-02-23,4.04,Foundation,Processed,REF-0003965
PAY-03966,MPL-0470,V040,2027-01-11,0.55,Mobilization,Processed,REF-0003966
PAY-03967,MPL-0470,V040,2027-03-29,2.2,Final,Processed,REF-0003967
PAY-03968,MPL-0470,V040,2026-10-13,0.19,Final,Processed,REF-0003968
PAY-03969,MPL-0470,V040,2026-05-04,0.06,Finishing,Processed,REF-0003969
PAY-03970,MPL-0470,V040,2027-03-29,1.46,Foundation,Processed,REF-0003970
PAY-03971,MPL-0470,V040,2027-03-20,2.11,Foundation,Processed,REF-0003971
PAY-03972,MPL-0470,V040,2026-11-08,2.82,Mobilization,Processed,REF-0003972
PAY-03973,MPL-0471,V013,2026-07-15,2.9,Execution,Processed,REF-0003973
PAY-03974,MPL-0471,V013,2027-01-15,0.05,Finishing,Processed,REF-0003974
PAY-03975,MPL-0471,V013,2027-05-13,4.55,Execution,Processed,REF-0003975
PAY-03976,MPL-0471,V013,2027-02-18,0.11,Final,Processed,REF-0003976
PAY-03977,MPL-0471,V013,2026-07-19,0.67,Mobilization,Processed,REF-0003977
PAY-03978,MPL-0471,V013,2026-09-01,2.76,Foundation,Processed,REF-0003978
PAY-03979,MPL-0471,V013,2026-11-20,4.01,Final,Processed,REF-0003979
PAY-03980,MPL-0471,V013,2026-09-28,2.29,Execution,Processed,REF-0003980
PAY-03981,MPL-0471,V013,2027-01-07,6.08,Execution,Processed,REF-0003981
PAY-03982,MPL-0472,V041,2026-04-17,0.29,Final,Processed,REF-0003982
PAY-03983,MPL-0472,V041,2026-08-03,0.8,Finishing,Processed,REF-0003983
PAY-03984,MPL-0472,V041,2026-11-13,6.06,Finishing,Processed,REF-0003984
PAY-03985,MPL-0472,V041,2026-04-24,0.78,Foundation,Processed,REF-0003985
PAY-03986,MPL-0472,V041,2026-07-13,5.2,Final,Processed,REF-0003986
PAY-03987,MPL-0472,V041,2026-06-13,0.29,Foundation,Processed,REF-0003987
PAY-03988,MPL-0472,V041,2026-12-06,2.67,Foundation,Processed,REF-0003988
PAY-03989,MPL-0472,V041,2026-12-04,1.0,Foundation,Processed,REF-0003989
PAY-03990,MPL-0472,V041,2026-10-13,0.59,Final,Processed,REF-0003990
PAY-03991,MPL-0473,V077,2026-10-21,1.88,Foundation,Processed,REF-0003991
PAY-03992,MPL-0473,V077,2026-07-12,5.91,Final,Processed,REF-0003992
PAY-03993,MPL-0473,V077,2027-01-22,0.13,Mobilization,Processed,REF-0003993
PAY-03994,MPL-0473,V077,2026-09-25,1.23,Finishing,Processed,REF-0003994
PAY-03995,MPL-0473,V077,2026-06-27,2.76,Execution,Processed,REF-0003995
PAY-03996,MPL-0473,V077,2026-05-14,1.39,Execution,Processed,REF-0003996
PAY-03997,MPL-0473,V077,2026-07-08,3.68,Final,Processed,REF-0003997
PAY-03998,MPL-0473,V077,2026-09-23,0.44,Finishing,Processed,REF-0003998
PAY-03999,MPL-0473,V077,2026-07-04,7.2,Execution,Processed,REF-0003999
PAY-04000,MPL-0474,V030,2026-08-12,0.22,Final,Processed,REF-0004000
PAY-04001,MPL-0474,V030,2026-08-14,0.19,Finishing,Processed,REF-0004001
PAY-04002,MPL-0474,V030,2027-03-16,0.94,Foundation,Processed,REF-0004002
PAY-04003,MPL-0474,V030,2026-09-09,0.37,Execution,Processed,REF-0004003
PAY-04004,MPL-0474,V030,2027-02-14,0.33,Final,Processed,REF-0004004
PAY-04005,MPL-0474,V030,2026-11-24,0.59,Mobilization,Processed,REF-0004005
PAY-04006,MPL-0474,V030,2026-09-10,0.39,Final,Processed,REF-0004006
PAY-04007,MPL-0474,V030,2026-07-12,0.08,Final,Processed,REF-0004007
PAY-04008,MPL-0474,V030,2026-12-05,0.51,Execution,Processed,REF-0004008
PAY-04009,MPL-0474,V030,2026-11-22,0.06,Mobilization,Processed,REF-0004009
PAY-04010,MPL-0474,V030,2027-04-14,0.74,Finishing,Processed,REF-0004010
PAY-04011,MPL-0475,V077,2026-11-17,4.85,Final,Processed,REF-0004011
PAY-04012,MPL-0475,V077,2026-10-17,0.5,Mobilization,Processed,REF-0004012
PAY-04013,MPL-0475,V077,2027-03-12,0.62,Execution,Processed,REF-0004013
PAY-04014,MPL-0475,V077,2027-01-08,0.05,Execution,Processed,REF-0004014
PAY-04015,MPL-0475,V077,2026-09-14,0.01,Foundation,Processed,REF-0004015
PAY-04016,MPL-0475,V077,2026-05-07,2.69,Foundation,Processed,REF-0004016
PAY-04017,MPL-0475,V077,2026-10-07,0.15,Final,Processed,REF-0004017
PAY-04018,MPL-0475,V077,2026-07-04,0.63,Final,Processed,REF-0004018
PAY-04019,MPL-0475,V077,2027-02-23,1.79,Mobilization,Processed,REF-0004019
PAY-04020,MPL-0476,V032,2027-03-08,10.54,Final,Processed,REF-0004020
PAY-04021,MPL-0476,V032,2027-03-09,3.51,Foundation,Processed,REF-0004021
PAY-04022,MPL-0476,V032,2026-07-29,3.98,Foundation,Processed,REF-0004022
PAY-04023,MPL-0476,V032,2027-03-29,5.3,Execution,Processed,REF-0004023
PAY-04024,MPL-0476,V032,2027-04-28,15.57,Foundation,Processed,REF-0004024
PAY-04025,MPL-0476,V032,2026-11-19,4.42,Mobilization,Processed,REF-0004025
PAY-04026,MPL-0477,V065,2026-08-05,0.78,Foundation,Processed,REF-0004026
PAY-04027,MPL-0477,V065,2026-08-20,0.01,Execution,Processed,REF-0004027
PAY-04028,MPL-0477,V065,2026-03-17,0.08,Execution,Processed,REF-0004028
PAY-04029,MPL-0477,V065,2026-06-30,0.82,Finishing,Processed,REF-0004029
PAY-04030,MPL-0477,V065,2026-03-27,2.62,Execution,Processed,REF-0004030
PAY-04031,MPL-0477,V065,2026-07-17,1.91,Foundation,Processed,REF-0004031
PAY-04032,MPL-0478,V061,2026-08-21,16.62,Foundation,Processed,REF-0004032
PAY-04033,MPL-0478,V061,2026-11-06,3.08,Final,Processed,REF-0004033
PAY-04034,MPL-0478,V061,2026-08-20,6.36,Finishing,Processed,REF-0004034
PAY-04035,MPL-0478,V061,2027-01-01,7.53,Final,Processed,REF-0004035
PAY-04036,MPL-0478,V061,2026-06-21,4.28,Foundation,Processed,REF-0004036
PAY-04037,MPL-0478,V061,2026-12-07,1.7,Finishing,Processed,REF-0004037
PAY-04038,MPL-0479,V072,2026-07-08,0.53,Mobilization,Processed,REF-0004038
PAY-04039,MPL-0479,V072,2027-04-28,1.62,Execution,Processed,REF-0004039
PAY-04040,MPL-0479,V072,2026-08-30,0.29,Mobilization,Processed,REF-0004040
PAY-04041,MPL-0479,V072,2026-11-07,2.14,Mobilization,Processed,REF-0004041
PAY-04042,MPL-0479,V072,2026-07-03,0.22,Execution,Processed,REF-0004042
PAY-04043,MPL-0479,V072,2026-09-13,1.15,Finishing,Processed,REF-0004043
PAY-04044,MPL-0479,V072,2026-12-28,0.83,Final,Processed,REF-0004044
PAY-04045,MPL-0479,V072,2027-03-12,1.15,Mobilization,Processed,REF-0004045
PAY-04046,MPL-0479,V072,2027-04-13,0.48,Final,Processed,REF-0004046
PAY-04047,MPL-0479,V072,2027-02-12,2.24,Final,Processed,REF-0004047
PAY-04048,MPL-0480,V076,2026-12-04,8.16,Foundation,Processed,REF-0004048
PAY-04049,MPL-0480,V076,2026-09-30,2.77,Mobilization,Processed,REF-0004049
PAY-04050,MPL-0480,V076,2026-06-17,8.29,Execution,Processed,REF-0004050
PAY-04051,MPL-0480,V076,2026-04-05,2.75,Foundation,Processed,REF-0004051
PAY-04052,MPL-0480,V076,2026-10-19,2.83,Final,Processed,REF-0004052
PAY-04053,MPL-0481,V055,2026-10-06,0.49,Foundation,Processed,REF-0004053
PAY-04054,MPL-0481,V055,2026-05-24,1.83,Execution,Processed,REF-0004054
PAY-04055,MPL-0481,V055,2026-12-25,0.66,Finishing,Processed,REF-0004055
PAY-04056,MPL-0481,V055,2026-10-14,1.08,Mobilization,Processed,REF-0004056
PAY-04057,MPL-0481,V055,2026-08-28,0.48,Final,Processed,REF-0004057
PAY-04058,MPL-0481,V055,2026-11-29,0.29,Finishing,Processed,REF-0004058
PAY-04059,MPL-0481,V055,2026-10-31,2.95,Final,Processed,REF-0004059
PAY-04060,MPL-0481,V055,2026-10-27,0.88,Execution,Processed,REF-0004060
PAY-04061,MPL-0481,V055,2026-08-14,2.59,Foundation,Processed,REF-0004061
PAY-04062,MPL-0481,V055,2026-05-24,0.22,Finishing,Processed,REF-0004062
PAY-04063,MPL-0482,V015,2026-10-22,0.33,Execution,Processed,REF-0004063
PAY-04064,MPL-0482,V015,2026-06-26,4.06,Final,Processed,REF-0004064
PAY-04065,MPL-0482,V015,2026-12-23,2.4,Execution,Processed,REF-0004065
PAY-04066,MPL-0482,V015,2026-12-01,0.43,Finishing,Processed,REF-0004066
PAY-04067,MPL-0482,V015,2026-08-08,0.66,Execution,Processed,REF-0004067
PAY-04068,MPL-0482,V015,2026-12-14,3.38,Execution,Processed,REF-0004068
PAY-04069,MPL-0482,V015,2026-05-05,1.27,Final,Processed,REF-0004069
PAY-04070,MPL-0482,V015,2026-04-09,2.33,Execution,Processed,REF-0004070
PAY-04071,MPL-0482,V015,2026-12-14,0.8,Mobilization,Processed,REF-0004071
PAY-04072,MPL-0482,V015,2026-03-17,1.01,Finishing,Processed,REF-0004072
PAY-04073,MPL-0483,V040,2026-05-09,0.93,Foundation,Processed,REF-0004073
PAY-04074,MPL-0483,V040,2026-04-29,0.06,Mobilization,Processed,REF-0004074
PAY-04075,MPL-0483,V040,2026-05-17,0.14,Foundation,Processed,REF-0004075
PAY-04076,MPL-0483,V040,2026-09-30,0.37,Execution,Processed,REF-0004076
PAY-04077,MPL-0483,V040,2027-03-19,0.05,Foundation,Processed,REF-0004077
PAY-04078,MPL-0483,V040,2027-02-20,0.11,Foundation,Processed,REF-0004078
PAY-04079,MPL-0483,V040,2026-06-02,0.19,Foundation,Processed,REF-0004079
PAY-04080,MPL-0483,V040,2026-07-02,0.13,Mobilization,Processed,REF-0004080
PAY-04081,MPL-0483,V040,2026-10-09,0.12,Execution,Processed,REF-0004081
PAY-04082,MPL-0483,V040,2026-05-31,0.09,Foundation,Processed,REF-0004082
PAY-04083,MPL-0484,V037,2026-10-13,5.09,Execution,Processed,REF-0004083
PAY-04084,MPL-0484,V037,2027-01-02,5.64,Mobilization,Processed,REF-0004084
PAY-04085,MPL-0484,V037,2027-01-23,6.1,Foundation,Processed,REF-0004085
PAY-04086,MPL-0484,V037,2027-03-21,0.42,Finishing,Processed,REF-0004086
PAY-04087,MPL-0484,V037,2027-02-09,5.74,Foundation,Processed,REF-0004087
PAY-04088,MPL-0485,V080,2026-07-02,2.39,Execution,Processed,REF-0004088
PAY-04089,MPL-0485,V080,2026-07-02,0.61,Final,Processed,REF-0004089
PAY-04090,MPL-0485,V080,2026-11-02,0.98,Final,Processed,REF-0004090
PAY-04091,MPL-0485,V080,2026-08-22,0.64,Finishing,Processed,REF-0004091
PAY-04092,MPL-0485,V080,2026-12-04,1.51,Final,Processed,REF-0004092
PAY-04093,MPL-0485,V080,2026-10-16,2.07,Foundation,Processed,REF-0004093
PAY-04094,MPL-0486,V006,2026-05-28,0.56,Finishing,Processed,REF-0004094
PAY-04095,MPL-0486,V006,2026-09-21,1.59,Finishing,Processed,REF-0004095
PAY-04096,MPL-0486,V006,2026-07-03,1.38,Finishing,Processed,REF-0004096
PAY-04097,MPL-0486,V006,2026-04-21,1.44,Mobilization,Processed,REF-0004097
PAY-04098,MPL-0486,V006,2026-04-11,0.37,Execution,Processed,REF-0004098
PAY-04099,MPL-0486,V006,2026-10-25,4.66,Foundation,Processed,REF-0004099
PAY-04100,MPL-0486,V006,2026-08-11,0.1,Execution,Processed,REF-0004100
PAY-04101,MPL-0486,V006,2026-05-22,2.08,Mobilization,Processed,REF-0004101
PAY-04102,MPL-0486,V006,2026-10-31,3.01,Foundation,Processed,REF-0004102
PAY-04103,MPL-0486,V006,2026-05-03,0.64,Final,Processed,REF-0004103
PAY-04104,MPL-0486,V006,2026-03-30,6.55,Foundation,Processed,REF-0004104
PAY-04105,MPL-0486,V006,2026-05-12,5.06,Mobilization,Processed,REF-0004105
PAY-04106,MPL-0487,V052,2026-07-28,0.62,Final,Processed,REF-0004106
PAY-04107,MPL-0487,V052,2026-06-29,0.52,Mobilization,Processed,REF-0004107
PAY-04108,MPL-0487,V052,2027-03-03,0.26,Execution,Processed,REF-0004108
PAY-04109,MPL-0487,V052,2027-03-02,1.28,Mobilization,Processed,REF-0004109
PAY-04110,MPL-0487,V052,2026-05-17,0.14,Finishing,Processed,REF-0004110
PAY-04111,MPL-0487,V052,2026-04-21,1.11,Mobilization,Processed,REF-0004111
PAY-04112,MPL-0487,V052,2027-01-08,1.8,Foundation,Processed,REF-0004112
PAY-04113,MPL-0488,V080,2026-11-16,1.08,Finishing,Processed,REF-0004113
PAY-04114,MPL-0488,V080,2026-09-24,8.4,Foundation,Processed,REF-0004114
PAY-04115,MPL-0488,V080,2027-04-14,0.14,Finishing,Processed,REF-0004115
PAY-04116,MPL-0488,V080,2026-12-28,10.18,Mobilization,Processed,REF-0004116
PAY-04117,MPL-0488,V080,2027-04-03,0.53,Foundation,Processed,REF-0004117
PAY-04118,MPL-0488,V080,2027-03-03,4.33,Finishing,Processed,REF-0004118
PAY-04119,MPL-0488,V080,2027-03-27,1.2,Mobilization,Processed,REF-0004119
PAY-04120,MPL-0488,V080,2027-06-10,7.56,Finishing,Processed,REF-0004120
PAY-04121,MPL-0488,V080,2026-10-03,3.0,Foundation,Processed,REF-0004121
PAY-04122,MPL-0488,V080,2026-12-31,0.61,Finishing,Processed,REF-0004122
PAY-04123,MPL-0488,V080,2027-02-27,3.53,Execution,Processed,REF-0004123
PAY-04124,MPL-0489,V052,2026-12-18,1.64,Final,Processed,REF-0004124
PAY-04125,MPL-0489,V052,2027-05-03,3.4,Execution,Processed,REF-0004125
PAY-04126,MPL-0489,V052,2027-02-18,6.7,Foundation,Processed,REF-0004126
PAY-04127,MPL-0489,V052,2026-12-27,1.65,Foundation,Processed,REF-0004127
PAY-04128,MPL-0489,V052,2027-04-04,1.07,Mobilization,Processed,REF-0004128
PAY-04129,MPL-0489,V052,2026-11-29,0.05,Foundation,Processed,REF-0004129
PAY-04130,MPL-0489,V052,2027-04-28,2.68,Mobilization,Processed,REF-0004130
PAY-04131,MPL-0489,V052,2027-03-04,1.61,Finishing,Processed,REF-0004131
PAY-04132,MPL-0489,V052,2026-12-28,1.47,Final,Processed,REF-0004132
PAY-04133,MPL-0490,V017,2026-07-09,0.21,Finishing,Processed,REF-0004133
PAY-04134,MPL-0490,V017,2026-06-14,0.59,Final,Processed,REF-0004134
PAY-04135,MPL-0490,V017,2026-08-19,4.4,Finishing,Processed,REF-0004135
PAY-04136,MPL-0490,V017,2026-07-18,0.37,Finishing,Processed,REF-0004136
PAY-04137,MPL-0490,V017,2026-08-15,0.97,Mobilization,Processed,REF-0004137
PAY-04138,MPL-0490,V017,2027-01-07,1.58,Foundation,Processed,REF-0004138
PAY-04139,MPL-0490,V017,2026-08-27,1.46,Finishing,Processed,REF-0004139
PAY-04140,MPL-0490,V017,2026-09-06,0.42,Final,Processed,REF-0004140
PAY-04141,MPL-0491,V004,2026-03-07,7.14,Execution,Processed,REF-0004141
PAY-04142,MPL-0491,V004,2026-05-25,15.52,Foundation,Processed,REF-0004142
PAY-04143,MPL-0491,V004,2026-05-11,0.12,Final,Processed,REF-0004143
PAY-04144,MPL-0491,V004,2026-12-08,4.33,Final,Processed,REF-0004144
PAY-04145,MPL-0491,V004,2026-06-10,1.92,Finishing,Processed,REF-0004145
PAY-04146,MPL-0491,V004,2026-05-19,3.72,Mobilization,Processed,REF-0004146
PAY-04147,MPL-0491,V004,2026-09-27,4.07,Execution,Processed,REF-0004147
PAY-04148,MPL-0492,V074,2027-05-06,6.47,Execution,Processed,REF-0004148
PAY-04149,MPL-0492,V074,2026-10-11,0.46,Final,Processed,REF-0004149
PAY-04150,MPL-0492,V074,2027-03-21,3.39,Foundation,Processed,REF-0004150
PAY-04151,MPL-0492,V074,2026-10-12,3.91,Foundation,Processed,REF-0004151
PAY-04152,MPL-0492,V074,2026-11-26,3.21,Execution,Processed,REF-0004152
PAY-04153,MPL-0492,V074,2026-10-16,6.2,Final,Processed,REF-0004153
PAY-04154,MPL-0493,V025,2026-07-22,1.82,Final,Processed,REF-0004154
PAY-04155,MPL-0493,V025,2026-07-16,10.91,Execution,Processed,REF-0004155
PAY-04156,MPL-0493,V025,2026-09-10,2.47,Mobilization,Processed,REF-0004156
PAY-04157,MPL-0493,V025,2026-10-17,3.19,Finishing,Processed,REF-0004157
PAY-04158,MPL-0493,V025,2026-10-19,6.57,Foundation,Processed,REF-0004158
PAY-04159,MPL-0493,V025,2026-05-02,1.21,Finishing,Processed,REF-0004159
PAY-04160,MPL-0493,V025,2026-07-07,0.29,Foundation,Processed,REF-0004160
PAY-04161,MPL-0493,V025,2026-02-19,4.63,Final,Processed,REF-0004161
PAY-04162,MPL-0494,V029,2026-06-20,0.03,Execution,Processed,REF-0004162
PAY-04163,MPL-0494,V029,2026-11-29,0.11,Finishing,Processed,REF-0004163
PAY-04164,MPL-0494,V029,2026-12-16,0.2,Mobilization,Processed,REF-0004164
PAY-04165,MPL-0494,V029,2026-05-10,0.02,Finishing,Processed,REF-0004165
PAY-04166,MPL-0494,V029,2026-12-13,0.03,Final,Processed,REF-0004166
PAY-04167,MPL-0494,V029,2026-09-19,0.03,Mobilization,Processed,REF-0004167
PAY-04168,MPL-0494,V029,2026-05-13,0.02,Final,Processed,REF-0004168
PAY-04169,MPL-0494,V029,2026-05-07,0.07,Finishing,Processed,REF-0004169
PAY-04170,MPL-0494,V029,2026-03-14,0.07,Foundation,Processed,REF-0004170
PAY-04171,MPL-0494,V029,2026-03-07,0.03,Execution,Processed,REF-0004171
PAY-04172,MPL-0495,V028,2027-03-18,0.06,Finishing,Processed,REF-0004172
PAY-04173,MPL-0495,V028,2027-02-10,0.49,Finishing,Processed,REF-0004173
PAY-04174,MPL-0495,V028,2026-07-13,0.46,Foundation,Processed,REF-0004174
PAY-04175,MPL-0495,V028,2027-01-23,2.22,Execution,Processed,REF-0004175
PAY-04176,MPL-0495,V028,2026-07-26,0.12,Final,Processed,REF-0004176
PAY-04177,MPL-0495,V028,2027-02-26,2.18,Final,Processed,REF-0004177
PAY-04178,MPL-0495,V028,2026-09-18,1.47,Foundation,Processed,REF-0004178
PAY-04179,MPL-0495,V028,2026-08-01,1.76,Mobilization,Processed,REF-0004179
PAY-04180,MPL-0496,V051,2026-06-14,3.28,Execution,Processed,REF-0004180
PAY-04181,MPL-0496,V051,2026-10-27,6.6,Mobilization,Processed,REF-0004181
PAY-04182,MPL-0496,V051,2027-01-12,5.44,Foundation,Processed,REF-0004182
PAY-04183,MPL-0496,V051,2026-07-04,8.49,Mobilization,Processed,REF-0004183
PAY-04184,MPL-0496,V051,2026-04-29,3.43,Execution,Processed,REF-0004184
PAY-04185,MPL-0496,V051,2027-01-15,3.71,Finishing,Processed,REF-0004185
PAY-04186,MPL-0497,V021,2027-02-27,3.22,Final,Processed,REF-0004186
PAY-04187,MPL-0497,V021,2027-02-21,0.36,Final,Processed,REF-0004187
PAY-04188,MPL-0497,V021,2027-01-17,1.79,Execution,Processed,REF-0004188
PAY-04189,MPL-0497,V021,2026-09-22,11.16,Execution,Processed,REF-0004189
PAY-04190,MPL-0497,V021,2027-02-25,0.12,Execution,Processed,REF-0004190
PAY-04191,MPL-0497,V021,2026-09-09,1.19,Foundation,Processed,REF-0004191
PAY-04192,MPL-0497,V021,2027-04-29,1.18,Final,Processed,REF-0004192
PAY-04193,MPL-0497,V021,2026-12-25,3.13,Mobilization,Processed,REF-0004193
PAY-04194,MPL-0497,V021,2026-06-27,0.35,Foundation,Processed,REF-0004194
PAY-04195,MPL-0497,V021,2026-06-15,3.09,Execution,Processed,REF-0004195
PAY-04196,MPL-0497,V021,2026-11-08,0.31,Foundation,Processed,REF-0004196
PAY-04197,MPL-0497,V021,2026-12-22,0.31,Mobilization,Processed,REF-0004197
PAY-04198,MPL-0498,V046,2026-07-07,2.91,Finishing,Processed,REF-0004198
PAY-04199,MPL-0498,V046,2026-06-15,0.87,Execution,Processed,REF-0004199
PAY-04200,MPL-0498,V046,2026-08-03,8.47,Foundation,Processed,REF-0004200
PAY-04201,MPL-0498,V046,2027-02-28,0.09,Mobilization,Processed,REF-0004201
PAY-04202,MPL-0498,V046,2026-05-23,1.32,Foundation,Processed,REF-0004202
PAY-04203,MPL-0498,V046,2027-04-06,0.27,Final,Processed,REF-0004203
PAY-04204,MPL-0498,V046,2026-08-05,0.97,Final,Processed,REF-0004204
PAY-04205,MPL-0498,V046,2026-11-06,14.14,Mobilization,Processed,REF-0004205
PAY-04206,MPL-0498,V046,2026-06-28,4.91,Execution,Processed,REF-0004206
PAY-04207,MPL-0498,V046,2026-08-21,0.11,Finishing,Processed,REF-0004207
PAY-04208,MPL-0499,V012,2027-04-08,2.24,Final,Processed,REF-0004208
PAY-04209,MPL-0499,V012,2026-08-15,2.83,Mobilization,Processed,REF-0004209
PAY-04210,MPL-0499,V012,2027-03-18,0.64,Foundation,Processed,REF-0004210
PAY-04211,MPL-0499,V012,2026-05-11,0.42,Final,Processed,REF-0004211
PAY-04212,MPL-0499,V012,2026-12-07,6.36,Finishing,Processed,REF-0004212
PAY-04213,MPL-0499,V012,2026-06-20,9.39,Foundation,Processed,REF-0004213
PAY-04214,MPL-0499,V012,2027-03-08,13.04,Finishing,Processed,REF-0004214
PAY-04215,MPL-0499,V012,2026-06-25,4.22,Final,Processed,REF-0004215
PAY-04216,MPL-0499,V012,2026-07-06,2.95,Foundation,Processed,REF-0004216
PAY-04217,MPL-0500,V050,2026-06-07,0.75,Foundation,Processed,REF-0004217
PAY-04218,MPL-0500,V050,2026-07-30,0.33,Mobilization,Processed,REF-0004218
PAY-04219,MPL-0500,V050,2026-08-28,0.15,Foundation,Processed,REF-0004219
PAY-04220,MPL-0500,V050,2026-07-13,2.1,Finishing,Processed,REF-0004220
PAY-04221,MPL-0500,V050,2026-12-09,2.73,Finishing,Processed,REF-0004221
PAY-04222,MPL-0500,V050,2027-04-17,3.12,Foundation,Processed,REF-0004222
PAY-04223,MPL-0500,V050,2026-06-10,4.36,Mobilization,Processed,REF-0004223
PAY-04224,MPL-0500,V050,2027-03-20,3.77,Mobilization,Processed,REF-0004224
PAY-04225,MPL-0500,V050,2026-07-12,14.7,Mobilization,Processed,REF-0004225
PAY-04226,MPL-0500,V050,2026-11-25,0.5,Finishing,Processed,REF-0004226
PAY-04227,MPL-0500,V050,2026-07-06,2.56,Foundation,Processed,REF-0004227
