progress_id,project_id,update_date,milestone,planned_progress_pct,physical_progress_pct,financial_progress_pct,remarks
PR-00001,MPL-0001,2026-03-04,Planning,12.62,12.23,12.78,Routine progress update
PR-00002,MPL-0001,2026-04-18,Foundation,25.25,1.31,25.55,Routine progress update
PR-00003,MPL-0001,2026-06-02,Execution,37.87,15.02,38.33,Routine progress update
PR-00004,MPL-0001,2026-07-17,Finishing,50.49,8.18,51.1,Routine progress update
PR-00005,MPL-0001,2026-08-31,Inspection,63.11,16.54,63.88,Routine progress update
PR-00006,MPL-0001,2026-10-15,Completion,75.74,13.51,76.65,Routine progress update
PR-00007,MPL-0002,2026-02-10,Planning,9.37,14.32,13.82,Routine progress update
PR-00008,MPL-0002,2026-03-27,Foundation,18.74,19.71,27.65,Routine progress update
PR-00009,MPL-0002,2026-05-11,Execution,28.11,32.85,41.47,Routine progress update
PR-00010,MPL-0002,2026-06-25,Finishing,37.47,41.37,55.29,Routine progress update
PR-00011,MPL-0002,2026-08-09,Inspection,46.84,46.18,69.11,Routine progress update
PR-00012,MPL-0003,2026-03-17,Planning,9.54,4.07,0.86,Routine progress update
PR-00013,MPL-0003,2026-05-01,Foundation,19.07,2.08,1.72,Routine progress update
PR-00014,MPL-0003,2026-06-15,Execution,28.61,10.33,2.59,Routine progress update
PR-00015,MPL-0003,2026-07-30,Finishing,38.15,7.25,3.45,Routine progress update
PR-00016,MPL-0003,2026-09-13,Inspection,47.68,9.94,4.31,Routine progress update
PR-00017,MPL-0003,2026-10-28,Completion,57.22,19.02,5.17,Routine progress update
PR-00018,MPL-0003,2026-12-12,Completion,66.75,23.87,6.04,Routine progress update
PR-00019,MPL-0004,2026-06-29,Planning,8.88,12.83,6.6,Routine progress update
PR-00020,MPL-0004,2026-08-13,Foundation,17.77,18.23,13.2,Routine progress update
PR-00021,MPL-0004,2026-09-27,Execution,26.65,27.57,19.81,Routine progress update
PR-00022,MPL-0004,2026-11-11,Finishing,35.53,35.49,26.41,Routine progress update
PR-00023,MPL-0004,2026-12-26,Inspection,44.41,45.95,33.01,Routine progress update
PR-00024,MPL-0005,2026-02-24,Planning,10.15,8.58,10.5,Routine progress update
PR-00025,MPL-0005,2026-04-10,Foundation,20.3,27.22,20.99,Routine progress update
PR-00026,MPL-0005,2026-05-25,Execution,30.45,28.25,31.49,Routine progress update
PR-00027,MPL-0005,2026-07-09,Finishing,40.6,33.81,41.98,Routine progress update
PR-00028,MPL-0005,2026-08-23,Inspection,50.75,48.56,52.48,Routine progress update
PR-00029,MPL-0005,2026-10-07,Completion,60.9,58.79,62.98,Routine progress update
PR-00030,MPL-0005,2026-11-21,Completion,71.05,67.9,73.47,Routine progress update
PR-00031,MPL-0006,2026-02-05,Planning,11.77,13.73,3.17,Routine progress update
PR-00032,MPL-0006,2026-03-22,Foundation,23.53,21.34,6.34,Routine progress update
PR-00033,MPL-0006,2026-05-06,Execution,35.3,34.67,9.51,Routine progress update
PR-00034,MPL-0006,2026-06-20,Finishing,47.06,39.01,12.68,Routine progress update
PR-00035,MPL-0006,2026-08-04,Inspection,58.83,59.78,15.85,Routine progress update
PR-00036,MPL-0006,2026-09-18,Completion,70.59,64.2,19.02,Routine progress update
PR-00037,MPL-0006,2026-11-02,Completion,82.36,75.32,22.19,Routine progress update
PR-00038,MPL-0007,2026-03-10,Planning,6.24,1.4,9.04,Routine progress update
PR-00039,MPL-0007,2026-04-24,Foundation,12.49,10.96,18.08,Routine progress update
PR-00040,MPL-0007,2026-06-08,Execution,18.73,16.22,27.12,Routine progress update
PR-00041,MPL-0007,2026-07-23,Finishing,24.97,13.48,36.15,Routine progress update
PR-00042,MPL-0007,2026-09-06,Inspection,31.21,16.06,45.19,Routine progress update
PR-00043,MPL-0007,2026-10-21,Completion,37.46,28.41,54.23,Routine progress update
PR-00044,MPL-0007,2026-12-05,Completion,43.7,29.81,63.27,Routine progress update
PR-00045,MPL-0008,2026-02-11,Planning,21.38,22.71,69.21,Routine progress update
PR-00046,MPL-0008,2026-03-28,Foundation,42.76,38.18,100.0,Routine progress update
PR-00047,MPL-0008,2026-05-12,Execution,64.14,58.78,100.0,Routine progress update
PR-00048,MPL-0008,2026-06-26,Finishing,85.52,87.52,100.0,Routine progress update
PR-00049,MPL-0009,2026-02-02,Planning,14.69,13.16,19.05,Routine progress update
PR-00050,MPL-0009,2026-03-19,Foundation,29.39,20.68,38.1,Routine progress update
PR-00051,MPL-0009,2026-05-03,Execution,44.08,49.06,57.15,Routine progress update
PR-00052,MPL-0010,2026-01-17,Planning,22.45,0.29,3.99,Routine progress update
PR-00053,MPL-0010,2026-03-03,Foundation,44.91,21.33,7.99,Routine progress update
PR-00054,MPL-0010,2026-04-17,Execution,67.36,14.05,11.98,Routine progress update
PR-00055,MPL-0011,2026-05-02,Planning,14.68,15.61,12.44,Routine progress update
PR-00056,MPL-0011,2026-06-16,Foundation,29.35,34.6,24.88,Routine progress update
PR-00057,MPL-0011,2026-07-31,Execution,44.03,47.94,37.31,Routine progress update
PR-00058,MPL-0011,2026-09-14,Finishing,58.71,63.97,49.75,Routine progress update
PR-00059,MPL-0012,2026-02-05,Planning,27.7,18.16,22.87,Routine progress update
PR-00060,MPL-0012,2026-03-22,Foundation,55.4,43.96,45.75,Routine progress update
PR-00061,MPL-0012,2026-05-06,Execution,83.1,73.66,68.62,Routine progress update
PR-00062,MPL-0013,2026-05-04,Planning,11.01,11.38,11.42,Routine progress update
PR-00063,MPL-0013,2026-06-18,Foundation,22.03,16.01,22.85,Routine progress update
PR-00064,MPL-0013,2026-08-02,Execution,33.04,17.52,34.27,Routine progress update
PR-00065,MPL-0013,2026-09-16,Finishing,44.06,34.09,45.69,Routine progress update
PR-00066,MPL-0014,2026-02-25,Planning,19.03,15.57,9.75,Routine progress update
PR-00067,MPL-0014,2026-04-11,Foundation,38.07,31.87,19.5,Routine progress update
PR-00068,MPL-0014,2026-05-26,Execution,57.1,39.94,29.25,Routine progress update
PR-00069,MPL-0014,2026-07-10,Finishing,76.14,68.59,39.0,Routine progress update
PR-00070,MPL-0015,2026-03-05,Planning,11.61,12.36,10.54,Routine progress update
PR-00071,MPL-0015,2026-04-19,Foundation,23.22,30.74,21.08,Routine progress update
PR-00072,MPL-0015,2026-06-03,Execution,34.83,35.04,31.62,Routine progress update
PR-00073,MPL-0015,2026-07-18,Finishing,46.45,49.38,42.17,Routine progress update
PR-00074,MPL-0015,2026-09-01,Inspection,58.06,62.23,52.71,Routine progress update
PR-00075,MPL-0016,2026-01-03,Planning,10.12,3.1,30.27,Routine progress update
PR-00076,MPL-0016,2026-02-17,Foundation,20.25,30.63,60.54,Routine progress update
PR-00077,MPL-0016,2026-04-03,Execution,30.37,28.52,90.81,Routine progress update
PR-00078,MPL-0016,2026-05-18,Finishing,40.5,42.31,100.0,Routine progress update
PR-00079,MPL-0017,2026-01-03,Planning,17.87,22.6,26.87,Routine progress update
PR-00080,MPL-0017,2026-02-17,Foundation,35.74,36.81,53.73,Routine progress update
PR-00081,MPL-0017,2026-04-03,Execution,53.61,67.5,80.6,Routine progress update
PR-00082,MPL-0017,2026-05-18,Finishing,71.49,81.21,100.0,Routine progress update
PR-00083,MPL-0018,2026-01-14,Planning,5.35,3.83,4.02,Routine progress update
PR-00084,MPL-0018,2026-02-28,Foundation,10.69,9.91,8.04,Routine progress update
PR-00085,MPL-0018,2026-04-14,Execution,16.04,17.1,12.06,Routine progress update
PR-00086,MPL-0018,2026-05-29,Finishing,21.39,18.76,16.08,Routine progress update
PR-00087,MPL-0018,2026-07-13,Inspection,26.73,26.93,20.1,Routine progress update
PR-00088,MPL-0018,2026-08-27,Completion,32.08,21.34,24.12,Routine progress update
PR-00089,MPL-0018,2026-10-11,Completion,37.42,29.77,28.14,Routine progress update
PR-00090,MPL-0019,2026-05-30,Planning,7.42,0.0,9.6,Routine progress update
PR-00091,MPL-0019,2026-07-14,Foundation,14.84,25.05,19.2,Routine progress update
PR-00092,MPL-0019,2026-08-28,Execution,22.27,33.54,28.8,Routine progress update
PR-00093,MPL-0019,2026-10-12,Finishing,29.69,36.64,38.4,Routine progress update
PR-00094,MPL-0019,2026-11-26,Inspection,37.11,38.62,48.0,Routine progress update
PR-00095,MPL-0019,2027-01-10,Completion,44.53,60.76,57.6,Routine progress update
PR-00096,MPL-0019,2027-02-24,Completion,51.95,57.31,67.19,Routine progress update
PR-00097,MPL-0020,2026-03-02,Planning,20.87,17.15,74.44,Routine progress update
PR-00098,MPL-0020,2026-04-16,Foundation,41.74,36.65,100.0,Routine progress update
PR-00099,MPL-0020,2026-05-31,Execution,62.61,55.82,100.0,Routine progress update
PR-00100,MPL-0020,2026-07-15,Finishing,83.48,74.6,100.0,Routine progress update
PR-00101,MPL-0021,2026-04-28,Planning,6.79,7.88,5.03,Routine progress update
PR-00102,MPL-0021,2026-06-12,Foundation,13.58,9.72,10.07,Routine progress update
PR-00103,MPL-0021,2026-07-27,Execution,20.36,18.12,15.1,Routine progress update
PR-00104,MPL-0021,2026-09-10,Finishing,27.15,19.84,20.13,Routine progress update
PR-00105,MPL-0021,2026-10-25,Inspection,33.94,28.06,25.17,Routine progress update
PR-00106,MPL-0021,2026-12-09,Completion,40.73,32.88,30.2,Routine progress update
PR-00107,MPL-0021,2027-01-23,Completion,47.52,39.09,35.24,Routine progress update
PR-00108,MPL-0022,2026-03-08,Planning,7.42,10.2,14.12,Routine progress update
PR-00109,MPL-0022,2026-04-22,Foundation,14.84,13.52,28.25,Routine progress update
PR-00110,MPL-0022,2026-06-06,Execution,22.26,24.77,42.37,Routine progress update
PR-00111,MPL-0022,2026-07-21,Finishing,29.68,33.2,56.49,Routine progress update
PR-00112,MPL-0022,2026-09-04,Inspection,37.1,33.06,70.61,Routine progress update
PR-00113,MPL-0023,2026-06-25,Planning,9.17,7.57,15.06,Routine progress update
PR-00114,MPL-0023,2026-08-09,Foundation,18.33,19.76,30.12,Routine progress update
PR-00115,MPL-0023,2026-09-23,Execution,27.5,32.83,45.17,Routine progress update
PR-00116,MPL-0023,2026-11-07,Finishing,36.67,37.96,60.23,Routine progress update
PR-00117,MPL-0023,2026-12-22,Inspection,45.84,50.41,75.29,Routine progress update
PR-00118,MPL-0024,2026-05-22,Planning,13.96,13.48,2.54,Routine progress update
PR-00119,MPL-0024,2026-07-06,Foundation,27.93,31.16,5.07,Routine progress update
PR-00120,MPL-0024,2026-08-20,Execution,41.89,48.46,7.61,Routine progress update
PR-00121,MPL-0024,2026-10-04,Finishing,55.85,51.01,10.15,Routine progress update
PR-00122,MPL-0025,2026-06-22,Planning,12.54,20.33,8.56,Routine progress update
PR-00123,MPL-0025,2026-08-06,Foundation,25.08,21.13,17.12,Routine progress update
PR-00124,MPL-0025,2026-09-20,Execution,37.62,46.84,25.68,Routine progress update
PR-00125,MPL-0025,2026-11-04,Finishing,50.17,59.89,34.24,Routine progress update
PR-00126,MPL-0025,2026-12-19,Inspection,62.71,62.07,42.8,Routine progress update
PR-00127,MPL-0025,2027-02-02,Completion,75.25,76.56,51.36,Routine progress update
PR-00128,MPL-0025,2027-03-19,Completion,87.79,100.0,59.92,Routine progress update
PR-00129,MPL-0026,2026-01-19,Planning,7.62,8.17,0.85,Routine progress update
PR-00130,MPL-0026,2026-03-05,Foundation,15.23,3.09,1.69,Routine progress update
PR-00131,MPL-0026,2026-04-19,Execution,22.85,6.39,2.54,Routine progress update
PR-00132,MPL-0026,2026-06-03,Finishing,30.46,15.28,3.38,Routine progress update
PR-00133,MPL-0026,2026-07-18,Inspection,38.08,16.48,4.23,Routine progress update
PR-00134,MPL-0026,2026-09-01,Completion,45.69,24.06,5.07,Routine progress update
PR-00135,MPL-0027,2026-04-27,Planning,29.78,32.06,25.12,Routine progress update
PR-00136,MPL-0027,2026-06-11,Foundation,59.56,66.62,50.23,Routine progress update
PR-00137,MPL-0027,2026-07-26,Execution,89.33,94.31,75.35,Routine progress update
PR-00138,MPL-0028,2026-05-05,Planning,10.61,12.51,6.11,Routine progress update
PR-00139,MPL-0028,2026-06-19,Foundation,21.21,17.85,12.23,Routine progress update
PR-00140,MPL-0028,2026-08-03,Execution,31.82,27.19,18.34,Routine progress update
PR-00141,MPL-0028,2026-09-17,Finishing,42.43,38.31,24.46,Routine progress update
PR-00142,MPL-0028,2026-11-01,Inspection,53.03,55.51,30.57,Routine progress update
PR-00143,MPL-0028,2026-12-16,Completion,63.64,56.15,36.69,Routine progress update
PR-00144,MPL-0028,2027-01-30,Completion,74.24,68.45,42.8,Routine progress update
PR-00145,MPL-0029,2026-05-19,Planning,11.62,4.22,11.19,Routine progress update
PR-00146,MPL-0029,2026-07-03,Foundation,23.24,29.11,22.38,Routine progress update
PR-00147,MPL-0029,2026-08-17,Execution,34.86,48.64,33.57,Routine progress update
PR-00148,MPL-0029,2026-10-01,Finishing,46.49,49.08,44.76,Routine progress update
PR-00149,MPL-0029,2026-11-15,Inspection,58.11,78.71,55.96,Routine progress update
PR-00150,MPL-0030,2026-06-04,Planning,12.34,12.38,12.09,Routine progress update
PR-00151,MPL-0030,2026-07-19,Foundation,24.68,13.01,24.18,Routine progress update
PR-00152,MPL-0030,2026-09-02,Execution,37.03,33.42,36.27,Routine progress update
PR-00153,MPL-0030,2026-10-17,Finishing,49.37,51.93,48.36,Routine progress update
PR-00154,MPL-0030,2026-12-01,Inspection,61.71,66.26,60.45,Routine progress update
PR-00155,MPL-0031,2026-01-22,Planning,7.5,9.33,7.06,Routine progress update
PR-00156,MPL-0031,2026-03-08,Foundation,15.0,19.18,14.12,Routine progress update
PR-00157,MPL-0031,2026-04-22,Execution,22.5,14.65,21.17,Routine progress update
PR-00158,MPL-0031,2026-06-06,Finishing,30.0,23.09,28.23,Routine progress update
PR-00159,MPL-0031,2026-07-21,Inspection,37.5,25.55,35.29,Routine progress update
PR-00160,MPL-0031,2026-09-04,Completion,45.0,36.3,42.35,Routine progress update
PR-00161,MPL-0032,2026-02-27,Planning,9.3,9.52,9.53,Routine progress update
PR-00162,MPL-0032,2026-04-13,Foundation,18.61,13.8,19.05,Routine progress update
PR-00163,MPL-0032,2026-05-28,Execution,27.91,22.89,28.58,Routine progress update
PR-00164,MPL-0032,2026-07-12,Finishing,37.21,22.15,38.11,Routine progress update
PR-00165,MPL-0033,2026-02-12,Planning,6.88,4.39,17.6,Routine progress update
PR-00166,MPL-0033,2026-03-29,Foundation,13.77,16.59,35.2,Routine progress update
PR-00167,MPL-0033,2026-05-13,Execution,20.65,21.25,52.8,Routine progress update
PR-00168,MPL-0033,2026-06-27,Finishing,27.53,36.76,70.39,Routine progress update
PR-00169,MPL-0033,2026-08-11,Inspection,34.42,36.93,87.99,Routine progress update
PR-00170,MPL-0033,2026-09-25,Completion,41.3,45.34,100.0,Routine progress update
PR-00171,MPL-0034,2026-06-25,Planning,11.02,10.85,8.87,Routine progress update
PR-00172,MPL-0034,2026-08-09,Foundation,22.04,16.79,17.75,Routine progress update
PR-00173,MPL-0034,2026-09-23,Execution,33.06,22.58,26.62,Routine progress update
PR-00174,MPL-0034,2026-11-07,Finishing,44.08,32.29,35.49,Routine progress update
PR-00175,MPL-0034,2026-12-22,Inspection,55.11,48.01,44.36,Routine progress update
PR-00176,MPL-0034,2027-02-05,Completion,66.13,49.59,53.24,Routine progress update
PR-00177,MPL-0035,2026-02-09,Planning,23.59,29.7,24.58,Routine progress update
PR-00178,MPL-0035,2026-03-26,Foundation,47.18,45.46,49.16,Routine progress update
PR-00179,MPL-0035,2026-05-10,Execution,70.78,74.79,73.74,Routine progress update
PR-00180,MPL-0036,2026-03-04,Planning,10.7,7.95,8.45,Routine progress update
PR-00181,MPL-0036,2026-04-18,Foundation,21.4,17.29,16.89,Routine progress update
PR-00182,MPL-0036,2026-06-02,Execution,32.1,32.41,25.34,Routine progress update
PR-00183,MPL-0036,2026-07-17,Finishing,42.8,46.11,33.78,Routine progress update
PR-00184,MPL-0036,2026-08-31,Inspection,53.5,51.39,42.23,Routine progress update
PR-00185,MPL-0037,2026-03-03,Planning,8.04,7.52,10.45,Routine progress update
PR-00186,MPL-0037,2026-04-17,Foundation,16.07,18.79,20.91,Routine progress update
PR-00187,MPL-0037,2026-06-01,Execution,24.11,26.71,31.36,Routine progress update
PR-00188,MPL-0037,2026-07-16,Finishing,32.15,30.97,41.82,Routine progress update
PR-00189,MPL-0037,2026-08-30,Inspection,40.18,37.14,52.27,Routine progress update
PR-00190,MPL-0037,2026-10-14,Completion,48.22,47.02,62.73,Routine progress update
PR-00191,MPL-0038,2026-05-16,Planning,13.3,19.39,9.84,Routine progress update
PR-00192,MPL-0038,2026-06-30,Foundation,26.6,41.56,19.68,Routine progress update
PR-00193,MPL-0038,2026-08-14,Execution,39.9,55.68,29.52,Routine progress update
PR-00194,MPL-0038,2026-09-28,Finishing,53.19,81.72,39.36,Routine progress update
PR-00195,MPL-0039,2026-03-12,Planning,9.69,11.41,9.88,Routine progress update
PR-00196,MPL-0039,2026-04-26,Foundation,19.38,32.19,19.75,Routine progress update
PR-00197,MPL-0039,2026-06-10,Execution,29.07,40.17,29.63,Routine progress update
PR-00198,MPL-0039,2026-07-25,Finishing,38.76,54.52,39.5,Routine progress update
PR-00199,MPL-0039,2026-09-08,Inspection,48.45,73.21,49.38,Routine progress update
PR-00200,MPL-0039,2026-10-23,Completion,58.13,85.77,59.25,Routine progress update
PR-00201,MPL-0039,2026-12-07,Completion,67.82,100.0,69.13,Routine progress update
PR-00202,MPL-0040,2026-05-27,Planning,11.29,2.05,18.72,Routine progress update
PR-00203,MPL-0040,2026-07-11,Foundation,22.57,17.57,37.44,Routine progress update
PR-00204,MPL-0040,2026-08-25,Execution,33.86,30.22,56.16,Routine progress update
PR-00205,MPL-0040,2026-10-09,Finishing,45.14,31.96,74.88,Routine progress update
PR-00206,MPL-0041,2026-03-05,Planning,22.6,19.49,22.04,Routine progress update
PR-00207,MPL-0041,2026-04-19,Foundation,45.19,42.78,44.07,Routine progress update
PR-00208,MPL-0041,2026-06-03,Execution,67.79,62.94,66.11,Routine progress update
PR-00209,MPL-0042,2026-06-10,Planning,9.64,15.07,6.66,Routine progress update
PR-00210,MPL-0042,2026-07-25,Foundation,19.28,18.02,13.32,Routine progress update
PR-00211,MPL-0042,2026-09-08,Execution,28.92,27.21,19.98,Routine progress update
PR-00212,MPL-0042,2026-10-23,Finishing,38.55,30.17,26.64,Routine progress update
PR-00213,MPL-0042,2026-12-07,Inspection,48.19,42.6,33.3,Routine progress update
PR-00214,MPL-0043,2026-03-09,Planning,11.47,10.02,9.23,Routine progress update
PR-00215,MPL-0043,2026-04-23,Foundation,22.94,9.53,18.46,Routine progress update
PR-00216,MPL-0043,2026-06-07,Execution,34.41,17.15,27.69,Routine progress update
PR-00217,MPL-0043,2026-07-22,Finishing,45.88,20.8,36.91,Routine progress update
PR-00218,MPL-0044,2026-04-30,Planning,9.99,5.97,9.64,Routine progress update
PR-00219,MPL-0044,2026-06-14,Foundation,19.99,29.66,19.28,Routine progress update
PR-00220,MPL-0044,2026-07-29,Execution,29.98,37.71,28.92,Routine progress update
PR-00221,MPL-0044,2026-09-12,Finishing,39.98,37.63,38.56,Routine progress update
PR-00222,MPL-0044,2026-10-27,Inspection,49.97,35.58,48.2,Routine progress update
PR-00223,MPL-0045,2026-05-28,Planning,9.08,7.33,5.68,Routine progress update
PR-00224,MPL-0045,2026-07-12,Foundation,18.16,18.46,11.35,Routine progress update
PR-00225,MPL-0045,2026-08-26,Execution,27.23,23.99,17.03,Routine progress update
PR-00226,MPL-0045,2026-10-10,Finishing,36.31,34.13,22.71,Routine progress update
PR-00227,MPL-0045,2026-11-24,Inspection,45.39,40.45,28.39,Routine progress update
PR-00228,MPL-0045,2027-01-08,Completion,54.47,56.21,34.06,Routine progress update
PR-00229,MPL-0045,2027-02-22,Completion,63.54,61.53,39.74,Routine progress update
PR-00230,MPL-0046,2026-06-27,Planning,11.39,15.21,7.02,Routine progress update
PR-00231,MPL-0046,2026-08-11,Foundation,22.78,27.7,14.03,Routine progress update
PR-00232,MPL-0046,2026-09-25,Execution,34.18,25.52,21.05,Routine progress update
PR-00233,MPL-0046,2026-11-09,Finishing,45.57,42.55,28.06,Routine progress update
PR-00234,MPL-0046,2026-12-24,Inspection,56.96,54.54,35.08,Routine progress update
PR-00235,MPL-0046,2027-02-07,Completion,68.35,78.73,42.09,Routine progress update
PR-00236,MPL-0046,2027-03-24,Completion,79.75,80.44,49.11,Routine progress update
PR-00237,MPL-0047,2026-04-03,Planning,10.97,13.15,7.73,Routine progress update
PR-00238,MPL-0047,2026-05-18,Foundation,21.94,12.27,15.46,Routine progress update
PR-00239,MPL-0047,2026-07-02,Execution,32.91,30.26,23.19,Routine progress update
PR-00240,MPL-0047,2026-08-16,Finishing,43.89,43.5,30.92,Routine progress update
PR-00241,MPL-0047,2026-09-30,Inspection,54.86,52.93,38.65,Routine progress update
PR-00242,MPL-0047,2026-11-14,Completion,65.83,61.87,46.38,Routine progress update
PR-00243,MPL-0047,2026-12-29,Completion,76.8,69.33,54.11,Routine progress update
PR-00244,MPL-0048,2026-05-22,Planning,21.3,21.09,7.81,Routine progress update
PR-00245,MPL-0048,2026-07-06,Foundation,42.61,34.91,15.61,Routine progress update
PR-00246,MPL-0048,2026-08-20,Execution,63.91,58.92,23.42,Routine progress update
PR-00247,MPL-0048,2026-10-04,Finishing,85.21,84.29,31.23,Routine progress update
PR-00248,MPL-0049,2026-02-07,Planning,12.67,8.31,4.78,Routine progress update
PR-00249,MPL-0049,2026-03-24,Foundation,25.35,25.11,9.57,Routine progress update
PR-00250,MPL-0049,2026-05-08,Execution,38.02,35.39,14.35,Routine progress update
PR-00251,MPL-0049,2026-06-22,Finishing,50.7,50.17,19.13,Routine progress update
PR-00252,MPL-0049,2026-08-06,Inspection,63.37,59.71,23.92,Routine progress update
PR-00253,MPL-0049,2026-09-20,Completion,76.05,67.96,28.7,Routine progress update
PR-00254,MPL-0050,2026-02-08,Planning,16.34,19.32,12.28,Routine progress update
PR-00255,MPL-0050,2026-03-25,Foundation,32.68,36.68,24.57,Routine progress update
PR-00256,MPL-0050,2026-05-09,Execution,49.02,46.95,36.85,Routine progress update
PR-00257,MPL-0050,2026-06-23,Finishing,65.36,63.99,49.13,Routine progress update
PR-00258,MPL-0051,2026-04-09,Planning,8.67,10.13,6.34,Routine progress update
PR-00259,MPL-0051,2026-05-24,Foundation,17.35,19.13,12.68,Routine progress update
PR-00260,MPL-0051,2026-07-08,Execution,26.02,35.62,19.01,Routine progress update
PR-00261,MPL-0051,2026-08-22,Finishing,34.69,39.56,25.35,Routine progress update
PR-00262,MPL-0051,2026-10-06,Inspection,43.37,57.6,31.69,Routine progress update
PR-00263,MPL-0052,2026-03-28,Planning,13.64,13.3,11.76,Routine progress update
PR-00264,MPL-0052,2026-05-12,Foundation,27.28,31.42,23.52,Routine progress update
PR-00265,MPL-0052,2026-06-26,Execution,40.92,44.96,35.27,Routine progress update
PR-00266,MPL-0052,2026-08-10,Finishing,54.56,55.16,47.03,Routine progress update
PR-00267,MPL-0052,2026-09-24,Inspection,68.21,73.75,58.79,Routine progress update
PR-00268,MPL-0052,2026-11-08,Completion,81.85,89.93,70.55,Routine progress update
PR-00269,MPL-0053,2026-04-22,Planning,6.75,3.49,12.19,Routine progress update
PR-00270,MPL-0053,2026-06-06,Foundation,13.51,2.12,24.37,Routine progress update
PR-00271,MPL-0053,2026-07-21,Execution,20.26,18.04,36.56,Routine progress update
PR-00272,MPL-0053,2026-09-04,Finishing,27.02,15.32,48.75,Routine progress update
PR-00273,MPL-0053,2026-10-19,Inspection,33.77,15.54,60.94,Routine progress update
PR-00274,MPL-0053,2026-12-03,Completion,40.53,28.94,73.12,Routine progress update
PR-00275,MPL-0054,2026-06-06,Planning,28.4,35.8,16.48,Routine progress update
PR-00276,MPL-0054,2026-07-21,Foundation,56.8,61.87,32.96,Routine progress update
PR-00277,MPL-0054,2026-09-04,Execution,85.21,95.82,49.44,Routine progress update
PR-00278,MPL-0055,2026-06-26,Planning,12.85,12.93,4.38,Routine progress update
PR-00279,MPL-0055,2026-08-10,Foundation,25.7,28.83,8.76,Routine progress update
PR-00280,MPL-0055,2026-09-24,Execution,38.56,43.95,13.14,Routine progress update
PR-00281,MPL-0055,2026-11-08,Finishing,51.41,59.08,17.52,Routine progress update
PR-00282,MPL-0055,2026-12-23,Inspection,64.26,71.26,21.89,Routine progress update
PR-00283,MPL-0055,2027-02-06,Completion,77.11,88.31,26.27,Routine progress update
PR-00284,MPL-0055,2027-03-23,Completion,89.97,97.25,30.65,Routine progress update
PR-00285,MPL-0056,2026-06-05,Planning,19.42,0.17,2.06,Routine progress update
PR-00286,MPL-0056,2026-07-20,Foundation,38.83,6.41,4.13,Routine progress update
PR-00287,MPL-0056,2026-09-03,Execution,58.25,9.36,6.19,Routine progress update
PR-00288,MPL-0056,2026-10-18,Finishing,77.67,2.54,8.26,Routine progress update
PR-00289,MPL-0057,2026-01-24,Planning,15.35,14.87,23.82,Routine progress update
PR-00290,MPL-0057,2026-03-10,Foundation,30.7,35.49,47.63,Routine progress update
PR-00291,MPL-0057,2026-04-24,Execution,46.04,49.65,71.45,Routine progress update
PR-00292,MPL-0058,2026-02-06,Planning,17.78,17.05,13.53,Routine progress update
PR-00293,MPL-0058,2026-03-23,Foundation,35.56,42.92,27.06,Routine progress update
PR-00294,MPL-0058,2026-05-07,Execution,53.34,55.24,40.59,Routine progress update
PR-00295,MPL-0058,2026-06-21,Finishing,71.12,81.39,54.11,Routine progress update
PR-00296,MPL-0058,2026-08-05,Inspection,88.9,92.85,67.64,Routine progress update
PR-00297,MPL-0059,2026-01-28,Planning,27.88,14.69,5.24,Routine progress update
PR-00298,MPL-0059,2026-03-14,Foundation,55.76,6.44,10.47,Routine progress update
PR-00299,MPL-0059,2026-04-28,Execution,83.63,9.66,15.71,Routine progress update
PR-00300,MPL-0060,2026-05-18,Planning,12.46,17.51,7.66,Routine progress update
PR-00301,MPL-0060,2026-07-02,Foundation,24.92,24.19,15.32,Routine progress update
PR-00302,MPL-0060,2026-08-16,Execution,37.38,44.62,22.98,Routine progress update
PR-00303,MPL-0060,2026-09-30,Finishing,49.84,53.22,30.65,Routine progress update
PR-00304,MPL-0060,2026-11-14,Inspection,62.3,64.2,38.31,Routine progress update
PR-00305,MPL-0060,2026-12-29,Completion,74.76,76.7,45.97,Routine progress update
PR-00306,MPL-0060,2027-02-12,Completion,87.22,95.37,53.63,Routine progress update
PR-00307,MPL-0061,2026-02-25,Planning,18.32,22.43,14.82,Routine progress update
PR-00308,MPL-0061,2026-04-11,Foundation,36.63,44.75,29.65,Routine progress update
PR-00309,MPL-0061,2026-05-26,Execution,54.95,66.69,44.47,Routine progress update
PR-00310,MPL-0062,2026-01-06,Planning,5.99,6.58,4.09,Routine progress update
PR-00311,MPL-0062,2026-02-20,Foundation,11.98,14.18,8.18,Routine progress update
PR-00312,MPL-0062,2026-04-06,Execution,17.97,17.68,12.27,Routine progress update
PR-00313,MPL-0062,2026-05-21,Finishing,23.96,24.0,16.36,Routine progress update
PR-00314,MPL-0062,2026-07-05,Inspection,29.95,25.77,20.45,Routine progress update
PR-00315,MPL-0062,2026-08-19,Completion,35.94,37.49,24.55,Routine progress update
PR-00316,MPL-0062,2026-10-03,Completion,41.93,35.47,28.64,Routine progress update
PR-00317,MPL-0063,2026-02-03,Planning,11.89,11.12,4.3,Routine progress update
PR-00318,MPL-0063,2026-03-20,Foundation,23.79,18.85,8.6,Routine progress update
PR-00319,MPL-0063,2026-05-04,Execution,35.68,31.46,12.89,Routine progress update
PR-00320,MPL-0063,2026-06-18,Finishing,47.57,35.75,17.19,Routine progress update
PR-00321,MPL-0063,2026-08-02,Inspection,59.47,41.46,21.49,Routine progress update
PR-00322,MPL-0063,2026-09-16,Completion,71.36,58.52,25.79,Routine progress update
PR-00323,MPL-0064,2026-05-02,Planning,13.67,6.82,29.78,Routine progress update
PR-00324,MPL-0064,2026-06-16,Foundation,27.33,14.89,59.56,Routine progress update
PR-00325,MPL-0064,2026-07-31,Execution,41.0,36.09,89.34,Routine progress update
PR-00326,MPL-0065,2026-03-24,Planning,13.87,20.45,12.55,Routine progress update
PR-00327,MPL-0065,2026-05-08,Foundation,27.73,24.9,25.1,Routine progress update
PR-00328,MPL-0065,2026-06-22,Execution,41.6,41.83,37.65,Routine progress update
PR-00329,MPL-0065,2026-08-06,Finishing,55.47,54.94,50.2,Routine progress update
PR-00330,MPL-0065,2026-09-20,Inspection,69.34,67.58,62.74,Routine progress update
PR-00331,MPL-0066,2026-02-28,Planning,19.29,18.65,15.87,Routine progress update
PR-00332,MPL-0066,2026-04-14,Foundation,38.59,36.02,31.75,Routine progress update
PR-00333,MPL-0066,2026-05-29,Execution,57.88,44.5,47.62,Routine progress update
PR-00334,MPL-0067,2026-05-31,Planning,11.52,13.14,14.98,Routine progress update
PR-00335,MPL-0067,2026-07-15,Foundation,23.04,31.06,29.95,Routine progress update
PR-00336,MPL-0067,2026-08-29,Execution,34.56,41.64,44.93,Routine progress update
PR-00337,MPL-0067,2026-10-13,Finishing,46.08,55.2,59.9,Routine progress update
PR-00338,MPL-0067,2026-11-27,Inspection,57.59,70.29,74.88,Routine progress update
PR-00339,MPL-0068,2026-03-31,Planning,13.32,19.89,13.96,Routine progress update
PR-00340,MPL-0068,2026-05-15,Foundation,26.63,33.05,27.92,Routine progress update
PR-00341,MPL-0068,2026-06-29,Execution,39.95,43.98,41.88,Routine progress update
PR-00342,MPL-0068,2026-08-13,Finishing,53.26,56.34,55.83,Routine progress update
PR-00343,MPL-0068,2026-09-27,Inspection,66.58,72.75,69.79,Routine progress update
PR-00344,MPL-0069,2026-02-06,Planning,15.15,14.89,5.97,Routine progress update
PR-00345,MPL-0069,2026-03-23,Foundation,30.3,26.24,11.95,Routine progress update
PR-00346,MPL-0069,2026-05-07,Execution,45.45,49.96,17.92,Routine progress update
PR-00347,MPL-0069,2026-06-21,Finishing,60.6,69.54,23.89,Routine progress update
PR-00348,MPL-0069,2026-08-05,Inspection,75.75,82.78,29.86,Routine progress update
PR-00349,MPL-0070,2026-02-09,Planning,9.87,8.54,11.87,Routine progress update
PR-00350,MPL-0070,2026-03-26,Foundation,19.74,18.0,23.74,Routine progress update
PR-00351,MPL-0070,2026-05-10,Execution,29.62,33.35,35.6,Routine progress update
PR-00352,MPL-0070,2026-06-24,Finishing,39.49,35.8,47.47,Routine progress update
PR-00353,MPL-0071,2026-06-20,Planning,16.99,8.44,2.08,Routine progress update
PR-00354,MPL-0071,2026-08-04,Foundation,33.98,0.0,4.16,Routine progress update
PR-00355,MPL-0071,2026-09-18,Execution,50.97,14.44,6.24,Routine progress update
PR-00356,MPL-0071,2026-11-02,Finishing,67.96,17.25,8.32,Routine progress update
PR-00357,MPL-0072,2026-01-19,Planning,7.21,12.47,14.14,Routine progress update
PR-00358,MPL-0072,2026-03-05,Foundation,14.41,9.67,28.28,Routine progress update
PR-00359,MPL-0072,2026-04-19,Execution,21.62,30.65,42.42,Routine progress update
PR-00360,MPL-0072,2026-06-03,Finishing,28.82,35.24,56.55,Routine progress update
PR-00361,MPL-0072,2026-07-18,Inspection,36.03,34.18,70.69,Routine progress update
PR-00362,MPL-0073,2026-01-23,Planning,22.46,27.5,15.33,Routine progress update
PR-00363,MPL-0073,2026-03-09,Foundation,44.93,50.39,30.65,Routine progress update
PR-00364,MPL-0073,2026-04-23,Execution,67.39,59.3,45.98,Routine progress update
PR-00365,MPL-0074,2026-03-31,Planning,14.35,12.5,18.98,Routine progress update
PR-00366,MPL-0074,2026-05-15,Foundation,28.7,29.15,37.95,Routine progress update
PR-00367,MPL-0074,2026-06-29,Execution,43.05,40.32,56.93,Routine progress update
PR-00368,MPL-0075,2026-06-14,Planning,14.73,17.24,8.05,Routine progress update
PR-00369,MPL-0075,2026-07-29,Foundation,29.47,17.2,16.1,Routine progress update
PR-00370,MPL-0075,2026-09-12,Execution,44.2,44.6,24.15,Routine progress update
PR-00371,MPL-0075,2026-10-27,Finishing,58.94,54.7,32.2,Routine progress update
PR-00372,MPL-0075,2026-12-11,Inspection,73.67,73.45,40.26,Routine progress update
PR-00373,MPL-0075,2027-01-25,Completion,88.4,84.38,48.31,Routine progress update
PR-00374,MPL-0076,2026-03-15,Planning,9.99,10.18,11.34,Routine progress update
PR-00375,MPL-0076,2026-04-29,Foundation,19.98,23.08,22.69,Routine progress update
PR-00376,MPL-0076,2026-06-13,Execution,29.97,30.09,34.03,Routine progress update
PR-00377,MPL-0076,2026-07-28,Finishing,39.97,40.94,45.38,Routine progress update
PR-00378,MPL-0077,2026-04-26,Planning,14.84,2.99,15.3,Routine progress update
PR-00379,MPL-0077,2026-06-10,Foundation,29.68,4.0,30.61,Routine progress update
PR-00380,MPL-0077,2026-07-25,Execution,44.52,17.91,45.91,Routine progress update
PR-00381,MPL-0077,2026-09-08,Finishing,59.35,17.63,61.21,Routine progress update
PR-00382,MPL-0077,2026-10-23,Inspection,74.19,25.26,76.52,Routine progress update
PR-00383,MPL-0077,2026-12-07,Completion,89.03,32.42,91.82,Routine progress update
PR-00384,MPL-0078,2026-01-17,Planning,16.88,9.84,19.93,Routine progress update
PR-00385,MPL-0078,2026-03-03,Foundation,33.75,28.92,39.87,Routine progress update
PR-00386,MPL-0078,2026-04-17,Execution,50.63,53.35,59.8,Routine progress update
PR-00387,MPL-0079,2026-03-21,Planning,26.58,29.31,22.98,Routine progress update
PR-00388,MPL-0079,2026-05-05,Foundation,53.15,57.95,45.96,Routine progress update
PR-00389,MPL-0079,2026-06-19,Execution,79.73,76.1,68.93,Routine progress update
PR-00390,MPL-0080,2026-02-19,Planning,12.82,16.7,12.98,Routine progress update
PR-00391,MPL-0080,2026-04-05,Foundation,25.63,27.32,25.95,Routine progress update
PR-00392,MPL-0080,2026-05-20,Execution,38.45,38.92,38.93,Routine progress update
PR-00393,MPL-0080,2026-07-04,Finishing,51.27,54.01,51.91,Routine progress update
PR-00394,MPL-0081,2026-02-12,Planning,10.31,17.49,6.93,Routine progress update
PR-00395,MPL-0081,2026-03-29,Foundation,20.63,29.67,13.87,Routine progress update
PR-00396,MPL-0081,2026-05-13,Execution,30.94,43.06,20.8,Routine progress update
PR-00397,MPL-0081,2026-06-27,Finishing,41.26,58.12,27.74,Routine progress update
PR-00398,MPL-0081,2026-08-11,Inspection,51.57,75.14,34.67,Routine progress update
PR-00399,MPL-0081,2026-09-25,Completion,61.89,85.33,41.61,Routine progress update
PR-00400,MPL-0081,2026-11-09,Completion,72.2,100.0,48.54,Routine progress update
PR-00401,MPL-0082,2026-03-14,Planning,8.78,11.81,11.41,Routine progress update
PR-00402,MPL-0082,2026-04-28,Foundation,17.57,13.2,22.82,Routine progress update
PR-00403,MPL-0082,2026-06-12,Execution,26.35,24.26,34.23,Routine progress update
PR-00404,MPL-0082,2026-07-27,Finishing,35.13,27.03,45.64,Routine progress update
PR-00405,MPL-0082,2026-09-10,Inspection,43.91,34.64,57.05,Routine progress update
PR-00406,MPL-0083,2026-02-11,Planning,11.53,9.69,10.47,Routine progress update
PR-00407,MPL-0083,2026-03-28,Foundation,23.06,22.27,20.93,Routine progress update
PR-00408,MPL-0083,2026-05-12,Execution,34.59,35.09,31.4,Routine progress update
PR-00409,MPL-0083,2026-06-26,Finishing,46.12,40.8,41.86,Routine progress update
PR-00410,MPL-0083,2026-08-10,Inspection,57.65,44.52,52.33,Routine progress update
PR-00411,MPL-0083,2026-09-24,Completion,69.18,63.15,62.79,Routine progress update
PR-00412,MPL-0083,2026-11-08,Completion,80.71,80.54,73.26,Routine progress update
PR-00413,MPL-0084,2026-03-23,Planning,13.09,12.03,6.7,Routine progress update
PR-00414,MPL-0084,2026-05-07,Foundation,26.18,16.35,13.4,Routine progress update
PR-00415,MPL-0084,2026-06-21,Execution,39.26,35.46,20.1,Routine progress update
PR-00416,MPL-0084,2026-08-05,Finishing,52.35,46.36,26.8,Routine progress update
PR-00417,MPL-0084,2026-09-19,Inspection,65.44,57.61,33.5,Routine progress update
PR-00418,MPL-0084,2026-11-03,Completion,78.53,73.33,40.2,Routine progress update
PR-00419,MPL-0085,2026-05-16,Planning,17.19,19.05,15.75,Routine progress update
PR-00420,MPL-0085,2026-06-30,Foundation,34.38,29.81,31.5,Routine progress update
PR-00421,MPL-0085,2026-08-14,Execution,51.56,40.08,47.25,Routine progress update
PR-00422,MPL-0086,2026-03-16,Planning,9.48,12.86,8.63,Routine progress update
PR-00423,MPL-0086,2026-04-30,Foundation,18.97,10.74,17.26,Routine progress update
PR-00424,MPL-0086,2026-06-14,Execution,28.45,22.21,25.89,Routine progress update
PR-00425,MPL-0086,2026-07-29,Finishing,37.94,31.01,34.52,Routine progress update
PR-00426,MPL-0086,2026-09-12,Inspection,47.42,41.67,43.15,Routine progress update
PR-00427,MPL-0086,2026-10-27,Completion,56.9,52.18,51.78,Routine progress update
PR-00428,MPL-0086,2026-12-11,Completion,66.39,57.7,60.42,Routine progress update
PR-00429,MPL-0087,2026-04-06,Planning,7.74,2.78,23.68,Routine progress update
PR-00430,MPL-0087,2026-05-21,Foundation,15.49,16.71,47.35,Routine progress update
PR-00431,MPL-0087,2026-07-05,Execution,23.23,18.27,71.03,Routine progress update
PR-00432,MPL-0087,2026-08-19,Finishing,30.97,26.02,94.71,Routine progress update
PR-00433,MPL-0087,2026-10-03,Inspection,38.72,34.22,100.0,Routine progress update
PR-00434,MPL-0088,2026-02-04,Planning,5.29,4.37,9.56,Routine progress update
PR-00435,MPL-0088,2026-03-21,Foundation,10.58,8.59,19.12,Routine progress update
PR-00436,MPL-0088,2026-05-05,Execution,15.87,16.75,28.68,Routine progress update
PR-00437,MPL-0088,2026-06-19,Finishing,21.16,17.44,38.25,Routine progress update
PR-00438,MPL-0088,2026-08-03,Inspection,26.45,24.5,47.81,Routine progress update
PR-00439,MPL-0088,2026-09-17,Completion,31.74,27.44,57.37,Routine progress update
PR-00440,MPL-0088,2026-11-01,Completion,37.03,37.54,66.93,Routine progress update
PR-00441,MPL-0089,2026-06-17,Planning,11.81,12.8,9.66,Routine progress update
PR-00442,MPL-0089,2026-08-01,Foundation,23.61,24.89,19.32,Routine progress update
PR-00443,MPL-0089,2026-09-15,Execution,35.42,37.91,28.98,Routine progress update
PR-00444,MPL-0089,2026-10-30,Finishing,47.23,44.92,38.64,Routine progress update
PR-00445,MPL-0089,2026-12-14,Inspection,59.03,53.28,48.31,Routine progress update
PR-00446,MPL-0090,2026-06-04,Planning,5.63,4.1,5.89,Routine progress update
PR-00447,MPL-0090,2026-07-19,Foundation,11.26,10.13,11.78,Routine progress update
PR-00448,MPL-0090,2026-09-02,Execution,16.89,14.17,17.68,Routine progress update
PR-00449,MPL-0090,2026-10-17,Finishing,22.52,25.24,23.57,Routine progress update
PR-00450,MPL-0090,2026-12-01,Inspection,28.15,27.44,29.46,Routine progress update
PR-00451,MPL-0090,2027-01-15,Completion,33.77,36.73,35.35,Routine progress update
PR-00452,MPL-0090,2027-03-01,Completion,39.4,41.31,41.24,Routine progress update
PR-00453,MPL-0091,2026-06-13,Planning,11.0,11.95,12.2,Routine progress update
PR-00454,MPL-0091,2026-07-28,Foundation,21.99,26.47,24.4,Routine progress update
PR-00455,MPL-0091,2026-09-11,Execution,32.99,34.2,36.61,Routine progress update
PR-00456,MPL-0091,2026-10-26,Finishing,43.99,51.04,48.81,Routine progress update
PR-00457,MPL-0091,2026-12-10,Inspection,54.98,66.88,61.01,Routine progress update
PR-00458,MPL-0092,2026-06-04,Planning,7.92,9.98,7.92,Routine progress update
PR-00459,MPL-0092,2026-07-19,Foundation,15.85,14.09,15.83,Routine progress update
PR-00460,MPL-0092,2026-09-02,Execution,23.77,23.36,23.75,Routine progress update
PR-00461,MPL-0092,2026-10-17,Finishing,31.69,33.43,31.67,Routine progress update
PR-00462,MPL-0092,2026-12-01,Inspection,39.61,40.66,39.58,Routine progress update
PR-00463,MPL-0092,2027-01-15,Completion,47.54,47.68,47.5,Routine progress update
PR-00464,MPL-0092,2027-03-01,Completion,55.46,60.87,55.42,Routine progress update
PR-00465,MPL-0093,2026-05-24,Planning,19.85,22.27,13.38,Routine progress update
PR-00466,MPL-0093,2026-07-08,Foundation,39.7,47.07,26.76,Routine progress update
PR-00467,MPL-0093,2026-08-22,Execution,59.55,74.21,40.14,Routine progress update
PR-00468,MPL-0094,2026-06-20,Planning,16.99,14.24,11.12,Routine progress update
PR-00469,MPL-0094,2026-08-04,Foundation,33.98,25.64,22.23,Routine progress update
PR-00470,MPL-0094,2026-09-18,Execution,50.97,43.97,33.35,Routine progress update
PR-00471,MPL-0095,2026-05-22,Planning,16.34,19.78,7.39,Routine progress update
PR-00472,MPL-0095,2026-07-06,Foundation,32.67,36.11,14.78,Routine progress update
PR-00473,MPL-0095,2026-08-20,Execution,49.01,52.18,22.18,Routine progress update
PR-00474,MPL-0095,2026-10-04,Finishing,65.34,64.3,29.57,Routine progress update
PR-00475,MPL-0096,2026-06-24,Planning,15.58,19.01,6.93,Routine progress update
PR-00476,MPL-0096,2026-08-08,Foundation,31.17,35.9,13.86,Routine progress update
PR-00477,MPL-0096,2026-09-22,Execution,46.75,45.21,20.79,Routine progress update
PR-00478,MPL-0096,2026-11-06,Finishing,62.33,63.83,27.72,Routine progress update
PR-00479,MPL-0096,2026-12-21,Inspection,77.91,88.07,34.64,Routine progress update
PR-00480,MPL-0097,2026-02-27,Planning,8.44,3.77,5.9,Routine progress update
PR-00481,MPL-0097,2026-04-13,Foundation,16.87,6.63,11.8,Routine progress update
PR-00482,MPL-0097,2026-05-28,Execution,25.31,25.71,17.7,Routine progress update
PR-00483,MPL-0097,2026-07-12,Finishing,33.75,31.45,23.6,Routine progress update
PR-00484,MPL-0097,2026-08-26,Inspection,42.19,31.8,29.5,Routine progress update
PR-00485,MPL-0097,2026-10-10,Completion,50.62,39.91,35.4,Routine progress update
PR-00486,MPL-0098,2026-06-04,Planning,20.1,12.35,6.85,Routine progress update
PR-00487,MPL-0098,2026-07-19,Foundation,40.19,34.86,13.7,Routine progress update
PR-00488,MPL-0098,2026-09-02,Execution,60.29,56.42,20.56,Routine progress update
PR-00489,MPL-0098,2026-10-17,Finishing,80.39,66.84,27.41,Routine progress update
PR-00490,MPL-0099,2026-05-04,Planning,10.27,11.7,5.64,Routine progress update
PR-00491,MPL-0099,2026-06-18,Foundation,20.54,18.24,11.27,Routine progress update
PR-00492,MPL-0099,2026-08-02,Execution,30.82,26.89,16.91,Routine progress update
PR-00493,MPL-0099,2026-09-16,Finishing,41.09,30.83,22.54,Routine progress update
PR-00494,MPL-0099,2026-10-31,Inspection,51.36,39.55,28.18,Routine progress update
PR-00495,MPL-0100,2026-04-05,Planning,8.67,0.4,15.95,Routine progress update
PR-00496,MPL-0100,2026-05-20,Foundation,17.33,13.32,31.91,Routine progress update
PR-00497,MPL-0100,2026-07-04,Execution,26.0,28.03,47.86,Routine progress update
PR-00498,MPL-0100,2026-08-18,Finishing,34.66,27.45,63.81,Routine progress update
PR-00499,MPL-0100,2026-10-02,Inspection,43.33,35.84,79.77,Routine progress update
PR-00500,MPL-0100,2026-11-16,Completion,51.99,49.31,95.72,Routine progress update
PR-00501,MPL-0100,2026-12-31,Completion,60.66,56.15,100.0,Routine progress update
PR-00502,MPL-0101,2026-05-08,Planning,8.91,10.24,6.55,Routine progress update
PR-00503,MPL-0101,2026-06-22,Foundation,17.82,10.3,13.1,Routine progress update
PR-00504,MPL-0101,2026-08-06,Execution,26.72,32.69,19.65,Routine progress update
PR-00505,MPL-0101,2026-09-20,Finishing,35.63,25.04,26.2,Routine progress update
PR-00506,MPL-0101,2026-11-04,Inspection,44.54,38.0,32.74,Routine progress update
PR-00507,MPL-0101,2026-12-19,Completion,53.45,44.23,39.29,Routine progress update
PR-00508,MPL-0101,2027-02-02,Completion,62.36,47.59,45.84,Routine progress update
PR-00509,MPL-0102,2026-01-28,Planning,7.87,2.51,11.32,Routine progress update
PR-00510,MPL-0102,2026-03-14,Foundation,15.75,8.07,22.64,Routine progress update
PR-00511,MPL-0102,2026-04-28,Execution,23.62,9.37,33.96,Routine progress update
PR-00512,MPL-0102,2026-06-12,Finishing,31.5,19.7,45.29,Routine progress update
PR-00513,MPL-0102,2026-07-27,Inspection,39.37,19.3,56.61,Routine progress update
PR-00514,MPL-0102,2026-09-10,Completion,47.24,18.57,67.93,Routine progress update
PR-00515,MPL-0102,2026-10-25,Completion,55.12,22.22,79.25,Routine progress update
PR-00516,MPL-0103,2026-01-25,Planning,10.95,12.71,5.44,Routine progress update
PR-00517,MPL-0103,2026-03-11,Foundation,21.89,14.63,10.88,Routine progress update
PR-00518,MPL-0103,2026-04-25,Execution,32.84,32.13,16.32,Routine progress update
PR-00519,MPL-0103,2026-06-09,Finishing,43.79,42.93,21.76,Routine progress update
PR-00520,MPL-0103,2026-07-24,Inspection,54.73,47.46,27.21,Routine progress update
PR-00521,MPL-0103,2026-09-07,Completion,65.68,65.29,32.65,Routine progress update
PR-00522,MPL-0104,2026-06-05,Planning,8.75,1.32,9.61,Routine progress update
PR-00523,MPL-0104,2026-07-20,Foundation,17.51,17.57,19.22,Routine progress update
PR-00524,MPL-0104,2026-09-03,Execution,26.26,24.42,28.84,Routine progress update
PR-00525,MPL-0104,2026-10-18,Finishing,35.01,32.3,38.45,Routine progress update
PR-00526,MPL-0104,2026-12-02,Inspection,43.77,36.26,48.06,Routine progress update
PR-00527,MPL-0104,2027-01-16,Completion,52.52,45.42,57.67,Routine progress update
PR-00528,MPL-0105,2026-04-17,Planning,11.85,20.76,8.09,Routine progress update
PR-00529,MPL-0105,2026-06-01,Foundation,23.7,33.43,16.18,Routine progress update
PR-00530,MPL-0105,2026-07-16,Execution,35.56,45.83,24.27,Routine progress update
PR-00531,MPL-0105,2026-08-30,Finishing,47.41,60.9,32.36,Routine progress update
PR-00532,MPL-0105,2026-10-14,Inspection,59.26,74.81,40.45,Routine progress update
PR-00533,MPL-0105,2026-11-28,Completion,71.11,84.42,48.55,Routine progress update
PR-00534,MPL-0105,2027-01-12,Completion,82.97,100.0,56.64,Routine progress update
PR-00535,MPL-0106,2026-01-09,Planning,9.01,1.85,8.26,Routine progress update
PR-00536,MPL-0106,2026-02-23,Foundation,18.02,15.11,16.51,Routine progress update
PR-00537,MPL-0106,2026-04-09,Execution,27.03,27.94,24.77,Routine progress update
PR-00538,MPL-0106,2026-05-24,Finishing,36.04,28.3,33.03,Routine progress update
PR-00539,MPL-0107,2026-05-24,Planning,11.15,17.05,9.87,Routine progress update
PR-00540,MPL-0107,2026-07-08,Foundation,22.29,26.28,19.74,Routine progress update
PR-00541,MPL-0107,2026-08-22,Execution,33.44,33.32,29.62,Routine progress update
PR-00542,MPL-0107,2026-10-06,Finishing,44.58,47.39,39.49,Routine progress update
PR-00543,MPL-0107,2026-11-20,Inspection,55.73,68.45,49.36,Routine progress update
PR-00544,MPL-0108,2026-06-30,Planning,20.46,22.78,24.84,Routine progress update
PR-00545,MPL-0108,2026-08-14,Foundation,40.93,41.55,49.69,Routine progress update
PR-00546,MPL-0108,2026-09-28,Execution,61.39,60.62,74.53,Routine progress update
PR-00547,MPL-0109,2026-03-30,Planning,6.68,8.41,5.62,Routine progress update
PR-00548,MPL-0109,2026-05-14,Foundation,13.36,18.66,11.25,Routine progress update
PR-00549,MPL-0109,2026-06-28,Execution,20.04,28.61,16.87,Routine progress update
PR-00550,MPL-0109,2026-08-12,Finishing,26.73,36.37,22.5,Routine progress update
PR-00551,MPL-0109,2026-09-26,Inspection,33.41,39.33,28.12,Routine progress update
PR-00552,MPL-0109,2026-11-10,Completion,40.09,44.73,33.75,Routine progress update
PR-00553,MPL-0109,2026-12-25,Completion,46.77,53.57,39.37,Routine progress update
PR-00554,MPL-0110,2026-01-14,Planning,10.13,13.46,6.32,Routine progress update
PR-00555,MPL-0110,2026-02-28,Foundation,20.26,24.82,12.64,Routine progress update
PR-00556,MPL-0110,2026-04-14,Execution,30.4,39.35,18.96,Routine progress update
PR-00557,MPL-0110,2026-05-29,Finishing,40.53,53.95,25.27,Routine progress update
PR-00558,MPL-0111,2026-01-23,Planning,18.69,7.19,18.35,Routine progress update
PR-00559,MPL-0111,2026-03-09,Foundation,37.39,24.65,36.7,Routine progress update
PR-00560,MPL-0111,2026-04-23,Execution,56.08,28.73,55.05,Routine progress update
PR-00561,MPL-0111,2026-06-07,Finishing,74.77,31.65,73.4,Routine progress update
PR-00562,MPL-0112,2026-05-26,Planning,12.66,21.1,13.45,Routine progress update
PR-00563,MPL-0112,2026-07-10,Foundation,25.33,36.95,26.9,Routine progress update
PR-00564,MPL-0112,2026-08-24,Execution,37.99,43.47,40.35,Routine progress update
PR-00565,MPL-0112,2026-10-08,Finishing,50.65,67.34,53.79,Routine progress update
PR-00566,MPL-0113,2026-01-04,Planning,12.78,15.72,11.73,Routine progress update
PR-00567,MPL-0113,2026-02-18,Foundation,25.55,32.31,23.46,Routine progress update
PR-00568,MPL-0113,2026-04-04,Execution,38.33,32.56,35.19,Routine progress update
PR-00569,MPL-0113,2026-05-19,Finishing,51.1,44.26,46.92,Routine progress update
PR-00570,MPL-0113,2026-07-03,Inspection,63.88,48.99,58.65,Routine progress update
PR-00571,MPL-0113,2026-08-17,Completion,76.65,70.8,70.38,Routine progress update
PR-00572,MPL-0114,2026-01-02,Planning,7.1,7.92,7.98,Routine progress update
PR-00573,MPL-0114,2026-02-16,Foundation,14.2,10.59,15.96,Routine progress update
PR-00574,MPL-0114,2026-04-02,Execution,21.29,18.93,23.94,Routine progress update
PR-00575,MPL-0114,2026-05-17,Finishing,28.39,20.43,31.93,Routine progress update
PR-00576,MPL-0114,2026-07-01,Inspection,35.49,36.89,39.91,Routine progress update
PR-00577,MPL-0114,2026-08-15,Completion,42.59,36.56,47.89,Routine progress update
PR-00578,MPL-0114,2026-09-29,Completion,49.68,57.31,55.87,Routine progress update
PR-00579,MPL-0115,2026-06-30,Planning,17.35,15.86,7.34,Routine progress update
PR-00580,MPL-0115,2026-08-14,Foundation,34.69,30.09,14.68,Routine progress update
PR-00581,MPL-0115,2026-09-28,Execution,52.04,48.04,22.02,Routine progress update
PR-00582,MPL-0115,2026-11-12,Finishing,69.39,60.61,29.36,Routine progress update
PR-00583,MPL-0115,2026-12-27,Inspection,86.73,84.75,36.71,Routine progress update
PR-00584,MPL-0116,2026-03-05,Planning,13.17,7.65,24.41,Routine progress update
PR-00585,MPL-0116,2026-04-19,Foundation,26.34,23.18,48.82,Routine progress update
PR-00586,MPL-0116,2026-06-03,Execution,39.5,26.88,73.24,Routine progress update
PR-00587,MPL-0117,2026-05-11,Planning,12.65,17.79,5.61,Routine progress update
PR-00588,MPL-0117,2026-06-25,Foundation,25.29,27.54,11.22,Routine progress update
PR-00589,MPL-0117,2026-08-09,Execution,37.94,36.88,16.84,Routine progress update
PR-00590,MPL-0117,2026-09-23,Finishing,50.58,55.34,22.45,Routine progress update
PR-00591,MPL-0117,2026-11-07,Inspection,63.23,65.09,28.06,Routine progress update
PR-00592,MPL-0118,2026-05-19,Planning,21.59,30.55,11.67,Routine progress update
PR-00593,MPL-0118,2026-07-03,Foundation,43.18,35.89,23.33,Routine progress update
PR-00594,MPL-0118,2026-08-17,Execution,64.77,56.6,35.0,Routine progress update
PR-00595,MPL-0118,2026-10-01,Finishing,86.36,81.33,46.67,Routine progress update
PR-00596,MPL-0119,2026-02-04,Planning,12.8,6.15,4.54,Routine progress update
PR-00597,MPL-0119,2026-03-21,Foundation,25.6,29.91,9.07,Routine progress update
PR-00598,MPL-0119,2026-05-05,Execution,38.4,38.72,13.61,Routine progress update
PR-00599,MPL-0119,2026-06-19,Finishing,51.2,45.74,18.14,Routine progress update
PR-00600,MPL-0119,2026-08-03,Inspection,64.0,56.16,22.68,Routine progress update
PR-00601,MPL-0119,2026-09-17,Completion,76.81,71.24,27.21,Routine progress update
PR-00602,MPL-0119,2026-11-01,Completion,89.61,77.11,31.75,Routine progress update
PR-00603,MPL-0120,2026-03-30,Planning,12.48,8.93,11.32,Routine progress update
PR-00604,MPL-0120,2026-05-14,Foundation,24.96,24.28,22.63,Routine progress update
PR-00605,MPL-0120,2026-06-28,Execution,37.44,30.77,33.95,Routine progress update
PR-00606,MPL-0120,2026-08-12,Finishing,49.92,49.13,45.27,Routine progress update
PR-00607,MPL-0120,2026-09-26,Inspection,62.4,61.11,56.59,Routine progress update
PR-00608,MPL-0120,2026-11-10,Completion,74.88,70.46,67.9,Routine progress update
PR-00609,MPL-0121,2026-04-13,Planning,13.75,17.59,8.62,Routine progress update
PR-00610,MPL-0121,2026-05-28,Foundation,27.5,24.03,17.24,Routine progress update
PR-00611,MPL-0121,2026-07-12,Execution,41.25,47.19,25.85,Routine progress update
PR-00612,MPL-0121,2026-08-26,Finishing,55.0,66.1,34.47,Routine progress update
PR-00613,MPL-0121,2026-10-10,Inspection,68.75,79.76,43.09,Routine progress update
PR-00614,MPL-0121,2026-11-24,Completion,82.51,99.44,51.71,Routine progress update
PR-00615,MPL-0122,2026-05-23,Planning,17.36,23.15,12.82,Routine progress update
PR-00616,MPL-0122,2026-07-07,Foundation,34.71,26.83,25.63,Routine progress update
PR-00617,MPL-0122,2026-08-21,Execution,52.07,57.37,38.45,Routine progress update
PR-00618,MPL-0122,2026-10-05,Finishing,69.43,70.37,51.27,Routine progress update
PR-00619,MPL-0123,2026-02-27,Planning,10.08,9.36,7.81,Routine progress update
PR-00620,MPL-0123,2026-04-13,Foundation,20.16,13.72,15.62,Routine progress update
PR-00621,MPL-0123,2026-05-28,Execution,30.23,21.37,23.44,Routine progress update
PR-00622,MPL-0123,2026-07-12,Finishing,40.31,26.65,31.25,Routine progress update
PR-00623,MPL-0123,2026-08-26,Inspection,50.39,48.31,39.06,Routine progress update
PR-00624,MPL-0123,2026-10-10,Completion,60.47,55.88,46.87,Routine progress update
PR-00625,MPL-0124,2026-02-18,Planning,13.63,9.45,6.99,Routine progress update
PR-00626,MPL-0124,2026-04-04,Foundation,27.26,27.94,13.99,Routine progress update
PR-00627,MPL-0124,2026-05-19,Execution,40.9,46.96,20.98,Routine progress update
PR-00628,MPL-0124,2026-07-03,Finishing,54.53,59.11,27.98,Routine progress update
PR-00629,MPL-0124,2026-08-17,Inspection,68.16,67.71,34.97,Routine progress update
PR-00630,MPL-0125,2026-05-03,Planning,9.47,12.56,7.01,Routine progress update
PR-00631,MPL-0125,2026-06-17,Foundation,18.94,38.18,14.02,Routine progress update
PR-00632,MPL-0125,2026-08-01,Execution,28.41,43.21,21.02,Routine progress update
PR-00633,MPL-0125,2026-09-15,Finishing,37.88,60.11,28.03,Routine progress update
PR-00634,MPL-0125,2026-10-30,Inspection,47.35,71.37,35.04,Routine progress update
PR-00635,MPL-0125,2026-12-14,Completion,56.81,93.49,42.05,Routine progress update
PR-00636,MPL-0126,2026-04-05,Planning,6.74,5.94,5.55,Routine progress update
PR-00637,MPL-0126,2026-05-20,Foundation,13.48,8.0,11.09,Routine progress update
PR-00638,MPL-0126,2026-07-04,Execution,20.22,11.23,16.64,Routine progress update
PR-00639,MPL-0126,2026-08-18,Finishing,26.95,27.55,22.18,Routine progress update
PR-00640,MPL-0126,2026-10-02,Inspection,33.69,20.99,27.73,Routine progress update
PR-00641,MPL-0126,2026-11-16,Completion,40.43,34.91,33.28,Routine progress update
PR-00642,MPL-0126,2026-12-31,Completion,47.17,29.76,38.82,Routine progress update
PR-00643,MPL-0127,2026-03-07,Planning,12.4,8.43,13.43,Routine progress update
PR-00644,MPL-0127,2026-04-21,Foundation,24.79,15.08,26.85,Routine progress update
PR-00645,MPL-0127,2026-06-05,Execution,37.19,21.18,40.28,Routine progress update
PR-00646,MPL-0127,2026-07-20,Finishing,49.59,21.76,53.71,Routine progress update
PR-00647,MPL-0127,2026-09-03,Inspection,61.98,34.34,67.13,Routine progress update
PR-00648,MPL-0128,2026-06-21,Planning,16.27,14.56,15.89,Routine progress update
PR-00649,MPL-0128,2026-08-05,Foundation,32.54,9.37,31.79,Routine progress update
PR-00650,MPL-0128,2026-09-19,Execution,48.8,14.18,47.68,Routine progress update
PR-00651,MPL-0128,2026-11-03,Finishing,65.07,21.9,63.57,Routine progress update
PR-00652,MPL-0128,2026-12-18,Inspection,81.34,24.72,79.46,Routine progress update
PR-00653,MPL-0129,2026-01-05,Planning,13.22,12.06,18.07,Routine progress update
PR-00654,MPL-0129,2026-02-19,Foundation,26.45,26.97,36.14,Routine progress update
PR-00655,MPL-0129,2026-04-05,Execution,39.67,50.54,54.21,Routine progress update
PR-00656,MPL-0129,2026-05-20,Finishing,52.89,61.32,72.28,Routine progress update
PR-00657,MPL-0129,2026-07-04,Inspection,66.12,70.87,90.35,Routine progress update
PR-00658,MPL-0129,2026-08-18,Completion,79.34,77.53,100.0,Routine progress update
PR-00659,MPL-0130,2026-03-04,Planning,11.66,5.82,10.07,Routine progress update
PR-00660,MPL-0130,2026-04-18,Foundation,23.32,26.02,20.14,Routine progress update
PR-00661,MPL-0130,2026-06-02,Execution,34.99,27.52,30.21,Routine progress update
PR-00662,MPL-0130,2026-07-17,Finishing,46.65,49.18,40.28,Routine progress update
PR-00663,MPL-0130,2026-08-31,Inspection,58.31,55.75,50.35,Routine progress update
PR-00664,MPL-0130,2026-10-15,Completion,69.97,72.38,60.42,Routine progress update
PR-00665,MPL-0130,2026-11-29,Completion,81.63,84.27,70.49,Routine progress update
PR-00666,MPL-0131,2026-06-15,Planning,10.06,6.24,4.13,Routine progress update
PR-00667,MPL-0131,2026-07-30,Foundation,20.12,9.93,8.27,Routine progress update
PR-00668,MPL-0131,2026-09-13,Execution,30.18,15.56,12.4,Routine progress update
PR-00669,MPL-0131,2026-10-28,Finishing,40.24,20.14,16.54,Routine progress update
PR-00670,MPL-0132,2026-02-15,Planning,8.59,11.73,13.7,Routine progress update
PR-00671,MPL-0132,2026-04-01,Foundation,17.17,22.82,27.4,Routine progress update
PR-00672,MPL-0132,2026-05-16,Execution,25.76,24.52,41.1,Routine progress update
PR-00673,MPL-0132,2026-06-30,Finishing,34.34,38.98,54.81,Routine progress update
PR-00674,MPL-0132,2026-08-14,Inspection,42.93,49.77,68.51,Routine progress update
PR-00675,MPL-0133,2026-05-09,Planning,27.04,26.28,21.92,Routine progress update
PR-00676,MPL-0133,2026-06-23,Foundation,54.08,51.75,43.84,Routine progress update
PR-00677,MPL-0133,2026-08-07,Execution,81.13,75.01,65.76,Routine progress update
PR-00678,MPL-0134,2026-04-21,Planning,7.94,9.38,13.46,Routine progress update
PR-00679,MPL-0134,2026-06-05,Foundation,15.89,19.0,26.92,Routine progress update
PR-00680,MPL-0134,2026-07-20,Execution,23.83,25.36,40.38,Routine progress update
PR-00681,MPL-0134,2026-09-03,Finishing,31.77,35.08,53.84,Routine progress update
PR-00682,MPL-0134,2026-10-18,Inspection,39.71,45.28,67.3,Routine progress update
PR-00683,MPL-0135,2026-01-24,Planning,12.81,3.78,4.94,Routine progress update
PR-00684,MPL-0135,2026-03-10,Foundation,25.62,26.15,9.88,Routine progress update
PR-00685,MPL-0135,2026-04-24,Execution,38.44,34.93,14.81,Routine progress update
PR-00686,MPL-0135,2026-06-08,Finishing,51.25,40.3,19.75,Routine progress update
PR-00687,MPL-0135,2026-07-23,Inspection,64.06,59.15,24.69,Routine progress update
PR-00688,MPL-0135,2026-09-06,Completion,76.87,65.53,29.63,Routine progress update
PR-00689,MPL-0136,2026-04-16,Planning,13.15,14.08,7.57,Routine progress update
PR-00690,MPL-0136,2026-05-31,Foundation,26.31,28.22,15.15,Routine progress update
PR-00691,MPL-0136,2026-07-15,Execution,39.46,46.58,22.72,Routine progress update
PR-00692,MPL-0136,2026-08-29,Finishing,52.62,57.35,30.29,Routine progress update
PR-00693,MPL-0136,2026-10-13,Inspection,65.77,79.22,37.87,Routine progress update
PR-00694,MPL-0137,2026-03-18,Planning,28.98,29.71,17.09,Routine progress update
PR-00695,MPL-0137,2026-05-02,Foundation,57.95,59.07,34.19,Routine progress update
PR-00696,MPL-0137,2026-06-16,Execution,86.93,93.8,51.28,Routine progress update
PR-00697,MPL-0138,2026-04-23,Planning,23.6,22.68,13.64,Routine progress update
PR-00698,MPL-0138,2026-06-07,Foundation,47.2,51.72,27.28,Routine progress update
PR-00699,MPL-0138,2026-07-22,Execution,70.81,75.8,40.92,Routine progress update
PR-00700,MPL-0139,2026-03-25,Planning,18.36,15.85,11.86,Routine progress update
PR-00701,MPL-0139,2026-05-09,Foundation,36.72,46.82,23.73,Routine progress update
PR-00702,MPL-0139,2026-06-23,Execution,55.08,57.73,35.59,Routine progress update
PR-00703,MPL-0140,2026-02-05,Planning,10.87,14.88,11.25,Routine progress update
PR-00704,MPL-0140,2026-03-22,Foundation,21.74,28.51,22.49,Routine progress update
PR-00705,MPL-0140,2026-05-06,Execution,32.61,34.09,33.74,Routine progress update
PR-00706,MPL-0140,2026-06-20,Finishing,43.48,32.16,44.98,Routine progress update
PR-00707,MPL-0141,2026-01-28,Planning,23.53,24.11,25.71,Routine progress update
PR-00708,MPL-0141,2026-03-14,Foundation,47.06,48.69,51.42,Routine progress update
PR-00709,MPL-0141,2026-04-28,Execution,70.58,58.35,77.13,Routine progress update
PR-00710,MPL-0142,2026-06-26,Planning,15.12,8.6,15.4,Routine progress update
PR-00711,MPL-0142,2026-08-10,Foundation,30.23,12.72,30.8,Routine progress update
PR-00712,MPL-0142,2026-09-24,Execution,45.35,27.46,46.19,Routine progress update
PR-00713,MPL-0142,2026-11-08,Finishing,60.47,40.02,61.59,Routine progress update
PR-00714,MPL-0143,2026-04-27,Planning,5.77,5.08,12.32,Routine progress update
PR-00715,MPL-0143,2026-06-11,Foundation,11.53,17.15,24.63,Routine progress update
PR-00716,MPL-0143,2026-07-26,Execution,17.3,7.0,36.95,Routine progress update
PR-00717,MPL-0143,2026-09-09,Finishing,23.07,2.64,49.27,Routine progress update
PR-00718,MPL-0143,2026-10-24,Inspection,28.84,12.13,61.58,Routine progress update
PR-00719,MPL-0143,2026-12-08,Completion,34.6,4.07,73.9,Routine progress update
PR-00720,MPL-0143,2027-01-22,Completion,40.37,13.9,86.22,Routine progress update
PR-00721,MPL-0144,2026-02-10,Planning,15.92,21.39,11.59,Routine progress update
PR-00722,MPL-0144,2026-03-27,Foundation,31.83,31.08,23.18,Routine progress update
PR-00723,MPL-0144,2026-05-11,Execution,47.75,45.38,34.78,Routine progress update
PR-00724,MPL-0145,2026-02-22,Planning,12.81,13.33,23.74,Routine progress update
PR-00725,MPL-0145,2026-04-08,Foundation,25.63,11.02,47.48,Routine progress update
PR-00726,MPL-0145,2026-05-23,Execution,38.44,23.2,71.21,Routine progress update
PR-00727,MPL-0146,2026-05-31,Planning,13.79,20.52,12.48,Routine progress update
PR-00728,MPL-0146,2026-07-15,Foundation,27.58,41.52,24.97,Routine progress update
PR-00729,MPL-0146,2026-08-29,Execution,41.37,55.13,37.45,Routine progress update
PR-00730,MPL-0146,2026-10-13,Finishing,55.16,78.07,49.93,Routine progress update
PR-00731,MPL-0146,2026-11-27,Inspection,68.95,94.41,62.42,Routine progress update
PR-00732,MPL-0147,2026-06-02,Planning,8.82,8.42,10.53,Routine progress update
PR-00733,MPL-0147,2026-07-17,Foundation,17.65,19.16,21.06,Routine progress update
PR-00734,MPL-0147,2026-08-31,Execution,26.47,21.96,31.59,Routine progress update
PR-00735,MPL-0147,2026-10-15,Finishing,35.3,43.39,42.12,Routine progress update
PR-00736,MPL-0147,2026-11-29,Inspection,44.12,45.1,52.65,Routine progress update
PR-00737,MPL-0147,2027-01-13,Completion,52.94,53.02,63.18,Routine progress update
PR-00738,MPL-0147,2027-02-27,Completion,61.77,64.67,73.72,Routine progress update
PR-00739,MPL-0148,2026-01-03,Planning,14.67,11.21,8.54,Routine progress update
PR-00740,MPL-0148,2026-02-17,Foundation,29.34,29.7,17.08,Routine progress update
PR-00741,MPL-0148,2026-04-03,Execution,44.01,40.7,25.62,Routine progress update
PR-00742,MPL-0148,2026-05-18,Finishing,58.67,64.32,34.16,Routine progress update
PR-00743,MPL-0148,2026-07-02,Inspection,73.34,68.37,42.69,Routine progress update
PR-00744,MPL-0148,2026-08-16,Completion,88.01,87.38,51.23,Routine progress update
PR-00745,MPL-0149,2026-02-27,Planning,22.04,25.02,17.08,Routine progress update
PR-00746,MPL-0149,2026-04-13,Foundation,44.07,48.98,34.17,Routine progress update
PR-00747,MPL-0149,2026-05-28,Execution,66.11,68.78,51.25,Routine progress update
PR-00748,MPL-0150,2026-01-27,Planning,14.99,11.06,7.25,Routine progress update
PR-00749,MPL-0150,2026-03-13,Foundation,29.99,27.02,14.49,Routine progress update
PR-00750,MPL-0150,2026-04-27,Execution,44.98,46.04,21.74,Routine progress update
PR-00751,MPL-0150,2026-06-11,Finishing,59.97,58.0,28.98,Routine progress update
PR-00752,MPL-0150,2026-07-26,Inspection,74.97,76.4,36.23,Routine progress update
PR-00753,MPL-0150,2026-09-09,Completion,89.96,89.76,43.47,Routine progress update
PR-00754,MPL-0151,2026-02-12,Planning,6.63,2.63,6.23,Routine progress update
PR-00755,MPL-0151,2026-03-29,Foundation,13.25,24.46,12.46,Routine progress update
PR-00756,MPL-0151,2026-05-13,Execution,19.88,44.21,18.68,Routine progress update
PR-00757,MPL-0151,2026-06-27,Finishing,26.5,52.25,24.91,Routine progress update
PR-00758,MPL-0151,2026-08-11,Inspection,33.13,60.37,31.14,Routine progress update
PR-00759,MPL-0151,2026-09-25,Completion,39.76,66.18,37.37,Routine progress update
PR-00760,MPL-0151,2026-11-09,Completion,46.38,84.07,43.59,Routine progress update
PR-00761,MPL-0152,2026-01-16,Planning,20.66,21.99,15.68,Routine progress update
PR-00762,MPL-0152,2026-03-02,Foundation,41.32,37.05,31.35,Routine progress update
PR-00763,MPL-0152,2026-04-16,Execution,61.98,58.36,47.03,Routine progress update
PR-00764,MPL-0152,2026-05-31,Finishing,82.63,82.17,62.7,Routine progress update
PR-00765,MPL-0153,2026-04-14,Planning,13.88,10.11,8.48,Routine progress update
PR-00766,MPL-0153,2026-05-29,Foundation,27.75,22.85,16.96,Routine progress update
PR-00767,MPL-0153,2026-07-13,Execution,41.63,43.4,25.43,Routine progress update
PR-00768,MPL-0153,2026-08-27,Finishing,55.5,56.0,33.91,Routine progress update
PR-00769,MPL-0153,2026-10-11,Inspection,69.38,71.83,42.39,Routine progress update
PR-00770,MPL-0153,2026-11-25,Completion,83.25,83.53,50.87,Routine progress update
PR-00771,MPL-0154,2026-02-24,Planning,8.93,6.78,9.17,Routine progress update
PR-00772,MPL-0154,2026-04-10,Foundation,17.86,19.83,18.34,Routine progress update
PR-00773,MPL-0154,2026-05-25,Execution,26.79,22.58,27.5,Routine progress update
PR-00774,MPL-0154,2026-07-09,Finishing,35.72,35.19,36.67,Routine progress update
PR-00775,MPL-0154,2026-08-23,Inspection,44.65,47.25,45.84,Routine progress update
PR-00776,MPL-0154,2026-10-07,Completion,53.58,52.85,55.01,Routine progress update
PR-00777,MPL-0155,2026-01-01,Planning,6.04,16.24,4.78,Routine progress update
PR-00778,MPL-0155,2026-02-15,Foundation,12.07,5.16,9.55,Routine progress update
PR-00779,MPL-0155,2026-04-01,Execution,18.11,16.91,14.33,Routine progress update
PR-00780,MPL-0155,2026-05-16,Finishing,24.15,21.71,19.1,Routine progress update
PR-00781,MPL-0155,2026-06-30,Inspection,30.18,29.02,23.88,Routine progress update
PR-00782,MPL-0155,2026-08-14,Completion,36.22,35.62,28.65,Routine progress update
PR-00783,MPL-0155,2026-09-28,Completion,42.26,39.25,33.43,Routine progress update
PR-00784,MPL-0156,2026-06-29,Planning,5.75,7.72,4.16,Routine progress update
PR-00785,MPL-0156,2026-08-13,Foundation,11.5,7.22,8.32,Routine progress update
PR-00786,MPL-0156,2026-09-27,Execution,17.24,14.77,12.48,Routine progress update
PR-00787,MPL-0156,2026-11-11,Finishing,22.99,17.08,16.65,Routine progress update
PR-00788,MPL-0156,2026-12-26,Inspection,28.74,20.76,20.81,Routine progress update
PR-00789,MPL-0156,2027-02-09,Completion,34.49,34.92,24.97,Routine progress update
PR-00790,MPL-0156,2027-03-26,Completion,40.24,36.62,29.13,Routine progress update
PR-00791,MPL-0157,2026-02-28,Planning,13.56,4.78,13.62,Routine progress update
PR-00792,MPL-0157,2026-04-14,Foundation,27.12,16.61,27.24,Routine progress update
PR-00793,MPL-0157,2026-05-29,Execution,40.68,40.93,40.86,Routine progress update
PR-00794,MPL-0158,2026-06-10,Planning,9.89,0.1,12.09,Routine progress update
PR-00795,MPL-0158,2026-07-25,Foundation,19.78,0.0,24.17,Routine progress update
PR-00796,MPL-0158,2026-09-08,Execution,29.67,10.72,36.26,Routine progress update
PR-00797,MPL-0158,2026-10-23,Finishing,39.55,9.4,48.35,Routine progress update
PR-00798,MPL-0158,2026-12-07,Inspection,49.44,11.91,60.43,Routine progress update
PR-00799,MPL-0158,2027-01-21,Completion,59.33,16.32,72.52,Routine progress update
PR-00800,MPL-0159,2026-06-03,Planning,24.33,21.3,19.97,Routine progress update
PR-00801,MPL-0159,2026-07-18,Foundation,48.65,46.56,39.93,Routine progress update
PR-00802,MPL-0159,2026-09-01,Execution,72.98,85.95,59.9,Routine progress update
PR-00803,MPL-0160,2026-03-03,Planning,11.98,4.56,6.31,Routine progress update
PR-00804,MPL-0160,2026-04-17,Foundation,23.97,15.72,12.61,Routine progress update
PR-00805,MPL-0160,2026-06-01,Execution,35.95,26.83,18.92,Routine progress update
PR-00806,MPL-0160,2026-07-16,Finishing,47.93,49.55,25.22,Routine progress update
PR-00807,MPL-0160,2026-08-30,Inspection,59.91,53.51,31.53,Routine progress update
PR-00808,MPL-0160,2026-10-14,Completion,71.9,65.7,37.83,Routine progress update
PR-00809,MPL-0160,2026-11-28,Completion,83.88,72.93,44.14,Routine progress update
PR-00810,MPL-0161,2026-01-04,Planning,21.79,18.58,10.05,Routine progress update
PR-00811,MPL-0161,2026-02-18,Foundation,43.59,44.49,20.09,Routine progress update
PR-00812,MPL-0161,2026-04-04,Execution,65.38,56.72,30.14,Routine progress update
PR-00813,MPL-0161,2026-05-19,Finishing,87.18,79.55,40.18,Routine progress update
PR-00814,MPL-0162,2026-01-21,Planning,14.52,15.84,18.69,Routine progress update
PR-00815,MPL-0162,2026-03-07,Foundation,29.03,20.39,37.39,Routine progress update
PR-00816,MPL-0162,2026-04-21,Execution,43.55,37.98,56.08,Routine progress update
PR-00817,MPL-0163,2026-01-30,Planning,11.94,2.45,12.04,Routine progress update
PR-00818,MPL-0163,2026-03-16,Foundation,23.88,3.94,24.08,Routine progress update
PR-00819,MPL-0163,2026-04-30,Execution,35.82,1.27,36.11,Routine progress update
PR-00820,MPL-0163,2026-06-14,Finishing,47.76,9.59,48.15,Routine progress update
PR-00821,MPL-0163,2026-07-29,Inspection,59.7,11.83,60.19,Routine progress update
PR-00822,MPL-0163,2026-09-12,Completion,71.63,18.8,72.23,Routine progress update
PR-00823,MPL-0164,2026-01-31,Planning,9.12,8.67,10.95,Routine progress update
PR-00824,MPL-0164,2026-03-17,Foundation,18.23,17.97,21.91,Routine progress update
PR-00825,MPL-0164,2026-05-01,Execution,27.35,21.98,32.86,Routine progress update
PR-00826,MPL-0164,2026-06-15,Finishing,36.46,35.0,43.82,Routine progress update
PR-00827,MPL-0164,2026-07-30,Inspection,45.58,34.92,54.77,Routine progress update
PR-00828,MPL-0164,2026-09-13,Completion,54.7,42.08,65.72,Routine progress update
PR-00829,MPL-0164,2026-10-28,Completion,63.81,48.25,76.68,Routine progress update
PR-00830,MPL-0165,2026-05-27,Planning,12.6,1.42,2.0,Routine progress update
PR-00831,MPL-0165,2026-07-11,Foundation,25.19,3.82,3.99,Routine progress update
PR-00832,MPL-0165,2026-08-25,Execution,37.79,13.4,5.99,Routine progress update
PR-00833,MPL-0165,2026-10-09,Finishing,50.39,11.07,7.98,Routine progress update
PR-00834,MPL-0165,2026-11-23,Inspection,62.99,18.17,9.98,Routine progress update
PR-00835,MPL-0166,2026-04-17,Planning,16.61,8.29,20.58,Routine progress update
PR-00836,MPL-0166,2026-06-01,Foundation,33.22,7.32,41.16,Routine progress update
PR-00837,MPL-0166,2026-07-16,Execution,49.83,16.29,61.74,Routine progress update
PR-00838,MPL-0166,2026-08-30,Finishing,66.43,24.14,82.32,Routine progress update
PR-00839,MPL-0167,2026-04-27,Planning,11.16,6.82,5.41,Routine progress update
PR-00840,MPL-0167,2026-06-11,Foundation,22.33,23.65,10.82,Routine progress update
PR-00841,MPL-0167,2026-07-26,Execution,33.49,32.59,16.22,Routine progress update
PR-00842,MPL-0167,2026-09-09,Finishing,44.66,42.4,21.63,Routine progress update
PR-00843,MPL-0167,2026-10-24,Inspection,55.82,52.72,27.04,Routine progress update
PR-00844,MPL-0167,2026-12-08,Completion,66.98,65.88,32.45,Routine progress update
PR-00845,MPL-0167,2027-01-22,Completion,78.15,82.66,37.86,Routine progress update
PR-00846,MPL-0168,2026-05-19,Planning,5.08,0.0,9.32,Routine progress update
PR-00847,MPL-0168,2026-07-03,Foundation,10.15,6.63,18.64,Routine progress update
PR-00848,MPL-0168,2026-08-17,Execution,15.23,16.49,27.95,Routine progress update
PR-00849,MPL-0168,2026-10-01,Finishing,20.3,19.45,37.27,Routine progress update
PR-00850,MPL-0168,2026-11-15,Inspection,25.38,19.95,46.59,Routine progress update
PR-00851,MPL-0168,2026-12-30,Completion,30.45,33.24,55.91,Routine progress update
PR-00852,MPL-0168,2027-02-13,Completion,35.53,38.47,65.22,Routine progress update
PR-00853,MPL-0169,2026-03-01,Planning,20.07,21.66,18.59,Routine progress update
PR-00854,MPL-0169,2026-04-15,Foundation,40.14,33.24,37.19,Routine progress update
PR-00855,MPL-0169,2026-05-30,Execution,60.22,68.21,55.78,Routine progress update
PR-00856,MPL-0170,2026-04-11,Planning,8.56,0.0,17.53,Routine progress update
PR-00857,MPL-0170,2026-05-26,Foundation,17.11,21.06,35.06,Routine progress update
PR-00858,MPL-0170,2026-07-10,Execution,25.67,27.07,52.59,Routine progress update
PR-00859,MPL-0170,2026-08-24,Finishing,34.23,37.41,70.12,Routine progress update
PR-00860,MPL-0170,2026-10-08,Inspection,42.79,38.93,87.65,Routine progress update
PR-00861,MPL-0170,2026-11-22,Completion,51.34,44.02,100.0,Routine progress update
PR-00862,MPL-0170,2027-01-06,Completion,59.9,51.24,100.0,Routine progress update
PR-00863,MPL-0171,2026-04-26,Planning,6.66,5.44,6.85,Routine progress update
PR-00864,MPL-0171,2026-06-10,Foundation,13.32,19.17,13.71,Routine progress update
PR-00865,MPL-0171,2026-07-25,Execution,19.99,25.72,20.56,Routine progress update
PR-00866,MPL-0171,2026-09-08,Finishing,26.65,30.97,27.42,Routine progress update
PR-00867,MPL-0171,2026-10-23,Inspection,33.31,35.23,34.27,Routine progress update
PR-00868,MPL-0171,2026-12-07,Completion,39.97,56.26,41.12,Routine progress update
PR-00869,MPL-0172,2026-06-23,Planning,9.18,12.05,12.24,Routine progress update
PR-00870,MPL-0172,2026-08-07,Foundation,18.35,10.41,24.48,Routine progress update
PR-00871,MPL-0172,2026-09-21,Execution,27.53,23.14,36.72,Routine progress update
PR-00872,MPL-0172,2026-11-05,Finishing,36.71,37.33,48.97,Routine progress update
PR-00873,MPL-0173,2026-04-13,Planning,5.66,2.22,10.85,Routine progress update
PR-00874,MPL-0173,2026-05-28,Foundation,11.32,12.24,21.7,Routine progress update
PR-00875,MPL-0173,2026-07-12,Execution,16.98,20.06,32.55,Routine progress update
PR-00876,MPL-0173,2026-08-26,Finishing,22.64,8.12,43.4,Routine progress update
PR-00877,MPL-0173,2026-10-10,Inspection,28.3,26.66,54.25,Routine progress update
PR-00878,MPL-0173,2026-11-24,Completion,33.96,32.24,65.1,Routine progress update
PR-00879,MPL-0173,2027-01-08,Completion,39.62,36.29,75.96,Routine progress update
PR-00880,MPL-0174,2026-04-21,Planning,18.14,5.46,9.09,Routine progress update
PR-00881,MPL-0174,2026-06-05,Foundation,36.29,11.13,18.19,Routine progress update
PR-00882,MPL-0174,2026-07-20,Execution,54.43,13.32,27.28,Routine progress update
PR-00883,MPL-0174,2026-09-03,Finishing,72.58,15.5,36.38,Routine progress update
PR-00884,MPL-0175,2026-01-23,Planning,17.59,21.5,9.55,Routine progress update
PR-00885,MPL-0175,2026-03-09,Foundation,35.17,38.14,19.1,Routine progress update
PR-00886,MPL-0175,2026-04-23,Execution,52.76,55.99,28.65,Routine progress update
PR-00887,MPL-0175,2026-06-07,Finishing,70.35,70.64,38.2,Routine progress update
PR-00888,MPL-0176,2026-04-10,Planning,15.68,6.35,27.53,Routine progress update
PR-00889,MPL-0176,2026-05-25,Foundation,31.36,19.88,55.06,Routine progress update
PR-00890,MPL-0176,2026-07-09,Execution,47.05,38.92,82.59,Routine progress update
PR-00891,MPL-0177,2026-04-01,Planning,15.87,5.91,18.19,Routine progress update
PR-00892,MPL-0177,2026-05-16,Foundation,31.74,6.52,36.38,Routine progress update
PR-00893,MPL-0177,2026-06-30,Execution,47.6,21.25,54.57,Routine progress update
PR-00894,MPL-0177,2026-08-14,Finishing,63.47,30.39,72.76,Routine progress update
PR-00895,MPL-0177,2026-09-28,Inspection,79.34,28.72,90.95,Routine progress update
PR-00896,MPL-0178,2026-06-04,Planning,13.31,6.73,16.94,Routine progress update
PR-00897,MPL-0178,2026-07-19,Foundation,26.62,24.54,33.87,Routine progress update
PR-00898,MPL-0178,2026-09-02,Execution,39.93,44.49,50.81,Routine progress update
PR-00899,MPL-0178,2026-10-17,Finishing,53.25,56.95,67.74,Routine progress update
PR-00900,MPL-0179,2026-01-19,Planning,9.6,5.26,6.01,Routine progress update
PR-00901,MPL-0179,2026-03-05,Foundation,19.21,23.98,12.03,Routine progress update
PR-00902,MPL-0179,2026-04-19,Execution,28.81,32.24,18.04,Routine progress update
PR-00903,MPL-0179,2026-06-03,Finishing,38.42,32.86,24.06,Routine progress update
PR-00904,MPL-0179,2026-07-18,Inspection,48.02,41.77,30.07,Routine progress update
PR-00905,MPL-0179,2026-09-01,Completion,57.63,51.32,36.08,Routine progress update
PR-00906,MPL-0179,2026-10-16,Completion,67.23,60.61,42.1,Routine progress update
PR-00907,MPL-0180,2026-02-14,Planning,8.4,13.01,15.06,Routine progress update
PR-00908,MPL-0180,2026-03-31,Foundation,16.8,20.12,30.11,Routine progress update
PR-00909,MPL-0180,2026-05-15,Execution,25.2,31.13,45.17,Routine progress update
PR-00910,MPL-0180,2026-06-29,Finishing,33.6,39.53,60.23,Routine progress update
PR-00911,MPL-0180,2026-08-13,Inspection,42.0,52.9,75.29,Routine progress update
PR-00912,MPL-0181,2026-02-06,Planning,29.68,22.67,40.44,Routine progress update
PR-00913,MPL-0181,2026-03-23,Foundation,59.35,55.34,80.87,Routine progress update
PR-00914,MPL-0181,2026-05-07,Execution,89.03,72.03,100.0,Routine progress update
PR-00915,MPL-0182,2026-04-23,Planning,10.35,4.47,19.34,Routine progress update
PR-00916,MPL-0182,2026-06-07,Foundation,20.71,19.18,38.68,Routine progress update
PR-00917,MPL-0182,2026-07-22,Execution,31.06,30.9,58.01,Routine progress update
PR-00918,MPL-0182,2026-09-05,Finishing,41.41,38.56,77.35,Routine progress update
PR-00919,MPL-0182,2026-10-20,Inspection,51.77,46.44,96.69,Routine progress update
PR-00920,MPL-0182,2026-12-04,Completion,62.12,56.89,100.0,Routine progress update
PR-00921,MPL-0183,2026-03-29,Planning,6.52,13.45,12.81,Routine progress update
PR-00922,MPL-0183,2026-05-13,Foundation,13.04,14.41,25.61,Routine progress update
PR-00923,MPL-0183,2026-06-27,Execution,19.56,30.92,38.42,Routine progress update
PR-00924,MPL-0183,2026-08-11,Finishing,26.08,35.07,51.22,Routine progress update
PR-00925,MPL-0183,2026-09-25,Inspection,32.6,41.7,64.03,Routine progress update
PR-00926,MPL-0183,2026-11-09,Completion,39.13,43.07,76.84,Routine progress update
PR-00927,MPL-0184,2026-02-18,Planning,12.52,5.53,2.07,Routine progress update
PR-00928,MPL-0184,2026-04-04,Foundation,25.05,1.61,4.14,Routine progress update
PR-00929,MPL-0184,2026-05-19,Execution,37.57,0.59,6.22,Routine progress update
PR-00930,MPL-0184,2026-07-03,Finishing,50.1,9.21,8.29,Routine progress update
PR-00931,MPL-0184,2026-08-17,Inspection,62.62,3.4,10.36,Routine progress update
PR-00932,MPL-0184,2026-10-01,Completion,75.15,7.7,12.43,Routine progress update
PR-00933,MPL-0185,2026-01-07,Planning,9.88,11.48,10.34,Routine progress update
PR-00934,MPL-0185,2026-02-21,Foundation,19.75,31.91,20.67,Routine progress update
PR-00935,MPL-0185,2026-04-07,Execution,29.63,31.8,31.01,Routine progress update
PR-00936,MPL-0185,2026-05-22,Finishing,39.51,44.24,41.34,Routine progress update
PR-00937,MPL-0186,2026-01-12,Planning,16.21,19.22,6.6,Routine progress update
PR-00938,MPL-0186,2026-02-26,Foundation,32.42,27.63,13.2,Routine progress update
PR-00939,MPL-0186,2026-04-12,Execution,48.62,50.64,19.81,Routine progress update
PR-00940,MPL-0186,2026-05-27,Finishing,64.83,69.99,26.41,Routine progress update
PR-00941,MPL-0186,2026-07-11,Inspection,81.04,80.22,33.01,Routine progress update
PR-00942,MPL-0187,2026-04-10,Planning,27.56,31.15,23.91,Routine progress update
PR-00943,MPL-0187,2026-05-25,Foundation,55.12,55.25,47.82,Routine progress update
PR-00944,MPL-0187,2026-07-09,Execution,82.68,78.2,71.73,Routine progress update
PR-00945,MPL-0188,2026-02-07,Planning,17.44,1.42,7.25,Routine progress update
PR-00946,MPL-0188,2026-03-24,Foundation,34.88,2.91,14.49,Routine progress update
PR-00947,MPL-0188,2026-05-08,Execution,52.32,6.29,21.74,Routine progress update
PR-00948,MPL-0188,2026-06-22,Finishing,69.76,9.46,28.98,Routine progress update
PR-00949,MPL-0188,2026-08-06,Inspection,87.2,13.42,36.23,Routine progress update
PR-00950,MPL-0189,2026-05-23,Planning,15.9,19.97,6.41,Routine progress update
PR-00951,MPL-0189,2026-07-07,Foundation,31.79,26.15,12.83,Routine progress update
PR-00952,MPL-0189,2026-08-21,Execution,47.69,53.43,19.24,Routine progress update
PR-00953,MPL-0189,2026-10-05,Finishing,63.58,65.72,25.66,Routine progress update
PR-00954,MPL-0190,2026-03-15,Planning,7.08,6.32,7.9,Routine progress update
PR-00955,MPL-0190,2026-04-29,Foundation,14.15,14.34,15.8,Routine progress update
PR-00956,MPL-0190,2026-06-13,Execution,21.23,26.16,23.71,Routine progress update
PR-00957,MPL-0190,2026-07-28,Finishing,28.3,29.56,31.61,Routine progress update
PR-00958,MPL-0190,2026-09-11,Inspection,35.38,38.13,39.51,Routine progress update
PR-00959,MPL-0190,2026-10-26,Completion,42.45,47.69,47.41,Routine progress update
PR-00960,MPL-0190,2026-12-10,Completion,49.53,56.84,55.32,Routine progress update
PR-00961,MPL-0191,2026-06-26,Planning,16.59,14.83,14.3,Routine progress update
PR-00962,MPL-0191,2026-08-10,Foundation,33.18,31.02,28.6,Routine progress update
PR-00963,MPL-0191,2026-09-24,Execution,49.77,46.01,42.91,Routine progress update
PR-00964,MPL-0192,2026-03-24,Planning,7.98,5.36,14.68,Routine progress update
PR-00965,MPL-0192,2026-05-08,Foundation,15.96,11.97,29.36,Routine progress update
PR-00966,MPL-0192,2026-06-22,Execution,23.95,13.49,44.05,Routine progress update
PR-00967,MPL-0192,2026-08-06,Finishing,31.93,25.8,58.73,Routine progress update
PR-00968,MPL-0192,2026-09-20,Inspection,39.91,30.51,73.41,Routine progress update
PR-00969,MPL-0193,2026-05-15,Planning,16.16,22.47,7.64,Routine progress update
PR-00970,MPL-0193,2026-06-29,Foundation,32.32,35.64,15.29,Routine progress update
PR-00971,MPL-0193,2026-08-13,Execution,48.49,51.83,22.93,Routine progress update
PR-00972,MPL-0193,2026-09-27,Finishing,64.65,66.91,30.58,Routine progress update
PR-00973,MPL-0193,2026-11-11,Inspection,80.81,87.34,38.22,Routine progress update
PR-00974,MPL-0194,2026-05-06,Planning,10.18,6.81,7.21,Routine progress update
PR-00975,MPL-0194,2026-06-20,Foundation,20.37,21.11,14.42,Routine progress update
PR-00976,MPL-0194,2026-08-04,Execution,30.55,31.6,21.62,Routine progress update
PR-00977,MPL-0194,2026-09-18,Finishing,40.73,37.38,28.83,Routine progress update
PR-00978,MPL-0194,2026-11-02,Inspection,50.92,47.5,36.04,Routine progress update
PR-00979,MPL-0194,2026-12-17,Completion,61.1,65.08,43.25,Routine progress update
PR-00980,MPL-0195,2026-06-23,Planning,7.22,6.98,16.99,Routine progress update
PR-00981,MPL-0195,2026-08-07,Foundation,14.44,11.26,33.98,Routine progress update
PR-00982,MPL-0195,2026-09-21,Execution,21.66,20.1,50.97,Routine progress update
PR-00983,MPL-0195,2026-11-05,Finishing,28.88,24.73,67.96,Routine progress update
PR-00984,MPL-0195,2026-12-20,Inspection,36.1,35.7,84.95,Routine progress update
PR-00985,MPL-0196,2026-03-31,Planning,14.45,19.0,23.35,Routine progress update
PR-00986,MPL-0196,2026-05-15,Foundation,28.9,31.24,46.71,Routine progress update
PR-00987,MPL-0196,2026-06-29,Execution,43.35,56.48,70.06,Routine progress update
PR-00988,MPL-0196,2026-08-13,Finishing,57.8,64.39,93.41,Routine progress update
PR-00989,MPL-0196,2026-09-27,Inspection,72.25,79.3,100.0,Routine progress update
PR-00990,MPL-0197,2026-03-08,Planning,12.86,7.05,16.39,Routine progress update
PR-00991,MPL-0197,2026-04-22,Foundation,25.72,20.41,32.79,Routine progress update
PR-00992,MPL-0197,2026-06-06,Execution,38.58,28.93,49.18,Routine progress update
PR-00993,MPL-0197,2026-07-21,Finishing,51.43,34.07,65.57,Routine progress update
PR-00994,MPL-0198,2026-04-14,Planning,29.9,35.78,14.4,Routine progress update
PR-00995,MPL-0198,2026-05-29,Foundation,59.81,61.73,28.79,Routine progress update
PR-00996,MPL-0198,2026-07-13,Execution,89.71,92.62,43.19,Routine progress update
PR-00997,MPL-0199,2026-02-02,Planning,12.17,14.27,10.38,Routine progress update
PR-00998,MPL-0199,2026-03-19,Foundation,24.34,28.91,20.77,Routine progress update
PR-00999,MPL-0199,2026-05-03,Execution,36.51,39.01,31.15,Routine progress update
PR-01000,MPL-0199,2026-06-17,Finishing,48.68,53.72,41.53,Routine progress update
PR-01001,MPL-0199,2026-08-01,Inspection,60.85,70.15,51.91,Routine progress update
PR-01002,MPL-0199,2026-09-15,Completion,73.02,79.15,62.3,Routine progress update
PR-01003,MPL-0199,2026-10-30,Completion,85.19,95.24,72.68,Routine progress update
PR-01004,MPL-0200,2026-04-29,Planning,11.18,6.01,4.8,Routine progress update
PR-01005,MPL-0200,2026-06-13,Foundation,22.37,20.33,9.59,Routine progress update
PR-01006,MPL-0200,2026-07-28,Execution,33.55,40.36,14.39,Routine progress update
PR-01007,MPL-0200,2026-09-11,Finishing,44.73,45.41,19.18,Routine progress update
PR-01008,MPL-0200,2026-10-26,Inspection,55.91,64.16,23.98,Routine progress update
PR-01009,MPL-0200,2026-12-10,Completion,67.1,75.28,28.77,Routine progress update
PR-01010,MPL-0201,2026-05-26,Planning,11.23,7.22,10.66,Routine progress update
PR-01011,MPL-0201,2026-07-10,Foundation,22.46,14.03,21.31,Routine progress update
PR-01012,MPL-0201,2026-08-24,Execution,33.69,29.66,31.97,Routine progress update
PR-01013,MPL-0201,2026-10-08,Finishing,44.92,41.62,42.63,Routine progress update
PR-01014,MPL-0202,2026-02-03,Planning,11.72,12.62,5.05,Routine progress update
PR-01015,MPL-0202,2026-03-20,Foundation,23.44,24.13,10.1,Routine progress update
PR-01016,MPL-0202,2026-05-04,Execution,35.16,31.53,15.15,Routine progress update
PR-01017,MPL-0202,2026-06-18,Finishing,46.88,40.89,20.2,Routine progress update
PR-01018,MPL-0202,2026-08-02,Inspection,58.6,56.94,25.25,Routine progress update
PR-01019,MPL-0203,2026-03-21,Planning,7.41,2.0,3.92,Routine progress update
PR-01020,MPL-0203,2026-05-05,Foundation,14.81,4.7,7.84,Routine progress update
PR-01021,MPL-0203,2026-06-19,Execution,22.22,20.9,11.75,Routine progress update
PR-01022,MPL-0203,2026-08-03,Finishing,29.62,26.99,15.67,Routine progress update
PR-01023,MPL-0203,2026-09-17,Inspection,37.03,26.05,19.59,Routine progress update
PR-01024,MPL-0203,2026-11-01,Completion,44.43,36.35,23.51,Routine progress update
PR-01025,MPL-0203,2026-12-16,Completion,51.84,45.28,27.42,Routine progress update
PR-01026,MPL-0204,2026-04-02,Planning,26.55,23.51,12.3,Routine progress update
PR-01027,MPL-0204,2026-05-17,Foundation,53.11,40.61,24.59,Routine progress update
PR-01028,MPL-0204,2026-07-01,Execution,79.66,67.15,36.89,Routine progress update
PR-01029,MPL-0205,2026-05-17,Planning,11.9,17.61,4.34,Routine progress update
PR-01030,MPL-0205,2026-07-01,Foundation,23.8,25.58,8.68,Routine progress update
PR-01031,MPL-0205,2026-08-15,Execution,35.7,39.05,13.02,Routine progress update
PR-01032,MPL-0205,2026-09-29,Finishing,47.61,50.56,17.36,Routine progress update
PR-01033,MPL-0205,2026-11-13,Inspection,59.51,58.07,21.71,Routine progress update
PR-01034,MPL-0205,2026-12-28,Completion,71.41,71.3,26.05,Routine progress update
PR-01035,MPL-0206,2026-06-19,Planning,9.76,9.83,17.36,Routine progress update
PR-01036,MPL-0206,2026-08-03,Foundation,19.52,20.22,34.72,Routine progress update
PR-01037,MPL-0206,2026-09-17,Execution,29.28,29.83,52.08,Routine progress update
PR-01038,MPL-0206,2026-11-01,Finishing,39.03,30.47,69.45,Routine progress update
PR-01039,MPL-0206,2026-12-16,Inspection,48.79,44.11,86.81,Routine progress update
PR-01040,MPL-0206,2027-01-30,Completion,58.55,55.6,100.0,Routine progress update
PR-01041,MPL-0206,2027-03-16,Completion,68.31,55.38,100.0,Routine progress update
PR-01042,MPL-0207,2026-06-30,Planning,10.38,15.09,12.41,Routine progress update
PR-01043,MPL-0207,2026-08-14,Foundation,20.77,24.85,24.82,Routine progress update
PR-01044,MPL-0207,2026-09-28,Execution,31.15,37.93,37.23,Routine progress update
PR-01045,MPL-0207,2026-11-12,Finishing,41.53,37.5,49.64,Routine progress update
PR-01046,MPL-0207,2026-12-27,Inspection,51.92,46.67,62.05,Routine progress update
PR-01047,MPL-0207,2027-02-10,Completion,62.3,58.18,74.46,Routine progress update
PR-01048,MPL-0208,2026-01-20,Planning,23.48,35.34,25.6,Routine progress update
PR-01049,MPL-0208,2026-03-06,Foundation,46.96,68.8,51.2,Routine progress update
PR-01050,MPL-0208,2026-04-20,Execution,70.44,99.58,76.8,Routine progress update
PR-01051,MPL-0209,2026-01-03,Planning,10.93,10.03,11.59,Routine progress update
PR-01052,MPL-0209,2026-02-17,Foundation,21.87,25.81,23.18,Routine progress update
PR-01053,MPL-0209,2026-04-03,Execution,32.8,27.09,34.77,Routine progress update
PR-01054,MPL-0209,2026-05-18,Finishing,43.73,41.86,46.36,Routine progress update
PR-01055,MPL-0209,2026-07-02,Inspection,54.66,58.55,57.96,Routine progress update
PR-01056,MPL-0210,2026-06-26,Planning,26.28,7.22,25.06,Routine progress update
PR-01057,MPL-0210,2026-08-10,Foundation,52.55,21.74,50.13,Routine progress update
PR-01058,MPL-0210,2026-09-24,Execution,78.83,39.36,75.19,Routine progress update
PR-01059,MPL-0211,2026-05-04,Planning,5.36,6.04,5.95,Routine progress update
PR-01060,MPL-0211,2026-06-18,Foundation,10.72,5.44,11.9,Routine progress update
PR-01061,MPL-0211,2026-08-02,Execution,16.08,11.74,17.85,Routine progress update
PR-01062,MPL-0211,2026-09-16,Finishing,21.44,13.15,23.8,Routine progress update
PR-01063,MPL-0211,2026-10-31,Inspection,26.81,26.27,29.75,Routine progress update
PR-01064,MPL-0211,2026-12-15,Completion,32.17,25.79,35.7,Routine progress update
PR-01065,MPL-0211,2027-01-29,Completion,37.53,38.45,41.65,Routine progress update
PR-01066,MPL-0212,2026-02-08,Planning,5.94,7.69,8.63,Routine progress update
PR-01067,MPL-0212,2026-03-25,Foundation,11.88,13.85,17.27,Routine progress update
PR-01068,MPL-0212,2026-05-09,Execution,17.82,20.83,25.9,Routine progress update
PR-01069,MPL-0212,2026-06-23,Finishing,23.76,28.49,34.53,Routine progress update
PR-01070,MPL-0212,2026-08-07,Inspection,29.7,37.27,43.16,Routine progress update
PR-01071,MPL-0212,2026-09-21,Completion,35.64,54.25,51.8,Routine progress update
PR-01072,MPL-0213,2026-05-21,Planning,7.87,6.07,23.29,Routine progress update
PR-01073,MPL-0213,2026-07-05,Foundation,15.73,13.62,46.59,Routine progress update
PR-01074,MPL-0213,2026-08-19,Execution,23.6,22.53,69.88,Routine progress update
PR-01075,MPL-0213,2026-10-03,Finishing,31.47,34.05,93.17,Routine progress update
PR-01076,MPL-0213,2026-11-17,Inspection,39.34,31.42,100.0,Routine progress update
PR-01077,MPL-0214,2026-06-04,Planning,13.19,15.49,9.84,Routine progress update
PR-01078,MPL-0214,2026-07-19,Foundation,26.37,24.06,19.67,Routine progress update
PR-01079,MPL-0214,2026-09-02,Execution,39.56,43.21,29.51,Routine progress update
PR-01080,MPL-0214,2026-10-17,Finishing,52.74,52.69,39.34,Routine progress update
PR-01081,MPL-0214,2026-12-01,Inspection,65.93,59.11,49.18,Routine progress update
PR-01082,MPL-0215,2026-01-30,Planning,10.75,19.32,15.22,Routine progress update
PR-01083,MPL-0215,2026-03-16,Foundation,21.51,37.13,30.45,Routine progress update
PR-01084,MPL-0215,2026-04-30,Execution,32.26,51.21,45.67,Routine progress update
PR-01085,MPL-0215,2026-06-14,Finishing,43.02,68.82,60.89,Routine progress update
PR-01086,MPL-0215,2026-07-29,Inspection,53.77,83.97,76.11,Routine progress update
PR-01087,MPL-0216,2026-02-20,Planning,15.62,20.76,11.7,Routine progress update
PR-01088,MPL-0216,2026-04-06,Foundation,31.24,38.86,23.4,Routine progress update
PR-01089,MPL-0216,2026-05-21,Execution,46.86,49.48,35.1,Routine progress update
PR-01090,MPL-0217,2026-05-10,Planning,25.16,23.06,15.98,Routine progress update
PR-01091,MPL-0217,2026-06-24,Foundation,50.33,50.19,31.96,Routine progress update
PR-01092,MPL-0217,2026-08-08,Execution,75.49,84.75,47.94,Routine progress update
PR-01093,MPL-0218,2026-04-18,Planning,10.01,14.03,15.29,Routine progress update
PR-01094,MPL-0218,2026-06-02,Foundation,20.02,19.93,30.57,Routine progress update
PR-01095,MPL-0218,2026-07-17,Execution,30.03,36.76,45.86,Routine progress update
PR-01096,MPL-0218,2026-08-31,Finishing,40.04,41.89,61.15,Routine progress update
PR-01097,MPL-0218,2026-10-15,Inspection,50.05,62.12,76.44,Routine progress update
PR-01098,MPL-0219,2026-06-11,Planning,12.75,18.35,15.16,Routine progress update
PR-01099,MPL-0219,2026-07-26,Foundation,25.49,30.01,30.32,Routine progress update
PR-01100,MPL-0219,2026-09-09,Execution,38.24,37.87,45.48,Routine progress update
PR-01101,MPL-0219,2026-10-24,Finishing,50.98,44.24,60.64,Routine progress update
PR-01102,MPL-0220,2026-05-27,Planning,14.03,8.78,11.92,Routine progress update
PR-01103,MPL-0220,2026-07-11,Foundation,28.05,22.37,23.84,Routine progress update
PR-01104,MPL-0220,2026-08-25,Execution,42.08,30.73,35.75,Routine progress update
PR-01105,MPL-0220,2026-10-09,Finishing,56.11,58.71,47.67,Routine progress update
PR-01106,MPL-0220,2026-11-23,Inspection,70.14,69.51,59.59,Routine progress update
PR-01107,MPL-0220,2027-01-07,Completion,84.16,87.55,71.51,Routine progress update
PR-01108,MPL-0221,2026-03-15,Planning,14.6,12.46,14.81,Routine progress update
PR-01109,MPL-0221,2026-04-29,Foundation,29.19,13.89,29.62,Routine progress update
PR-01110,MPL-0221,2026-06-13,Execution,43.79,20.82,44.43,Routine progress update
PR-01111,MPL-0221,2026-07-28,Finishing,58.39,25.12,59.24,Routine progress update
PR-01112,MPL-0221,2026-09-11,Inspection,72.98,32.34,74.05,Routine progress update
PR-01113,MPL-0222,2026-06-25,Planning,25.3,25.7,23.68,Routine progress update
PR-01114,MPL-0222,2026-08-09,Foundation,50.6,44.88,47.37,Routine progress update
PR-01115,MPL-0222,2026-09-23,Execution,75.9,67.09,71.05,Routine progress update
PR-01116,MPL-0223,2026-02-20,Planning,14.92,7.54,11.64,Routine progress update
PR-01117,MPL-0223,2026-04-06,Foundation,29.84,18.78,23.27,Routine progress update
PR-01118,MPL-0223,2026-05-21,Execution,44.76,20.08,34.91,Routine progress update
PR-01119,MPL-0224,2026-02-09,Planning,6.3,7.45,9.6,Routine progress update
PR-01120,MPL-0224,2026-03-26,Foundation,12.6,16.42,19.21,Routine progress update
PR-01121,MPL-0224,2026-05-10,Execution,18.9,27.8,28.81,Routine progress update
PR-01122,MPL-0224,2026-06-24,Finishing,25.2,29.92,38.42,Routine progress update
PR-01123,MPL-0224,2026-08-08,Inspection,31.5,35.72,48.02,Routine progress update
PR-01124,MPL-0224,2026-09-22,Completion,37.8,44.37,57.63,Routine progress update
PR-01125,MPL-0225,2026-02-10,Planning,9.04,14.49,10.03,Routine progress update
PR-01126,MPL-0225,2026-03-27,Foundation,18.07,28.68,20.05,Routine progress update
PR-01127,MPL-0225,2026-05-11,Execution,27.11,25.57,30.08,Routine progress update
PR-01128,MPL-0225,2026-06-25,Finishing,36.14,36.72,40.1,Routine progress update
PR-01129,MPL-0225,2026-08-09,Inspection,45.18,50.7,50.13,Routine progress update
PR-01130,MPL-0225,2026-09-23,Completion,54.22,62.1,60.16,Routine progress update
PR-01131,MPL-0226,2026-06-09,Planning,13.16,18.35,18.77,Routine progress update
PR-01132,MPL-0226,2026-07-24,Foundation,26.33,26.84,37.54,Routine progress update
PR-01133,MPL-0226,2026-09-07,Execution,39.49,41.35,56.31,Routine progress update
PR-01134,MPL-0226,2026-10-22,Finishing,52.65,61.35,75.08,Routine progress update
PR-01135,MPL-0227,2026-03-24,Planning,29.48,30.12,17.75,Routine progress update
PR-01136,MPL-0227,2026-05-08,Foundation,58.96,66.01,35.51,Routine progress update
PR-01137,MPL-0227,2026-06-22,Execution,88.44,95.4,53.26,Routine progress update
PR-01138,MPL-0228,2026-01-07,Planning,5.58,7.06,12.89,Routine progress update
PR-01139,MPL-0228,2026-02-21,Foundation,11.15,9.27,25.78,Routine progress update
PR-01140,MPL-0228,2026-04-07,Execution,16.73,23.95,38.67,Routine progress update
PR-01141,MPL-0228,2026-05-22,Finishing,22.3,16.02,51.55,Routine progress update
PR-01142,MPL-0228,2026-07-06,Inspection,27.88,26.66,64.44,Routine progress update
PR-01143,MPL-0228,2026-08-20,Completion,33.45,23.98,77.33,Routine progress update
PR-01144,MPL-0228,2026-10-04,Completion,39.03,29.6,90.22,Routine progress update
PR-01145,MPL-0229,2026-01-17,Planning,7.81,5.25,5.77,Routine progress update
PR-01146,MPL-0229,2026-03-03,Foundation,15.62,21.87,11.53,Routine progress update
PR-01147,MPL-0229,2026-04-17,Execution,23.43,24.09,17.3,Routine progress update
PR-01148,MPL-0229,2026-06-01,Finishing,31.24,28.34,23.06,Routine progress update
PR-01149,MPL-0229,2026-07-16,Inspection,39.05,39.88,28.83,Routine progress update
PR-01150,MPL-0229,2026-08-30,Completion,46.86,46.2,34.6,Routine progress update
PR-01151,MPL-0229,2026-10-14,Completion,54.67,51.77,40.36,Routine progress update
PR-01152,MPL-0230,2026-02-26,Planning,20.43,19.41,14.65,Routine progress update
PR-01153,MPL-0230,2026-04-12,Foundation,40.86,55.75,29.3,Routine progress update
PR-01154,MPL-0230,2026-05-27,Execution,61.29,75.84,43.95,Routine progress update
PR-01155,MPL-0230,2026-07-11,Finishing,81.72,100.0,58.6,Routine progress update
PR-01156,MPL-0231,2026-03-30,Planning,10.53,12.88,6.12,Routine progress update
PR-01157,MPL-0231,2026-05-14,Foundation,21.06,20.45,12.23,Routine progress update
PR-01158,MPL-0231,2026-06-28,Execution,31.6,25.62,18.35,Routine progress update
PR-01159,MPL-0231,2026-08-12,Finishing,42.13,32.11,24.47,Routine progress update
PR-01160,MPL-0231,2026-09-26,Inspection,52.66,44.74,30.58,Routine progress update
PR-01161,MPL-0231,2026-11-10,Completion,63.19,50.23,36.7,Routine progress update
PR-01162,MPL-0232,2026-01-19,Planning,15.29,18.14,25.14,Routine progress update
PR-01163,MPL-0232,2026-03-05,Foundation,30.57,37.62,50.29,Routine progress update
PR-01164,MPL-0232,2026-04-19,Execution,45.86,45.59,75.43,Routine progress update
PR-01165,MPL-0233,2026-06-27,Planning,13.24,18.53,5.66,Routine progress update
PR-01166,MPL-0233,2026-08-11,Foundation,26.47,26.75,11.31,Routine progress update
PR-01167,MPL-0233,2026-09-25,Execution,39.71,43.05,16.97,Routine progress update
PR-01168,MPL-0233,2026-11-09,Finishing,52.95,55.75,22.63,Routine progress update
PR-01169,MPL-0233,2026-12-24,Inspection,66.19,65.23,28.28,Routine progress update
PR-01170,MPL-0233,2027-02-07,Completion,79.42,88.37,33.94,Routine progress update
PR-01171,MPL-0234,2026-03-20,Planning,22.79,8.34,23.5,Routine progress update
PR-01172,MPL-0234,2026-05-04,Foundation,45.58,19.91,47.01,Routine progress update
PR-01173,MPL-0234,2026-06-18,Execution,68.36,26.65,70.51,Routine progress update
PR-01174,MPL-0235,2026-02-24,Planning,22.48,25.31,16.52,Routine progress update
PR-01175,MPL-0235,2026-04-10,Foundation,44.97,40.26,33.04,Routine progress update
PR-01176,MPL-0235,2026-05-25,Execution,67.45,68.08,49.56,Routine progress update
PR-01177,MPL-0235,2026-07-09,Finishing,89.93,94.65,66.09,Routine progress update
PR-01178,MPL-0236,2026-06-07,Planning,11.91,11.82,15.06,Routine progress update
PR-01179,MPL-0236,2026-07-22,Foundation,23.82,27.91,30.11,Routine progress update
PR-01180,MPL-0236,2026-09-05,Execution,35.73,38.97,45.17,Routine progress update
PR-01181,MPL-0236,2026-10-20,Finishing,47.63,40.11,60.23,Routine progress update
PR-01182,MPL-0236,2026-12-04,Inspection,59.54,48.7,75.28,Routine progress update
PR-01183,MPL-0237,2026-06-21,Planning,14.09,4.43,18.52,Routine progress update
PR-01184,MPL-0237,2026-08-05,Foundation,28.17,8.89,37.03,Routine progress update
PR-01185,MPL-0237,2026-09-19,Execution,42.26,20.36,55.55,Routine progress update
PR-01186,MPL-0237,2026-11-03,Finishing,56.35,34.75,74.06,Routine progress update
PR-01187,MPL-0238,2026-05-13,Planning,10.57,1.04,11.83,Routine progress update
PR-01188,MPL-0238,2026-06-27,Foundation,21.13,15.57,23.66,Routine progress update
PR-01189,MPL-0238,2026-08-11,Execution,31.7,29.07,35.49,Routine progress update
PR-01190,MPL-0238,2026-09-25,Finishing,42.27,35.93,47.33,Routine progress update
PR-01191,MPL-0238,2026-11-09,Inspection,52.83,47.19,59.16,Routine progress update
PR-01192,MPL-0238,2026-12-24,Completion,63.4,57.11,70.99,Routine progress update
PR-01193,MPL-0239,2026-02-17,Planning,6.92,4.73,11.33,Routine progress update
PR-01194,MPL-0239,2026-04-03,Foundation,13.84,8.61,22.66,Routine progress update
PR-01195,MPL-0239,2026-05-18,Execution,20.75,14.04,34.0,Routine progress update
PR-01196,MPL-0239,2026-07-02,Finishing,27.67,26.79,45.33,Routine progress update
PR-01197,MPL-0239,2026-08-16,Inspection,34.59,33.01,56.66,Routine progress update
PR-01198,MPL-0239,2026-09-30,Completion,41.51,29.05,67.99,Routine progress update
PR-01199,MPL-0240,2026-05-27,Planning,7.43,2.11,5.59,Routine progress update
PR-01200,MPL-0240,2026-07-11,Foundation,14.86,30.56,11.19,Routine progress update
PR-01201,MPL-0240,2026-08-25,Execution,22.29,34.54,16.78,Routine progress update
PR-01202,MPL-0240,2026-10-09,Finishing,29.72,53.46,22.37,Routine progress update
PR-01203,MPL-0240,2026-11-23,Inspection,37.16,59.49,27.96,Routine progress update
PR-01204,MPL-0241,2026-05-01,Planning,13.61,10.49,13.7,Routine progress update
PR-01205,MPL-0241,2026-06-15,Foundation,27.22,20.77,27.39,Routine progress update
PR-01206,MPL-0241,2026-07-30,Execution,40.83,16.63,41.09,Routine progress update
PR-01207,MPL-0241,2026-09-13,Finishing,54.44,20.82,54.79,Routine progress update
PR-01208,MPL-0241,2026-10-28,Inspection,68.05,25.2,68.48,Routine progress update
PR-01209,MPL-0242,2026-02-03,Planning,17.0,20.74,13.76,Routine progress update
PR-01210,MPL-0242,2026-03-20,Foundation,34.01,37.5,27.52,Routine progress update
PR-01211,MPL-0242,2026-05-04,Execution,51.01,56.86,41.28,Routine progress update
PR-01212,MPL-0242,2026-06-18,Finishing,68.01,67.94,55.04,Routine progress update
PR-01213,MPL-0242,2026-08-02,Inspection,85.01,89.43,68.81,Routine progress update
PR-01214,MPL-0243,2026-06-18,Planning,5.84,5.11,10.16,Routine progress update
PR-01215,MPL-0243,2026-08-02,Foundation,11.69,10.33,20.32,Routine progress update
PR-01216,MPL-0243,2026-09-16,Execution,17.53,21.68,30.48,Routine progress update
PR-01217,MPL-0243,2026-10-31,Finishing,23.38,25.44,40.64,Routine progress update
PR-01218,MPL-0243,2026-12-15,Inspection,29.22,41.11,50.8,Routine progress update
PR-01219,MPL-0243,2027-01-29,Completion,35.07,40.25,60.96,Routine progress update
PR-01220,MPL-0244,2026-06-28,Planning,15.31,26.45,17.63,Routine progress update
PR-01221,MPL-0244,2026-08-12,Foundation,30.62,47.59,35.26,Routine progress update
PR-01222,MPL-0244,2026-09-26,Execution,45.93,76.11,52.9,Routine progress update
PR-01223,MPL-0244,2026-11-10,Finishing,61.24,97.9,70.53,Routine progress update
PR-01224,MPL-0245,2026-06-26,Planning,8.35,3.44,5.55,Routine progress update
PR-01225,MPL-0245,2026-08-10,Foundation,16.7,18.88,11.1,Routine progress update
PR-01226,MPL-0245,2026-09-24,Execution,25.04,24.48,16.65,Routine progress update
PR-01227,MPL-0245,2026-11-08,Finishing,33.39,35.04,22.2,Routine progress update
PR-01228,MPL-0245,2026-12-23,Inspection,41.74,40.65,27.75,Routine progress update
PR-01229,MPL-0245,2027-02-06,Completion,50.09,45.53,33.3,Routine progress update
PR-01230,MPL-0245,2027-03-23,Completion,58.43,63.64,38.85,Routine progress update
PR-01231,MPL-0246,2026-05-24,Planning,13.35,17.31,24.97,Routine progress update
PR-01232,MPL-0246,2026-07-08,Foundation,26.71,26.45,49.95,Routine progress update
PR-01233,MPL-0246,2026-08-22,Execution,40.06,43.36,74.92,Routine progress update
PR-01234,MPL-0246,2026-10-06,Finishing,53.42,61.61,99.89,Routine progress update
PR-01235,MPL-0246,2026-11-20,Inspection,66.77,69.97,100.0,Routine progress update
PR-01236,MPL-0247,2026-05-21,Planning,14.61,16.48,36.11,Routine progress update
PR-01237,MPL-0247,2026-07-05,Foundation,29.23,36.35,72.23,Routine progress update
PR-01238,MPL-0247,2026-08-19,Execution,43.84,51.22,100.0,Routine progress update
PR-01239,MPL-0248,2026-03-15,Planning,12.92,9.19,15.1,Routine progress update
PR-01240,MPL-0248,2026-04-29,Foundation,25.85,10.85,30.21,Routine progress update
PR-01241,MPL-0248,2026-06-13,Execution,38.77,14.15,45.31,Routine progress update
PR-01242,MPL-0248,2026-07-28,Finishing,51.7,25.48,60.41,Routine progress update
PR-01243,MPL-0248,2026-09-11,Inspection,64.62,24.23,75.51,Routine progress update
PR-01244,MPL-0248,2026-10-26,Completion,77.55,42.62,90.62,Routine progress update
PR-01245,MPL-0249,2026-06-17,Planning,8.36,14.16,10.08,Routine progress update
PR-01246,MPL-0249,2026-08-01,Foundation,16.73,17.71,20.16,Routine progress update
PR-01247,MPL-0249,2026-09-15,Execution,25.09,25.2,30.25,Routine progress update
PR-01248,MPL-0249,2026-10-30,Finishing,33.45,32.84,40.33,Routine progress update
PR-01249,MPL-0249,2026-12-14,Inspection,41.81,37.18,50.41,Routine progress update
PR-01250,MPL-0249,2027-01-28,Completion,50.18,48.15,60.49,Routine progress update
PR-01251,MPL-0250,2026-03-31,Planning,17.09,11.46,18.57,Routine progress update
PR-01252,MPL-0250,2026-05-15,Foundation,34.17,32.33,37.14,Routine progress update
PR-01253,MPL-0250,2026-06-29,Execution,51.26,48.94,55.71,Routine progress update
PR-01254,MPL-0250,2026-08-13,Finishing,68.35,59.12,74.27,Routine progress update
PR-01255,MPL-0251,2026-05-28,Planning,16.49,15.35,16.29,Routine progress update
PR-01256,MPL-0251,2026-07-12,Foundation,32.99,30.61,32.57,Routine progress update
PR-01257,MPL-0251,2026-08-26,Execution,49.48,59.02,48.86,Routine progress update
PR-01258,MPL-0251,2026-10-10,Finishing,65.97,68.85,65.15,Routine progress update
PR-01259,MPL-0252,2026-03-22,Planning,7.11,7.57,24.1,Routine progress update
PR-01260,MPL-0252,2026-05-06,Foundation,14.21,17.94,48.2,Routine progress update
PR-01261,MPL-0252,2026-06-20,Execution,21.32,26.23,72.3,Routine progress update
PR-01262,MPL-0252,2026-08-04,Finishing,28.43,36.46,96.4,Routine progress update
PR-01263,MPL-0252,2026-09-18,Inspection,35.53,40.33,100.0,Routine progress update
PR-01264,MPL-0253,2026-03-02,Planning,7.69,0.0,9.63,Routine progress update
PR-01265,MPL-0253,2026-04-16,Foundation,15.38,0.0,19.26,Routine progress update
PR-01266,MPL-0253,2026-05-31,Execution,23.08,4.02,28.89,Routine progress update
PR-01267,MPL-0253,2026-07-15,Finishing,30.77,4.64,38.52,Routine progress update
PR-01268,MPL-0253,2026-08-29,Inspection,38.46,9.34,48.15,Routine progress update
PR-01269,MPL-0253,2026-10-13,Completion,46.15,17.9,57.79,Routine progress update
PR-01270,MPL-0254,2026-05-07,Planning,29.71,4.71,1.9,Routine progress update
PR-01271,MPL-0254,2026-06-21,Foundation,59.43,10.92,3.8,Routine progress update
PR-01272,MPL-0254,2026-08-05,Execution,89.14,18.58,5.7,Routine progress update
PR-01273,MPL-0255,2026-04-28,Planning,9.32,7.85,8.45,Routine progress update
PR-01274,MPL-0255,2026-06-12,Foundation,18.64,18.68,16.9,Routine progress update
PR-01275,MPL-0255,2026-07-27,Execution,27.95,30.59,25.35,Routine progress update
PR-01276,MPL-0255,2026-09-10,Finishing,37.27,41.44,33.8,Routine progress update
PR-01277,MPL-0255,2026-10-25,Inspection,46.59,51.39,42.25,Routine progress update
PR-01278,MPL-0256,2026-04-18,Planning,14.26,21.96,13.82,Routine progress update
PR-01279,MPL-0256,2026-06-02,Foundation,28.52,29.75,27.64,Routine progress update
PR-01280,MPL-0256,2026-07-17,Execution,42.77,50.15,41.46,Routine progress update
PR-01281,MPL-0256,2026-08-31,Finishing,57.03,51.84,55.28,Routine progress update
PR-01282,MPL-0257,2026-05-02,Planning,29.92,40.51,17.47,Routine progress update
PR-01283,MPL-0257,2026-06-16,Foundation,59.84,62.77,34.93,Routine progress update
PR-01284,MPL-0257,2026-07-31,Execution,89.76,95.31,52.4,Routine progress update
PR-01285,MPL-0258,2026-05-02,Planning,12.32,10.82,13.64,Routine progress update
PR-01286,MPL-0258,2026-06-16,Foundation,24.64,21.73,27.27,Routine progress update
PR-01287,MPL-0258,2026-07-31,Execution,36.97,34.25,40.91,Routine progress update
PR-01288,MPL-0258,2026-09-14,Finishing,49.29,42.89,54.55,Routine progress update
PR-01289,MPL-0259,2026-04-01,Planning,15.1,23.32,9.04,Routine progress update
PR-01290,MPL-0259,2026-05-16,Foundation,30.2,37.79,18.08,Routine progress update
PR-01291,MPL-0259,2026-06-30,Execution,45.31,62.62,27.12,Routine progress update
PR-01292,MPL-0259,2026-08-14,Finishing,60.41,86.11,36.16,Routine progress update
PR-01293,MPL-0259,2026-09-28,Inspection,75.51,98.57,45.2,Routine progress update
PR-01294,MPL-0260,2026-02-28,Planning,16.57,20.48,13.13,Routine progress update
PR-01295,MPL-0260,2026-04-14,Foundation,33.14,36.83,26.25,Routine progress update
PR-01296,MPL-0260,2026-05-29,Execution,49.71,60.9,39.38,Routine progress update
PR-01297,MPL-0261,2026-02-23,Planning,21.63,19.21,6.96,Routine progress update
PR-01298,MPL-0261,2026-04-09,Foundation,43.26,45.65,13.93,Routine progress update
PR-01299,MPL-0261,2026-05-24,Execution,64.89,57.2,20.89,Routine progress update
PR-01300,MPL-0261,2026-07-08,Finishing,86.52,82.95,27.85,Routine progress update
PR-01301,MPL-0262,2026-03-14,Planning,13.52,13.04,10.03,Routine progress update
PR-01302,MPL-0262,2026-04-28,Foundation,27.04,28.82,20.06,Routine progress update
PR-01303,MPL-0262,2026-06-12,Execution,40.56,29.97,30.08,Routine progress update
PR-01304,MPL-0262,2026-07-27,Finishing,54.08,49.64,40.11,Routine progress update
PR-01305,MPL-0262,2026-09-10,Inspection,67.6,57.87,50.14,Routine progress update
PR-01306,MPL-0262,2026-10-25,Completion,81.12,63.66,60.17,Routine progress update
PR-01307,MPL-0263,2026-04-27,Planning,9.82,10.89,8.88,Routine progress update
PR-01308,MPL-0263,2026-06-11,Foundation,19.64,27.17,17.76,Routine progress update
PR-01309,MPL-0263,2026-07-26,Execution,29.46,26.02,26.65,Routine progress update
PR-01310,MPL-0263,2026-09-09,Finishing,39.28,40.23,35.53,Routine progress update
PR-01311,MPL-0263,2026-10-24,Inspection,49.1,46.89,44.41,Routine progress update
PR-01312,MPL-0263,2026-12-08,Completion,58.92,59.12,53.29,Routine progress update
PR-01313,MPL-0264,2026-05-14,Planning,7.09,14.48,15.04,Routine progress update
PR-01314,MPL-0264,2026-06-28,Foundation,14.18,16.41,30.08,Routine progress update
PR-01315,MPL-0264,2026-08-12,Execution,21.27,31.85,45.11,Routine progress update
PR-01316,MPL-0264,2026-09-26,Finishing,28.37,39.43,60.15,Routine progress update
PR-01317,MPL-0264,2026-11-10,Inspection,35.46,42.29,75.19,Routine progress update
PR-01318,MPL-0265,2026-04-22,Planning,23.51,7.78,27.44,Routine progress update
PR-01319,MPL-0265,2026-06-06,Foundation,47.02,16.0,54.89,Routine progress update
PR-01320,MPL-0265,2026-07-21,Execution,70.53,25.66,82.33,Routine progress update
PR-01321,MPL-0266,2026-06-08,Planning,11.33,9.85,6.91,Routine progress update
PR-01322,MPL-0266,2026-07-23,Foundation,22.66,16.8,13.82,Routine progress update
PR-01323,MPL-0266,2026-09-06,Execution,34.0,22.82,20.72,Routine progress update
PR-01324,MPL-0266,2026-10-21,Finishing,45.33,27.56,27.63,Routine progress update
PR-01325,MPL-0267,2026-05-07,Planning,19.74,22.66,12.39,Routine progress update
PR-01326,MPL-0267,2026-06-21,Foundation,39.49,42.58,24.79,Routine progress update
PR-01327,MPL-0267,2026-08-05,Execution,59.23,65.91,37.18,Routine progress update
PR-01328,MPL-0267,2026-09-19,Finishing,78.97,90.14,49.58,Routine progress update
PR-01329,MPL-0268,2026-04-08,Planning,8.12,0.0,8.08,Routine progress update
PR-01330,MPL-0268,2026-05-23,Foundation,16.23,11.75,16.16,Routine progress update
PR-01331,MPL-0268,2026-07-07,Execution,24.35,36.02,24.24,Routine progress update
PR-01332,MPL-0268,2026-08-21,Finishing,32.46,33.75,32.32,Routine progress update
PR-01333,MPL-0268,2026-10-05,Inspection,40.58,34.65,40.4,Routine progress update
PR-01334,MPL-0268,2026-11-19,Completion,48.69,47.86,48.48,Routine progress update
PR-01335,MPL-0269,2026-03-24,Planning,17.31,27.14,7.69,Routine progress update
PR-01336,MPL-0269,2026-05-08,Foundation,34.62,31.6,15.37,Routine progress update
PR-01337,MPL-0269,2026-06-22,Execution,51.93,56.25,23.06,Routine progress update
PR-01338,MPL-0269,2026-08-06,Finishing,69.25,69.3,30.74,Routine progress update
PR-01339,MPL-0269,2026-09-20,Inspection,86.56,84.08,38.43,Routine progress update
PR-01340,MPL-0270,2026-03-12,Planning,11.83,11.24,22.17,Routine progress update
PR-01341,MPL-0270,2026-04-26,Foundation,23.66,6.74,44.35,Routine progress update
PR-01342,MPL-0270,2026-06-10,Execution,35.49,18.65,66.52,Routine progress update
PR-01343,MPL-0271,2026-01-16,Planning,13.09,9.58,6.22,Routine progress update
PR-01344,MPL-0271,2026-03-02,Foundation,26.18,17.73,12.44,Routine progress update
PR-01345,MPL-0271,2026-04-16,Execution,39.27,32.33,18.67,Routine progress update
PR-01346,MPL-0271,2026-05-31,Finishing,52.35,49.61,24.89,Routine progress update
PR-01347,MPL-0271,2026-07-15,Inspection,65.44,58.28,31.11,Routine progress update
PR-01348,MPL-0271,2026-08-29,Completion,78.53,74.62,37.33,Routine progress update
PR-01349,MPL-0272,2026-05-05,Planning,12.22,11.7,5.82,Routine progress update
PR-01350,MPL-0272,2026-06-19,Foundation,24.45,25.81,11.63,Routine progress update
PR-01351,MPL-0272,2026-08-03,Execution,36.67,32.5,17.45,Routine progress update
PR-01352,MPL-0272,2026-09-17,Finishing,48.89,41.31,23.26,Routine progress update
PR-01353,MPL-0272,2026-11-01,Inspection,61.11,60.52,29.08,Routine progress update
PR-01354,MPL-0272,2026-12-16,Completion,73.34,62.67,34.89,Routine progress update
PR-01355,MPL-0273,2026-03-17,Planning,11.1,12.35,9.13,Routine progress update
PR-01356,MPL-0273,2026-05-01,Foundation,22.19,25.02,18.25,Routine progress update
PR-01357,MPL-0273,2026-06-15,Execution,33.29,36.28,27.38,Routine progress update
PR-01358,MPL-0273,2026-07-30,Finishing,44.39,39.23,36.51,Routine progress update
PR-01359,MPL-0273,2026-09-13,Inspection,55.48,59.07,45.63,Routine progress update
PR-01360,MPL-0273,2026-10-28,Completion,66.58,61.92,54.76,Routine progress update
PR-01361,MPL-0273,2026-12-12,Completion,77.68,80.05,63.88,Routine progress update
PR-01362,MPL-0274,2026-05-22,Planning,11.71,7.84,12.43,Routine progress update
PR-01363,MPL-0274,2026-07-06,Foundation,23.42,14.68,24.87,Routine progress update
PR-01364,MPL-0274,2026-08-20,Execution,35.12,12.28,37.3,Routine progress update
PR-01365,MPL-0274,2026-10-04,Finishing,46.83,25.16,49.73,Routine progress update
PR-01366,MPL-0274,2026-11-18,Inspection,58.54,32.85,62.16,Routine progress update
PR-01367,MPL-0274,2027-01-02,Completion,70.25,34.98,74.6,Routine progress update
PR-01368,MPL-0275,2026-06-29,Planning,17.08,1.07,4.14,Routine progress update
PR-01369,MPL-0275,2026-08-13,Foundation,34.16,12.36,8.28,Routine progress update
PR-01370,MPL-0275,2026-09-27,Execution,51.25,13.48,12.43,Routine progress update
PR-01371,MPL-0275,2026-11-11,Finishing,68.33,10.67,16.57,Routine progress update
PR-01372,MPL-0276,2026-06-07,Planning,16.18,10.54,7.29,Routine progress update
PR-01373,MPL-0276,2026-07-22,Foundation,32.36,26.14,14.58,Routine progress update
PR-01374,MPL-0276,2026-09-05,Execution,48.54,48.39,21.87,Routine progress update
PR-01375,MPL-0276,2026-10-20,Finishing,64.72,61.81,29.15,Routine progress update
PR-01376,MPL-0276,2026-12-04,Inspection,80.9,75.92,36.44,Routine progress update
PR-01377,MPL-0277,2026-04-17,Planning,12.02,13.52,20.54,Routine progress update
PR-01378,MPL-0277,2026-06-01,Foundation,24.03,28.84,41.08,Routine progress update
PR-01379,MPL-0277,2026-07-16,Execution,36.05,33.21,61.61,Routine progress update
PR-01380,MPL-0277,2026-08-30,Finishing,48.06,50.4,82.15,Routine progress update
PR-01381,MPL-0277,2026-10-14,Inspection,60.08,64.77,100.0,Routine progress update
PR-01382,MPL-0277,2026-11-28,Completion,72.1,71.25,100.0,Routine progress update
PR-01383,MPL-0278,2026-04-06,Planning,10.7,3.91,2.43,Routine progress update
PR-01384,MPL-0278,2026-05-21,Foundation,21.41,12.89,4.87,Routine progress update
PR-01385,MPL-0278,2026-07-05,Execution,32.11,11.44,7.3,Routine progress update
PR-01386,MPL-0278,2026-08-19,Finishing,42.81,15.95,9.74,Routine progress update
PR-01387,MPL-0278,2026-10-03,Inspection,53.52,5.54,12.17,Routine progress update
PR-01388,MPL-0278,2026-11-17,Completion,64.22,24.65,14.61,Routine progress update
PR-01389,MPL-0278,2027-01-01,Completion,74.92,20.74,17.04,Routine progress update
PR-01390,MPL-0279,2026-03-19,Planning,13.68,8.68,11.43,Routine progress update
PR-01391,MPL-0279,2026-05-03,Foundation,27.35,22.82,22.85,Routine progress update
PR-01392,MPL-0279,2026-06-17,Execution,41.03,29.33,34.28,Routine progress update
PR-01393,MPL-0279,2026-08-01,Finishing,54.71,51.22,45.71,Routine progress update
PR-01394,MPL-0279,2026-09-15,Inspection,68.39,57.44,57.14,Routine progress update
PR-01395,MPL-0279,2026-10-30,Completion,82.06,67.59,68.56,Routine progress update
PR-01396,MPL-0280,2026-04-04,Planning,12.88,2.12,2.31,Routine progress update
PR-01397,MPL-0280,2026-05-19,Foundation,25.76,10.05,4.61,Routine progress update
PR-01398,MPL-0280,2026-07-03,Execution,38.64,8.89,6.92,Routine progress update
PR-01399,MPL-0280,2026-08-17,Finishing,51.52,5.52,9.22,Routine progress update
PR-01400,MPL-0281,2026-01-10,Planning,28.57,28.88,23.88,Routine progress update
PR-01401,MPL-0281,2026-02-24,Foundation,57.14,50.32,47.75,Routine progress update
PR-01402,MPL-0281,2026-04-10,Execution,85.7,72.44,71.63,Routine progress update
PR-01403,MPL-0282,2026-01-11,Planning,20.88,24.48,9.23,Routine progress update
PR-01404,MPL-0282,2026-02-25,Foundation,41.75,38.82,18.45,Routine progress update
PR-01405,MPL-0282,2026-04-11,Execution,62.63,55.18,27.68,Routine progress update
PR-01406,MPL-0283,2026-03-28,Planning,21.72,18.26,15.37,Routine progress update
PR-01407,MPL-0283,2026-05-12,Foundation,43.43,44.87,30.75,Routine progress update
PR-01408,MPL-0283,2026-06-26,Execution,65.15,71.27,46.12,Routine progress update
PR-01409,MPL-0284,2026-03-05,Planning,13.2,17.07,7.44,Routine progress update
PR-01410,MPL-0284,2026-04-19,Foundation,26.39,26.44,14.87,Routine progress update
PR-01411,MPL-0284,2026-06-03,Execution,39.59,45.22,22.31,Routine progress update
PR-01412,MPL-0284,2026-07-18,Finishing,52.79,62.84,29.75,Routine progress update
PR-01413,MPL-0285,2026-04-24,Planning,20.0,8.7,11.2,Routine progress update
PR-01414,MPL-0285,2026-06-08,Foundation,40.0,37.53,22.41,Routine progress update
PR-01415,MPL-0285,2026-07-23,Execution,60.0,56.04,33.61,Routine progress update
PR-01416,MPL-0285,2026-09-06,Finishing,80.0,77.7,44.81,Routine progress update
PR-01417,MPL-0286,2026-03-20,Planning,15.14,18.56,10.79,Routine progress update
PR-01418,MPL-0286,2026-05-04,Foundation,30.28,27.79,21.58,Routine progress update
PR-01419,MPL-0286,2026-06-18,Execution,45.42,47.08,32.38,Routine progress update
PR-01420,MPL-0286,2026-08-02,Finishing,60.56,62.83,43.17,Routine progress update
PR-01421,MPL-0286,2026-09-16,Inspection,75.7,68.47,53.96,Routine progress update
PR-01422,MPL-0287,2026-01-16,Planning,7.13,5.99,12.18,Routine progress update
PR-01423,MPL-0287,2026-03-02,Foundation,14.26,1.56,24.36,Routine progress update
PR-01424,MPL-0287,2026-04-16,Execution,21.39,7.13,36.54,Routine progress update
PR-01425,MPL-0287,2026-05-31,Finishing,28.53,13.9,48.72,Routine progress update
PR-01426,MPL-0287,2026-07-15,Inspection,35.66,19.79,60.9,Routine progress update
PR-01427,MPL-0287,2026-08-29,Completion,42.79,21.49,73.08,Routine progress update
PR-01428,MPL-0287,2026-10-13,Completion,49.92,30.04,85.26,Routine progress update
PR-01429,MPL-0288,2026-05-05,Planning,20.85,5.24,27.53,Routine progress update
PR-01430,MPL-0288,2026-06-19,Foundation,41.69,18.08,55.06,Routine progress update
PR-01431,MPL-0288,2026-08-03,Execution,62.54,18.79,82.59,Routine progress update
PR-01432,MPL-0289,2026-01-16,Planning,22.5,15.8,18.76,Routine progress update
PR-01433,MPL-0289,2026-03-02,Foundation,45.0,50.4,37.52,Routine progress update
PR-01434,MPL-0289,2026-04-16,Execution,67.5,74.78,56.28,Routine progress update
PR-01435,MPL-0289,2026-05-31,Finishing,90.0,96.34,75.04,Routine progress update
PR-01436,MPL-0290,2026-05-27,Planning,22.77,22.44,10.66,Routine progress update
PR-01437,MPL-0290,2026-07-11,Foundation,45.53,39.82,21.32,Routine progress update
PR-01438,MPL-0290,2026-08-25,Execution,68.3,67.5,31.98,Routine progress update
PR-01439,MPL-0291,2026-02-10,Planning,14.91,12.68,13.9,Routine progress update
PR-01440,MPL-0291,2026-03-27,Foundation,29.83,0.0,27.8,Routine progress update
PR-01441,MPL-0291,2026-05-11,Execution,44.74,4.38,41.7,Routine progress update
PR-01442,MPL-0291,2026-06-25,Finishing,59.66,5.88,55.6,Routine progress update
PR-01443,MPL-0291,2026-08-09,Inspection,74.57,9.0,69.49,Routine progress update
PR-01444,MPL-0292,2026-01-28,Planning,11.44,6.33,2.32,Routine progress update
PR-01445,MPL-0292,2026-03-14,Foundation,22.89,6.67,4.65,Routine progress update
PR-01446,MPL-0292,2026-04-28,Execution,34.33,10.14,6.97,Routine progress update
PR-01447,MPL-0292,2026-06-12,Finishing,45.77,9.11,9.29,Routine progress update
PR-01448,MPL-0292,2026-07-27,Inspection,57.22,5.95,11.61,Routine progress update
PR-01449,MPL-0292,2026-09-10,Completion,68.66,9.02,13.94,Routine progress update
PR-01450,MPL-0293,2026-02-05,Planning,11.01,12.33,5.61,Routine progress update
PR-01451,MPL-0293,2026-03-22,Foundation,22.01,19.36,11.23,Routine progress update
PR-01452,MPL-0293,2026-05-06,Execution,33.02,33.06,16.84,Routine progress update
PR-01453,MPL-0293,2026-06-20,Finishing,44.03,38.53,22.46,Routine progress update
PR-01454,MPL-0293,2026-08-04,Inspection,55.04,41.97,28.07,Routine progress update
PR-01455,MPL-0293,2026-09-18,Completion,66.04,53.95,33.69,Routine progress update
PR-01456,MPL-0293,2026-11-02,Completion,77.05,67.64,39.3,Routine progress update
PR-01457,MPL-0294,2026-04-20,Planning,26.78,30.9,15.3,Routine progress update
PR-01458,MPL-0294,2026-06-04,Foundation,53.56,59.54,30.59,Routine progress update
PR-01459,MPL-0294,2026-07-19,Execution,80.34,79.99,45.89,Routine progress update
PR-01460,MPL-0295,2026-01-11,Planning,14.66,8.55,8.05,Routine progress update
PR-01461,MPL-0295,2026-02-25,Foundation,29.31,25.95,16.1,Routine progress update
PR-01462,MPL-0295,2026-04-11,Execution,43.97,45.82,24.15,Routine progress update
PR-01463,MPL-0295,2026-05-26,Finishing,58.63,50.64,32.2,Routine progress update
PR-01464,MPL-0295,2026-07-10,Inspection,73.29,68.59,40.25,Routine progress update
PR-01465,MPL-0295,2026-08-24,Completion,87.94,81.94,48.3,Routine progress update
PR-01466,MPL-0296,2026-01-24,Planning,11.2,15.52,8.99,Routine progress update
PR-01467,MPL-0296,2026-03-10,Foundation,22.4,31.62,17.99,Routine progress update
PR-01468,MPL-0296,2026-04-24,Execution,33.6,43.69,26.98,Routine progress update
PR-01469,MPL-0296,2026-06-08,Finishing,44.8,47.54,35.97,Routine progress update
PR-01470,MPL-0296,2026-07-23,Inspection,56.0,54.0,44.97,Routine progress update
PR-01471,MPL-0296,2026-09-06,Completion,67.2,72.16,53.96,Routine progress update
PR-01472,MPL-0297,2026-06-27,Planning,14.9,13.35,6.21,Routine progress update
PR-01473,MPL-0297,2026-08-11,Foundation,29.8,24.64,12.42,Routine progress update
PR-01474,MPL-0297,2026-09-25,Execution,44.71,47.01,18.63,Routine progress update
PR-01475,MPL-0297,2026-11-09,Finishing,59.61,52.26,24.84,Routine progress update
PR-01476,MPL-0297,2026-12-24,Inspection,74.51,67.84,31.05,Routine progress update
PR-01477,MPL-0298,2026-01-12,Planning,14.25,6.43,14.21,Routine progress update
PR-01478,MPL-0298,2026-02-26,Foundation,28.51,9.73,28.42,Routine progress update
PR-01479,MPL-0298,2026-04-12,Execution,42.76,8.98,42.63,Routine progress update
PR-01480,MPL-0298,2026-05-27,Finishing,57.02,21.93,56.84,Routine progress update
PR-01481,MPL-0298,2026-07-11,Inspection,71.27,40.82,71.05,Routine progress update
PR-01482,MPL-0299,2026-02-21,Planning,10.04,0.91,12.79,Routine progress update
PR-01483,MPL-0299,2026-04-07,Foundation,20.08,4.51,25.59,Routine progress update
PR-01484,MPL-0299,2026-05-22,Execution,30.11,25.4,38.38,Routine progress update
PR-01485,MPL-0299,2026-07-06,Finishing,40.15,26.5,51.17,Routine progress update
PR-01486,MPL-0299,2026-08-20,Inspection,50.19,30.17,63.96,Routine progress update
PR-01487,MPL-0299,2026-10-04,Completion,60.23,40.75,76.76,Routine progress update
PR-01488,MPL-0300,2026-02-23,Planning,18.07,11.81,8.91,Routine progress update
PR-01489,MPL-0300,2026-04-09,Foundation,36.13,29.84,17.81,Routine progress update
PR-01490,MPL-0300,2026-05-24,Execution,54.2,49.21,26.72,Routine progress update
PR-01491,MPL-0301,2026-05-27,Planning,11.14,24.98,4.99,Routine progress update
PR-01492,MPL-0301,2026-07-11,Foundation,22.28,28.4,9.98,Routine progress update
PR-01493,MPL-0301,2026-08-25,Execution,33.42,54.73,14.97,Routine progress update
PR-01494,MPL-0301,2026-10-09,Finishing,44.56,67.67,19.96,Routine progress update
PR-01495,MPL-0301,2026-11-23,Inspection,55.7,83.33,24.95,Routine progress update
PR-01496,MPL-0301,2027-01-07,Completion,66.84,99.18,29.94,Routine progress update
PR-01497,MPL-0302,2026-05-15,Planning,10.25,5.73,14.58,Routine progress update
PR-01498,MPL-0302,2026-06-29,Foundation,20.51,26.39,29.17,Routine progress update
PR-01499,MPL-0302,2026-08-13,Execution,30.76,30.67,43.75,Routine progress update
PR-01500,MPL-0302,2026-09-27,Finishing,41.01,40.75,58.34,Routine progress update
PR-01501,MPL-0303,2026-06-07,Planning,8.91,5.59,1.07,Routine progress update
PR-01502,MPL-0303,2026-07-22,Foundation,17.82,7.26,2.15,Routine progress update
PR-01503,MPL-0303,2026-09-05,Execution,26.73,6.47,3.22,Routine progress update
PR-01504,MPL-0303,2026-10-20,Finishing,35.64,12.52,4.29,Routine progress update
PR-01505,MPL-0303,2026-12-04,Inspection,44.55,15.96,5.37,Routine progress update
PR-01506,MPL-0303,2027-01-18,Completion,53.46,17.54,6.44,Routine progress update
PR-01507,MPL-0303,2027-03-04,Completion,62.38,12.24,7.52,Routine progress update
PR-01508,MPL-0304,2026-03-27,Planning,8.91,11.07,9.98,Routine progress update
PR-01509,MPL-0304,2026-05-11,Foundation,17.81,14.87,19.96,Routine progress update
PR-01510,MPL-0304,2026-06-25,Execution,26.72,27.94,29.94,Routine progress update
PR-01511,MPL-0304,2026-08-09,Finishing,35.62,27.55,39.93,Routine progress update
PR-01512,MPL-0305,2026-06-07,Planning,11.55,11.31,7.2,Routine progress update
PR-01513,MPL-0305,2026-07-22,Foundation,23.1,23.02,14.4,Routine progress update
PR-01514,MPL-0305,2026-09-05,Execution,34.65,38.96,21.6,Routine progress update
PR-01515,MPL-0305,2026-10-20,Finishing,46.21,52.81,28.8,Routine progress update
PR-01516,MPL-0305,2026-12-04,Inspection,57.76,65.62,35.99,Routine progress update
PR-01517,MPL-0305,2027-01-18,Completion,69.31,77.81,43.19,Routine progress update
PR-01518,MPL-0305,2027-03-04,Completion,80.86,91.83,50.39,Routine progress update
PR-01519,MPL-0306,2026-01-15,Planning,13.09,12.15,9.01,Routine progress update
PR-01520,MPL-0306,2026-03-01,Foundation,26.18,22.58,18.02,Routine progress update
PR-01521,MPL-0306,2026-04-15,Execution,39.26,35.27,27.03,Routine progress update
PR-01522,MPL-0306,2026-05-30,Finishing,52.35,56.04,36.04,Routine progress update
PR-01523,MPL-0307,2026-04-10,Planning,19.08,8.01,20.49,Routine progress update
PR-01524,MPL-0307,2026-05-25,Foundation,38.17,4.84,40.97,Routine progress update
PR-01525,MPL-0307,2026-07-09,Execution,57.25,22.78,61.46,Routine progress update
PR-01526,MPL-0307,2026-08-23,Finishing,76.33,32.04,81.94,Routine progress update
PR-01527,MPL-0308,2026-02-21,Planning,12.31,9.25,7.02,Routine progress update
PR-01528,MPL-0308,2026-04-07,Foundation,24.62,25.56,14.03,Routine progress update
PR-01529,MPL-0308,2026-05-22,Execution,36.93,34.43,21.05,Routine progress update
PR-01530,MPL-0308,2026-07-06,Finishing,49.24,50.95,28.06,Routine progress update
PR-01531,MPL-0308,2026-08-20,Inspection,61.55,55.88,35.08,Routine progress update
PR-01532,MPL-0309,2026-04-28,Planning,11.74,14.29,20.47,Routine progress update
PR-01533,MPL-0309,2026-06-12,Foundation,23.48,33.08,40.94,Routine progress update
PR-01534,MPL-0309,2026-07-27,Execution,35.23,48.68,61.41,Routine progress update
PR-01535,MPL-0310,2026-06-13,Planning,10.04,10.75,21.69,Routine progress update
PR-01536,MPL-0310,2026-07-28,Foundation,20.09,16.74,43.37,Routine progress update
PR-01537,MPL-0310,2026-09-11,Execution,30.13,20.77,65.06,Routine progress update
PR-01538,MPL-0310,2026-10-26,Finishing,40.17,33.16,86.75,Routine progress update
PR-01539,MPL-0310,2026-12-10,Inspection,50.22,43.36,100.0,Routine progress update
PR-01540,MPL-0311,2026-06-30,Planning,13.03,1.13,22.52,Routine progress update
PR-01541,MPL-0311,2026-08-14,Foundation,26.06,8.07,45.03,Routine progress update
PR-01542,MPL-0311,2026-09-28,Execution,39.09,10.38,67.55,Routine progress update
PR-01543,MPL-0311,2026-11-12,Finishing,52.13,16.36,90.07,Routine progress update
PR-01544,MPL-0312,2026-06-07,Planning,12.37,17.64,8.88,Routine progress update
PR-01545,MPL-0312,2026-07-22,Foundation,24.74,24.03,17.76,Routine progress update
PR-01546,MPL-0312,2026-09-05,Execution,37.1,32.95,26.64,Routine progress update
PR-01547,MPL-0312,2026-10-20,Finishing,49.47,48.51,35.52,Routine progress update
PR-01548,MPL-0312,2026-12-04,Inspection,61.84,66.47,44.4,Routine progress update
PR-01549,MPL-0312,2027-01-18,Completion,74.21,79.68,53.27,Routine progress update
PR-01550,MPL-0313,2026-05-01,Planning,21.07,9.86,11.07,Routine progress update
PR-01551,MPL-0313,2026-06-15,Foundation,42.13,21.67,22.13,Routine progress update
PR-01552,MPL-0313,2026-07-30,Execution,63.2,23.95,33.2,Routine progress update
PR-01553,MPL-0313,2026-09-13,Finishing,84.26,41.14,44.26,Routine progress update
PR-01554,MPL-0314,2026-03-14,Planning,6.78,11.05,11.2,Routine progress update
PR-01555,MPL-0314,2026-04-28,Foundation,13.55,5.46,22.41,Routine progress update
PR-01556,MPL-0314,2026-06-12,Execution,20.33,30.53,33.61,Routine progress update
PR-01557,MPL-0314,2026-07-27,Finishing,27.11,28.03,44.82,Routine progress update
PR-01558,MPL-0314,2026-09-10,Inspection,33.88,34.74,56.02,Routine progress update
PR-01559,MPL-0314,2026-10-25,Completion,40.66,48.74,67.23,Routine progress update
PR-01560,MPL-0315,2026-04-09,Planning,22.5,17.3,16.02,Routine progress update
PR-01561,MPL-0315,2026-05-24,Foundation,45.0,45.72,32.05,Routine progress update
PR-01562,MPL-0315,2026-07-08,Execution,67.5,78.99,48.07,Routine progress update
PR-01563,MPL-0316,2026-04-29,Planning,6.38,9.9,17.67,Routine progress update
PR-01564,MPL-0316,2026-06-13,Foundation,12.77,18.6,35.35,Routine progress update
PR-01565,MPL-0316,2026-07-28,Execution,19.15,20.39,53.02,Routine progress update
PR-01566,MPL-0316,2026-09-11,Finishing,25.54,24.54,70.7,Routine progress update
PR-01567,MPL-0316,2026-10-26,Inspection,31.92,41.2,88.37,Routine progress update
PR-01568,MPL-0316,2026-12-10,Completion,38.31,49.77,100.0,Routine progress update
PR-01569,MPL-0316,2027-01-24,Completion,44.69,57.26,100.0,Routine progress update
PR-01570,MPL-0317,2026-02-07,Planning,8.06,9.0,5.05,Routine progress update
PR-01571,MPL-0317,2026-03-24,Foundation,16.13,12.46,10.11,Routine progress update
PR-01572,MPL-0317,2026-05-08,Execution,24.19,34.25,15.16,Routine progress update
PR-01573,MPL-0317,2026-06-22,Finishing,32.26,34.58,20.21,Routine progress update
PR-01574,MPL-0317,2026-08-06,Inspection,40.32,40.14,25.26,Routine progress update
PR-01575,MPL-0317,2026-09-20,Completion,48.38,48.32,30.32,Routine progress update
PR-01576,MPL-0317,2026-11-04,Completion,56.45,57.76,35.37,Routine progress update
PR-01577,MPL-0318,2026-05-11,Planning,9.61,11.25,22.89,Routine progress update
PR-01578,MPL-0318,2026-06-25,Foundation,19.22,14.7,45.79,Routine progress update
PR-01579,MPL-0318,2026-08-09,Execution,28.82,24.34,68.68,Routine progress update
PR-01580,MPL-0318,2026-09-23,Finishing,38.43,28.49,91.57,Routine progress update
PR-01581,MPL-0319,2026-04-22,Planning,10.66,10.27,17.42,Routine progress update
PR-01582,MPL-0319,2026-06-06,Foundation,21.32,24.0,34.85,Routine progress update
PR-01583,MPL-0319,2026-07-21,Execution,31.99,34.56,52.27,Routine progress update
PR-01584,MPL-0319,2026-09-04,Finishing,42.65,42.19,69.7,Routine progress update
PR-01585,MPL-0320,2026-06-18,Planning,6.08,3.9,10.08,Routine progress update
PR-01586,MPL-0320,2026-08-02,Foundation,12.16,15.16,20.17,Routine progress update
PR-01587,MPL-0320,2026-09-16,Execution,18.23,21.0,30.25,Routine progress update
PR-01588,MPL-0320,2026-10-31,Finishing,24.31,25.37,40.34,Routine progress update
PR-01589,MPL-0320,2026-12-15,Inspection,30.39,31.11,50.42,Routine progress update
PR-01590,MPL-0320,2027-01-29,Completion,36.47,43.02,60.5,Routine progress update
PR-01591,MPL-0320,2027-03-15,Completion,42.55,50.48,70.59,Routine progress update
PR-01592,MPL-0321,2026-06-04,Planning,12.01,10.32,11.69,Routine progress update
PR-01593,MPL-0321,2026-07-19,Foundation,24.01,21.21,23.39,Routine progress update
PR-01594,MPL-0321,2026-09-02,Execution,36.02,31.97,35.08,Routine progress update
PR-01595,MPL-0321,2026-10-17,Finishing,48.02,48.59,46.77,Routine progress update
PR-01596,MPL-0322,2026-03-13,Planning,17.14,12.27,14.61,Routine progress update
PR-01597,MPL-0322,2026-04-27,Foundation,34.28,39.94,29.21,Routine progress update
PR-01598,MPL-0322,2026-06-11,Execution,51.42,44.82,43.82,Routine progress update
PR-01599,MPL-0322,2026-07-26,Finishing,68.55,52.25,58.43,Routine progress update
PR-01600,MPL-0323,2026-05-27,Planning,26.3,24.3,8.96,Routine progress update
PR-01601,MPL-0323,2026-07-11,Foundation,52.6,48.55,17.91,Routine progress update
PR-01602,MPL-0323,2026-08-25,Execution,78.9,77.71,26.87,Routine progress update
PR-01603,MPL-0324,2026-05-05,Planning,19.53,26.15,14.41,Routine progress update
PR-01604,MPL-0324,2026-06-19,Foundation,39.05,46.66,28.82,Routine progress update
PR-01605,MPL-0324,2026-08-03,Execution,58.58,73.85,43.23,Routine progress update
PR-01606,MPL-0324,2026-09-17,Finishing,78.11,100.0,57.64,Routine progress update
PR-01607,MPL-0325,2026-01-09,Planning,11.29,3.65,11.57,Routine progress update
PR-01608,MPL-0325,2026-02-23,Foundation,22.58,29.97,23.13,Routine progress update
PR-01609,MPL-0325,2026-04-09,Execution,33.88,33.59,34.7,Routine progress update
PR-01610,MPL-0325,2026-05-24,Finishing,45.17,54.89,46.26,Routine progress update
PR-01611,MPL-0325,2026-07-08,Inspection,56.46,63.1,57.83,Routine progress update
PR-01612,MPL-0325,2026-08-22,Completion,67.75,76.35,69.39,Routine progress update
PR-01613,MPL-0326,2026-01-30,Planning,17.19,23.26,21.63,Routine progress update
PR-01614,MPL-0326,2026-03-16,Foundation,34.38,39.62,43.25,Routine progress update
PR-01615,MPL-0326,2026-04-30,Execution,51.58,58.68,64.88,Routine progress update
PR-01616,MPL-0327,2026-05-16,Planning,12.84,11.34,13.95,Routine progress update
PR-01617,MPL-0327,2026-06-30,Foundation,25.69,25.49,27.9,Routine progress update
PR-01618,MPL-0327,2026-08-14,Execution,38.53,33.65,41.85,Routine progress update
PR-01619,MPL-0327,2026-09-28,Finishing,51.38,46.63,55.8,Routine progress update
PR-01620,MPL-0327,2026-11-12,Inspection,64.22,67.86,69.74,Routine progress update
PR-01621,MPL-0328,2026-02-19,Planning,11.22,8.0,15.16,Routine progress update
PR-01622,MPL-0328,2026-04-05,Foundation,22.45,23.09,30.33,Routine progress update
PR-01623,MPL-0328,2026-05-20,Execution,33.67,34.16,45.49,Routine progress update
PR-01624,MPL-0328,2026-07-04,Finishing,44.9,43.7,60.66,Routine progress update
PR-01625,MPL-0329,2026-01-07,Planning,17.78,21.43,18.84,Routine progress update
PR-01626,MPL-0329,2026-02-21,Foundation,35.56,41.11,37.69,Routine progress update
PR-01627,MPL-0329,2026-04-07,Execution,53.33,54.42,56.53,Routine progress update
PR-01628,MPL-0329,2026-05-22,Finishing,71.11,77.9,75.38,Routine progress update
PR-01629,MPL-0330,2026-06-28,Planning,14.42,12.34,12.32,Routine progress update
PR-01630,MPL-0330,2026-08-12,Foundation,28.83,36.49,24.63,Routine progress update
PR-01631,MPL-0330,2026-09-26,Execution,43.25,50.71,36.95,Routine progress update
PR-01632,MPL-0330,2026-11-10,Finishing,57.66,67.0,49.27,Routine progress update
PR-01633,MPL-0330,2026-12-25,Inspection,72.08,85.97,61.59,Routine progress update
PR-01634,MPL-0330,2027-02-08,Completion,86.49,98.9,73.9,Routine progress update
PR-01635,MPL-0331,2026-02-15,Planning,15.35,17.88,39.14,Routine progress update
PR-01636,MPL-0331,2026-04-01,Foundation,30.69,24.66,78.29,Routine progress update
PR-01637,MPL-0331,2026-05-16,Execution,46.04,48.32,100.0,Routine progress update
PR-01638,MPL-0332,2026-05-27,Planning,8.91,1.22,10.72,Routine progress update
PR-01639,MPL-0332,2026-07-11,Foundation,17.82,0.07,21.44,Routine progress update
PR-01640,MPL-0332,2026-08-25,Execution,26.73,8.96,32.16,Routine progress update
PR-01641,MPL-0332,2026-10-09,Finishing,35.64,11.94,42.88,Routine progress update
PR-01642,MPL-0332,2026-11-23,Inspection,44.55,15.79,53.59,Routine progress update
PR-01643,MPL-0332,2027-01-07,Completion,53.46,21.48,64.31,Routine progress update
PR-01644,MPL-0332,2027-02-21,Completion,62.37,28.37,75.03,Routine progress update
PR-01645,MPL-0333,2026-04-09,Planning,16.55,17.93,11.01,Routine progress update
PR-01646,MPL-0333,2026-05-24,Foundation,33.1,34.62,22.01,Routine progress update
PR-01647,MPL-0333,2026-07-08,Execution,49.65,51.57,33.02,Routine progress update
PR-01648,MPL-0333,2026-08-22,Finishing,66.2,72.9,44.02,Routine progress update
PR-01649,MPL-0334,2026-03-16,Planning,29.4,22.7,13.61,Routine progress update
PR-01650,MPL-0334,2026-04-30,Foundation,58.81,57.6,27.23,Routine progress update
PR-01651,MPL-0334,2026-06-14,Execution,88.21,95.73,40.84,Routine progress update
PR-01652,MPL-0335,2026-03-03,Planning,23.46,19.83,25.38,Routine progress update
PR-01653,MPL-0335,2026-04-17,Foundation,46.92,48.77,50.76,Routine progress update
PR-01654,MPL-0335,2026-06-01,Execution,70.39,64.47,76.14,Routine progress update
PR-01655,MPL-0336,2026-04-28,Planning,12.63,18.56,4.8,Routine progress update
PR-01656,MPL-0336,2026-06-12,Foundation,25.25,30.31,9.61,Routine progress update
PR-01657,MPL-0336,2026-07-27,Execution,37.88,36.81,14.41,Routine progress update
PR-01658,MPL-0336,2026-09-10,Finishing,50.51,53.89,19.21,Routine progress update
PR-01659,MPL-0336,2026-10-25,Inspection,63.13,58.83,24.01,Routine progress update
PR-01660,MPL-0336,2026-12-09,Completion,75.76,71.96,28.82,Routine progress update
PR-01661,MPL-0337,2026-03-20,Planning,11.25,17.3,5.11,Routine progress update
PR-01662,MPL-0337,2026-05-04,Foundation,22.5,25.22,10.21,Routine progress update
PR-01663,MPL-0337,2026-06-18,Execution,33.75,30.54,15.32,Routine progress update
PR-01664,MPL-0337,2026-08-02,Finishing,45.0,52.16,20.42,Routine progress update
PR-01665,MPL-0337,2026-09-16,Inspection,56.26,59.36,25.53,Routine progress update
PR-01666,MPL-0337,2026-10-31,Completion,67.51,71.91,30.64,Routine progress update
PR-01667,MPL-0338,2026-05-20,Planning,6.68,4.23,12.45,Routine progress update
PR-01668,MPL-0338,2026-07-04,Foundation,13.35,8.35,24.9,Routine progress update
PR-01669,MPL-0338,2026-08-18,Execution,20.03,9.73,37.35,Routine progress update
PR-01670,MPL-0338,2026-10-02,Finishing,26.7,14.71,49.8,Routine progress update
PR-01671,MPL-0338,2026-11-16,Inspection,33.38,12.39,62.25,Routine progress update
PR-01672,MPL-0338,2026-12-31,Completion,40.05,18.09,74.7,Routine progress update
PR-01673,MPL-0338,2027-02-14,Completion,46.73,24.7,87.15,Routine progress update
PR-01674,MPL-0339,2026-04-07,Planning,7.07,12.55,5.94,Routine progress update
PR-01675,MPL-0339,2026-05-22,Foundation,14.14,19.42,11.89,Routine progress update
PR-01676,MPL-0339,2026-07-06,Execution,21.21,18.11,17.83,Routine progress update
PR-01677,MPL-0339,2026-08-20,Finishing,28.28,25.2,23.78,Routine progress update
PR-01678,MPL-0339,2026-10-04,Inspection,35.35,35.22,29.72,Routine progress update
PR-01679,MPL-0340,2026-06-06,Planning,15.62,15.17,14.56,Routine progress update
PR-01680,MPL-0340,2026-07-21,Foundation,31.25,38.22,29.12,Routine progress update
PR-01681,MPL-0340,2026-09-04,Execution,46.87,56.62,43.68,Routine progress update
PR-01682,MPL-0340,2026-10-19,Finishing,62.49,77.19,58.24,Routine progress update
PR-01683,MPL-0341,2026-05-10,Planning,11.61,3.23,7.74,Routine progress update
PR-01684,MPL-0341,2026-06-24,Foundation,23.22,11.79,15.49,Routine progress update
PR-01685,MPL-0341,2026-08-08,Execution,34.83,23.41,23.23,Routine progress update
PR-01686,MPL-0341,2026-09-22,Finishing,46.45,32.61,30.97,Routine progress update
PR-01687,MPL-0342,2026-03-06,Planning,11.98,14.54,5.56,Routine progress update
PR-01688,MPL-0342,2026-04-20,Foundation,23.97,22.16,11.11,Routine progress update
PR-01689,MPL-0342,2026-06-04,Execution,35.95,29.53,16.67,Routine progress update
PR-01690,MPL-0342,2026-07-19,Finishing,47.94,41.84,22.22,Routine progress update
PR-01691,MPL-0342,2026-09-02,Inspection,59.92,51.42,27.78,Routine progress update
PR-01692,MPL-0343,2026-04-18,Planning,7.94,9.68,1.27,Routine progress update
PR-01693,MPL-0343,2026-06-02,Foundation,15.88,6.06,2.53,Routine progress update
PR-01694,MPL-0343,2026-07-17,Execution,23.83,6.56,3.8,Routine progress update
PR-01695,MPL-0343,2026-08-31,Finishing,31.77,12.59,5.07,Routine progress update
PR-01696,MPL-0343,2026-10-15,Inspection,39.71,14.28,6.33,Routine progress update
PR-01697,MPL-0343,2026-11-29,Completion,47.65,9.9,7.6,Routine progress update
PR-01698,MPL-0344,2026-04-10,Planning,11.63,13.14,20.15,Routine progress update
PR-01699,MPL-0344,2026-05-25,Foundation,23.25,26.0,40.31,Routine progress update
PR-01700,MPL-0344,2026-07-09,Execution,34.88,37.44,60.46,Routine progress update
PR-01701,MPL-0344,2026-08-23,Finishing,46.51,56.96,80.61,Routine progress update
PR-01702,MPL-0344,2026-10-07,Inspection,58.13,62.88,100.0,Routine progress update
PR-01703,MPL-0344,2026-11-21,Completion,69.76,81.05,100.0,Routine progress update
PR-01704,MPL-0345,2026-06-04,Planning,22.88,19.53,25.47,Routine progress update
PR-01705,MPL-0345,2026-07-19,Foundation,45.76,40.68,50.94,Routine progress update
PR-01706,MPL-0345,2026-09-02,Execution,68.63,62.02,76.42,Routine progress update
PR-01707,MPL-0346,2026-04-20,Planning,6.75,2.72,10.74,Routine progress update
PR-01708,MPL-0346,2026-06-04,Foundation,13.49,16.66,21.47,Routine progress update
PR-01709,MPL-0346,2026-07-19,Execution,20.24,33.0,32.21,Routine progress update
PR-01710,MPL-0346,2026-09-02,Finishing,26.99,25.57,42.94,Routine progress update
PR-01711,MPL-0346,2026-10-17,Inspection,33.74,39.51,53.68,Routine progress update
PR-01712,MPL-0346,2026-12-01,Completion,40.48,52.18,64.42,Routine progress update
PR-01713,MPL-0346,2027-01-15,Completion,47.23,56.84,75.15,Routine progress update
PR-01714,MPL-0347,2026-06-28,Planning,10.95,11.75,10.63,Routine progress update
PR-01715,MPL-0347,2026-08-12,Foundation,21.91,8.49,21.26,Routine progress update
PR-01716,MPL-0347,2026-09-26,Execution,32.86,29.39,31.89,Routine progress update
PR-01717,MPL-0347,2026-11-10,Finishing,43.81,32.95,42.52,Routine progress update
PR-01718,MPL-0347,2026-12-25,Inspection,54.76,46.23,53.15,Routine progress update
PR-01719,MPL-0347,2027-02-08,Completion,65.72,53.87,63.78,Routine progress update
PR-01720,MPL-0348,2026-05-27,Planning,25.82,37.34,15.49,Routine progress update
PR-01721,MPL-0348,2026-07-11,Foundation,51.63,58.64,30.99,Routine progress update
PR-01722,MPL-0348,2026-08-25,Execution,77.45,84.23,46.48,Routine progress update
PR-01723,MPL-0349,2026-04-20,Planning,13.33,5.8,12.26,Routine progress update
PR-01724,MPL-0349,2026-06-04,Foundation,26.66,24.16,24.51,Routine progress update
PR-01725,MPL-0349,2026-07-19,Execution,39.98,38.81,36.77,Routine progress update
PR-01726,MPL-0349,2026-09-02,Finishing,53.31,47.03,49.03,Routine progress update
PR-01727,MPL-0349,2026-10-17,Inspection,66.64,57.17,61.29,Routine progress update
PR-01728,MPL-0350,2026-01-11,Planning,24.59,22.41,37.57,Routine progress update
PR-01729,MPL-0350,2026-02-25,Foundation,49.18,51.54,75.14,Routine progress update
PR-01730,MPL-0350,2026-04-11,Execution,73.77,77.14,100.0,Routine progress update
PR-01731,MPL-0351,2026-05-09,Planning,11.1,16.14,10.32,Routine progress update
PR-01732,MPL-0351,2026-06-23,Foundation,22.2,17.4,20.63,Routine progress update
PR-01733,MPL-0351,2026-08-07,Execution,33.3,34.18,30.95,Routine progress update
PR-01734,MPL-0351,2026-09-21,Finishing,44.4,42.28,41.26,Routine progress update
PR-01735,MPL-0351,2026-11-05,Inspection,55.5,53.09,51.58,Routine progress update
PR-01736,MPL-0352,2026-01-23,Planning,17.54,17.09,21.68,Routine progress update
PR-01737,MPL-0352,2026-03-09,Foundation,35.08,32.59,43.36,Routine progress update
PR-01738,MPL-0352,2026-04-23,Execution,52.62,48.55,65.04,Routine progress update
PR-01739,MPL-0352,2026-06-07,Finishing,70.16,57.69,86.72,Routine progress update
PR-01740,MPL-0352,2026-07-22,Inspection,87.7,74.4,100.0,Routine progress update
PR-01741,MPL-0353,2026-04-18,Planning,9.08,12.72,13.5,Routine progress update
PR-01742,MPL-0353,2026-06-02,Foundation,18.16,12.67,27.0,Routine progress update
PR-01743,MPL-0353,2026-07-17,Execution,27.24,21.55,40.5,Routine progress update
PR-01744,MPL-0353,2026-08-31,Finishing,36.32,31.33,54.0,Routine progress update
PR-01745,MPL-0353,2026-10-15,Inspection,45.4,35.74,67.51,Routine progress update
PR-01746,MPL-0354,2026-03-19,Planning,8.89,9.82,10.13,Routine progress update
PR-01747,MPL-0354,2026-05-03,Foundation,17.78,18.84,20.27,Routine progress update
PR-01748,MPL-0354,2026-06-17,Execution,26.67,14.43,30.4,Routine progress update
PR-01749,MPL-0354,2026-08-01,Finishing,35.56,28.57,40.53,Routine progress update
PR-01750,MPL-0354,2026-09-15,Inspection,44.45,40.04,50.66,Routine progress update
PR-01751,MPL-0355,2026-02-14,Planning,7.24,11.66,4.53,Routine progress update
PR-01752,MPL-0355,2026-03-31,Foundation,14.48,12.49,9.06,Routine progress update
PR-01753,MPL-0355,2026-05-15,Execution,21.72,14.96,13.59,Routine progress update
PR-01754,MPL-0355,2026-06-29,Finishing,28.96,21.18,18.12,Routine progress update
PR-01755,MPL-0355,2026-08-13,Inspection,36.2,34.1,22.65,Routine progress update
PR-01756,MPL-0355,2026-09-27,Completion,43.44,35.8,27.18,Routine progress update
PR-01757,MPL-0356,2026-04-25,Planning,10.42,7.53,18.59,Routine progress update
PR-01758,MPL-0356,2026-06-09,Foundation,20.84,17.58,37.17,Routine progress update
PR-01759,MPL-0356,2026-07-24,Execution,31.26,11.07,55.76,Routine progress update
PR-01760,MPL-0356,2026-09-07,Finishing,41.68,38.23,74.35,Routine progress update
PR-01761,MPL-0357,2026-05-27,Planning,16.98,13.6,12.3,Routine progress update
PR-01762,MPL-0357,2026-07-11,Foundation,33.95,34.01,24.61,Routine progress update
PR-01763,MPL-0357,2026-08-25,Execution,50.93,42.74,36.91,Routine progress update
PR-01764,MPL-0357,2026-10-09,Finishing,67.9,64.39,49.22,Routine progress update
PR-01765,MPL-0357,2026-11-23,Inspection,84.88,87.58,61.52,Routine progress update
PR-01766,MPL-0358,2026-03-25,Planning,21.32,0.0,21.89,Routine progress update
PR-01767,MPL-0358,2026-05-09,Foundation,42.64,12.56,43.77,Routine progress update
PR-01768,MPL-0358,2026-06-23,Execution,63.95,10.99,65.66,Routine progress update
PR-01769,MPL-0359,2026-04-12,Planning,14.06,13.07,10.82,Routine progress update
PR-01770,MPL-0359,2026-05-27,Foundation,28.12,24.88,21.64,Routine progress update
PR-01771,MPL-0359,2026-07-11,Execution,42.18,35.14,32.46,Routine progress update
PR-01772,MPL-0359,2026-08-25,Finishing,56.24,41.04,43.28,Routine progress update
PR-01773,MPL-0360,2026-04-17,Planning,14.3,11.07,25.79,Routine progress update
PR-01774,MPL-0360,2026-06-01,Foundation,28.6,19.2,51.59,Routine progress update
PR-01775,MPL-0360,2026-07-16,Execution,42.9,39.54,77.38,Routine progress update
PR-01776,MPL-0361,2026-02-05,Planning,21.82,24.94,22.93,Routine progress update
PR-01777,MPL-0361,2026-03-22,Foundation,43.64,28.96,45.86,Routine progress update
PR-01778,MPL-0361,2026-05-06,Execution,65.46,51.35,68.79,Routine progress update
PR-01779,MPL-0362,2026-04-17,Planning,16.15,12.3,13.23,Routine progress update
PR-01780,MPL-0362,2026-06-01,Foundation,32.31,26.75,26.46,Routine progress update
PR-01781,MPL-0362,2026-07-16,Execution,48.46,42.6,39.69,Routine progress update
PR-01782,MPL-0363,2026-05-28,Planning,7.64,6.04,21.75,Routine progress update
PR-01783,MPL-0363,2026-07-12,Foundation,15.29,12.04,43.5,Routine progress update
PR-01784,MPL-0363,2026-08-26,Execution,22.93,24.36,65.25,Routine progress update
PR-01785,MPL-0363,2026-10-10,Finishing,30.57,29.25,87.0,Routine progress update
PR-01786,MPL-0363,2026-11-24,Inspection,38.22,35.41,100.0,Routine progress update
PR-01787,MPL-0364,2026-01-25,Planning,20.75,22.74,15.33,Routine progress update
PR-01788,MPL-0364,2026-03-11,Foundation,41.49,48.52,30.65,Routine progress update
PR-01789,MPL-0364,2026-04-25,Execution,62.24,64.26,45.98,Routine progress update
PR-01790,MPL-0364,2026-06-09,Finishing,82.98,86.0,61.3,Routine progress update
PR-01791,MPL-0365,2026-02-11,Planning,16.15,20.23,10.92,Routine progress update
PR-01792,MPL-0365,2026-03-28,Foundation,32.29,27.99,21.84,Routine progress update
PR-01793,MPL-0365,2026-05-12,Execution,48.44,52.11,32.77,Routine progress update
PR-01794,MPL-0365,2026-06-26,Finishing,64.59,67.72,43.69,Routine progress update
PR-01795,MPL-0365,2026-08-10,Inspection,80.74,80.61,54.61,Routine progress update
PR-01796,MPL-0366,2026-06-26,Planning,14.89,0.0,12.74,Routine progress update
PR-01797,MPL-0366,2026-08-10,Foundation,29.77,5.44,25.47,Routine progress update
PR-01798,MPL-0366,2026-09-24,Execution,44.66,12.94,38.21,Routine progress update
PR-01799,MPL-0366,2026-11-08,Finishing,59.54,9.13,50.94,Routine progress update
PR-01800,MPL-0366,2026-12-23,Inspection,74.43,19.53,63.68,Routine progress update
PR-01801,MPL-0366,2027-02-06,Completion,89.32,17.87,76.42,Routine progress update
PR-01802,MPL-0367,2026-04-19,Planning,7.21,7.41,9.57,Routine progress update
PR-01803,MPL-0367,2026-06-03,Foundation,14.41,1.91,19.14,Routine progress update
PR-01804,MPL-0367,2026-07-18,Execution,21.62,6.3,28.71,Routine progress update
PR-01805,MPL-0367,2026-09-01,Finishing,28.83,10.13,38.28,Routine progress update
PR-01806,MPL-0367,2026-10-16,Inspection,36.03,10.1,47.86,Routine progress update
PR-01807,MPL-0368,2026-01-25,Planning,12.08,14.76,17.78,Routine progress update
PR-01808,MPL-0368,2026-03-11,Foundation,24.16,13.06,35.56,Routine progress update
PR-01809,MPL-0368,2026-04-25,Execution,36.24,42.53,53.34,Routine progress update
PR-01810,MPL-0368,2026-06-09,Finishing,48.32,47.22,71.12,Routine progress update
PR-01811,MPL-0368,2026-07-24,Inspection,60.4,54.04,88.9,Routine progress update
PR-01812,MPL-0368,2026-09-07,Completion,72.48,63.47,100.0,Routine progress update
PR-01813,MPL-0368,2026-10-22,Completion,84.56,73.16,100.0,Routine progress update
PR-01814,MPL-0369,2026-05-29,Planning,29.34,13.14,30.16,Routine progress update
PR-01815,MPL-0369,2026-07-13,Foundation,58.69,25.1,60.32,Routine progress update
PR-01816,MPL-0369,2026-08-27,Execution,88.03,31.03,90.48,Routine progress update
PR-01817,MPL-0370,2026-02-24,Planning,14.86,17.74,20.42,Routine progress update
PR-01818,MPL-0370,2026-04-10,Foundation,29.72,23.0,40.84,Routine progress update
PR-01819,MPL-0370,2026-05-25,Execution,44.58,35.6,61.27,Routine progress update
PR-01820,MPL-0370,2026-07-09,Finishing,59.44,60.5,81.69,Routine progress update
PR-01821,MPL-0370,2026-08-23,Inspection,74.29,68.93,100.0,Routine progress update
PR-01822,MPL-0370,2026-10-07,Completion,89.15,85.46,100.0,Routine progress update
PR-01823,MPL-0371,2026-02-27,Planning,14.63,12.93,18.11,Routine progress update
PR-01824,MPL-0371,2026-04-13,Foundation,29.27,29.0,36.21,Routine progress update
PR-01825,MPL-0371,2026-05-28,Execution,43.9,47.61,54.32,Routine progress update
PR-01826,MPL-0371,2026-07-12,Finishing,58.54,62.09,72.42,Routine progress update
PR-01827,MPL-0372,2026-04-13,Planning,17.18,21.9,5.69,Routine progress update
PR-01828,MPL-0372,2026-05-28,Foundation,34.36,35.16,11.37,Routine progress update
PR-01829,MPL-0372,2026-07-12,Execution,51.53,52.56,17.06,Routine progress update
PR-01830,MPL-0372,2026-08-26,Finishing,68.71,76.89,22.74,Routine progress update
PR-01831,MPL-0372,2026-10-10,Inspection,85.89,90.24,28.43,Routine progress update
PR-01832,MPL-0373,2026-04-02,Planning,14.89,7.56,5.47,Routine progress update
PR-01833,MPL-0373,2026-05-17,Foundation,29.77,30.05,10.94,Routine progress update
PR-01834,MPL-0373,2026-07-01,Execution,44.66,37.29,16.41,Routine progress update
PR-01835,MPL-0373,2026-08-15,Finishing,59.54,62.14,21.87,Routine progress update
PR-01836,MPL-0373,2026-09-29,Inspection,74.43,68.22,27.34,Routine progress update
PR-01837,MPL-0373,2026-11-13,Completion,89.31,79.6,32.81,Routine progress update
PR-01838,MPL-0374,2026-05-08,Planning,13.65,11.51,8.21,Routine progress update
PR-01839,MPL-0374,2026-06-22,Foundation,27.3,25.96,16.42,Routine progress update
PR-01840,MPL-0374,2026-08-06,Execution,40.95,40.03,24.63,Routine progress update
PR-01841,MPL-0374,2026-09-20,Finishing,54.6,51.44,32.84,Routine progress update
PR-01842,MPL-0374,2026-11-04,Inspection,68.25,59.21,41.05,Routine progress update
PR-01843,MPL-0375,2026-05-19,Planning,7.19,11.01,15.5,Routine progress update
PR-01844,MPL-0375,2026-07-03,Foundation,14.39,20.15,31.0,Routine progress update
PR-01845,MPL-0375,2026-08-17,Execution,21.58,19.64,46.5,Routine progress update
PR-01846,MPL-0375,2026-10-01,Finishing,28.78,31.9,62.01,Routine progress update
PR-01847,MPL-0375,2026-11-15,Inspection,35.97,39.68,77.51,Routine progress update
PR-01848,MPL-0376,2026-06-30,Planning,14.87,15.5,6.16,Routine progress update
PR-01849,MPL-0376,2026-08-14,Foundation,29.75,28.42,12.32,Routine progress update
PR-01850,MPL-0376,2026-09-28,Execution,44.62,43.58,18.48,Routine progress update
PR-01851,MPL-0376,2026-11-12,Finishing,59.49,61.04,24.64,Routine progress update
PR-01852,MPL-0376,2026-12-27,Inspection,74.36,68.63,30.8,Routine progress update
PR-01853,MPL-0377,2026-06-23,Planning,12.79,16.07,10.6,Routine progress update
PR-01854,MPL-0377,2026-08-07,Foundation,25.59,30.81,21.2,Routine progress update
PR-01855,MPL-0377,2026-09-21,Execution,38.38,45.91,31.79,Routine progress update
PR-01856,MPL-0378,2026-03-05,Planning,28.36,16.26,13.72,Routine progress update
PR-01857,MPL-0378,2026-04-19,Foundation,56.71,48.94,27.44,Routine progress update
PR-01858,MPL-0378,2026-06-03,Execution,85.07,66.65,41.16,Routine progress update
PR-01859,MPL-0379,2026-05-31,Planning,18.82,9.28,40.18,Routine progress update
PR-01860,MPL-0379,2026-07-15,Foundation,37.64,38.62,80.35,Routine progress update
PR-01861,MPL-0379,2026-08-29,Execution,56.47,55.47,100.0,Routine progress update
PR-01862,MPL-0380,2026-06-12,Planning,7.26,6.89,11.11,Routine progress update
PR-01863,MPL-0380,2026-07-27,Foundation,14.52,13.33,22.23,Routine progress update
PR-01864,MPL-0380,2026-09-10,Execution,21.77,22.07,33.34,Routine progress update
PR-01865,MPL-0380,2026-10-25,Finishing,29.03,22.99,44.46,Routine progress update
PR-01866,MPL-0380,2026-12-09,Inspection,36.29,40.16,55.57,Routine progress update
PR-01867,MPL-0380,2027-01-23,Completion,43.55,35.38,66.69,Routine progress update
PR-01868,MPL-0380,2027-03-09,Completion,50.8,47.22,77.8,Routine progress update
PR-01869,MPL-0381,2026-05-02,Planning,17.71,7.04,16.9,Routine progress update
PR-01870,MPL-0381,2026-06-16,Foundation,35.42,38.14,33.81,Routine progress update
PR-01871,MPL-0381,2026-07-31,Execution,53.13,48.38,50.71,Routine progress update
PR-01872,MPL-0381,2026-09-14,Finishing,70.83,57.68,67.62,Routine progress update
PR-01873,MPL-0382,2026-06-10,Planning,12.49,14.68,13.73,Routine progress update
PR-01874,MPL-0382,2026-07-25,Foundation,24.98,24.79,27.47,Routine progress update
PR-01875,MPL-0382,2026-09-08,Execution,37.47,41.32,41.2,Routine progress update
PR-01876,MPL-0382,2026-10-23,Finishing,49.96,56.04,54.93,Routine progress update
PR-01877,MPL-0382,2026-12-07,Inspection,62.46,59.04,68.67,Routine progress update
PR-01878,MPL-0383,2026-04-29,Planning,15.42,20.79,9.35,Routine progress update
PR-01879,MPL-0383,2026-06-13,Foundation,30.84,33.5,18.7,Routine progress update
PR-01880,MPL-0383,2026-07-28,Execution,46.26,55.62,28.05,Routine progress update
PR-01881,MPL-0383,2026-09-11,Finishing,61.68,66.12,37.4,Routine progress update
PR-01882,MPL-0383,2026-10-26,Inspection,77.1,81.79,46.74,Routine progress update
PR-01883,MPL-0384,2026-03-03,Planning,15.77,14.84,10.15,Routine progress update
PR-01884,MPL-0384,2026-04-17,Foundation,31.53,29.88,20.29,Routine progress update
PR-01885,MPL-0384,2026-06-01,Execution,47.3,41.55,30.44,Routine progress update
PR-01886,MPL-0384,2026-07-16,Finishing,63.07,56.95,40.58,Routine progress update
PR-01887,MPL-0384,2026-08-30,Inspection,78.84,68.76,50.73,Routine progress update
PR-01888,MPL-0385,2026-05-05,Planning,7.47,4.95,4.05,Routine progress update
PR-01889,MPL-0385,2026-06-19,Foundation,14.93,16.08,8.11,Routine progress update
PR-01890,MPL-0385,2026-08-03,Execution,22.4,19.52,12.16,Routine progress update
PR-01891,MPL-0385,2026-09-17,Finishing,29.87,30.79,16.21,Routine progress update
PR-01892,MPL-0385,2026-11-01,Inspection,37.33,32.7,20.26,Routine progress update
PR-01893,MPL-0385,2026-12-16,Completion,44.8,34.41,24.32,Routine progress update
PR-01894,MPL-0385,2027-01-30,Completion,52.26,49.21,28.37,Routine progress update
PR-01895,MPL-0386,2026-05-14,Planning,12.32,0.0,2.21,Routine progress update
PR-01896,MPL-0386,2026-06-28,Foundation,24.64,2.45,4.42,Routine progress update
PR-01897,MPL-0386,2026-08-12,Execution,36.96,10.02,6.64,Routine progress update
PR-01898,MPL-0386,2026-09-26,Finishing,49.28,2.12,8.85,Routine progress update
PR-01899,MPL-0386,2026-11-10,Inspection,61.6,9.11,11.06,Routine progress update
PR-01900,MPL-0386,2026-12-25,Completion,73.92,9.98,13.27,Routine progress update
PR-01901,MPL-0386,2027-02-08,Completion,86.24,14.64,15.49,Routine progress update
PR-01902,MPL-0387,2026-03-12,Planning,5.44,8.82,16.79,Routine progress update
PR-01903,MPL-0387,2026-04-26,Foundation,10.88,11.86,33.59,Routine progress update
PR-01904,MPL-0387,2026-06-10,Execution,16.32,14.76,50.38,Routine progress update
PR-01905,MPL-0387,2026-07-25,Finishing,21.76,23.5,67.17,Routine progress update
PR-01906,MPL-0387,2026-09-08,Inspection,27.2,32.35,83.97,Routine progress update
PR-01907,MPL-0387,2026-10-23,Completion,32.64,32.3,100.0,Routine progress update
PR-01908,MPL-0387,2026-12-07,Completion,38.08,36.74,100.0,Routine progress update
PR-01909,MPL-0388,2026-01-09,Planning,17.09,19.2,7.68,Routine progress update
PR-01910,MPL-0388,2026-02-23,Foundation,34.18,35.45,15.36,Routine progress update
PR-01911,MPL-0388,2026-04-09,Execution,51.28,47.59,23.04,Routine progress update
PR-01912,MPL-0388,2026-05-24,Finishing,68.37,71.55,30.73,Routine progress update
PR-01913,MPL-0388,2026-07-08,Inspection,85.46,82.85,38.41,Routine progress update
PR-01914,MPL-0389,2026-03-02,Planning,21.34,23.31,17.9,Routine progress update
PR-01915,MPL-0389,2026-04-16,Foundation,42.69,40.44,35.81,Routine progress update
PR-01916,MPL-0389,2026-05-31,Execution,64.03,65.6,53.71,Routine progress update
PR-01917,MPL-0389,2026-07-15,Finishing,85.37,88.83,71.61,Routine progress update
PR-01918,MPL-0390,2026-04-19,Planning,12.57,21.53,11.38,Routine progress update
PR-01919,MPL-0390,2026-06-03,Foundation,25.14,26.41,22.76,Routine progress update
PR-01920,MPL-0390,2026-07-18,Execution,37.71,40.61,34.15,Routine progress update
PR-01921,MPL-0390,2026-09-01,Finishing,50.28,54.36,45.53,Routine progress update
PR-01922,MPL-0390,2026-10-16,Inspection,62.85,60.55,56.91,Routine progress update
PR-01923,MPL-0391,2026-06-10,Planning,10.92,11.9,19.1,Routine progress update
PR-01924,MPL-0391,2026-07-25,Foundation,21.84,17.25,38.2,Routine progress update
PR-01925,MPL-0391,2026-09-08,Execution,32.76,31.81,57.29,Routine progress update
PR-01926,MPL-0391,2026-10-23,Finishing,43.68,40.15,76.39,Routine progress update
PR-01927,MPL-0392,2026-03-25,Planning,6.43,5.86,10.72,Routine progress update
PR-01928,MPL-0392,2026-05-09,Foundation,12.86,22.42,21.45,Routine progress update
PR-01929,MPL-0392,2026-06-23,Execution,19.29,22.87,32.17,Routine progress update
PR-01930,MPL-0392,2026-08-07,Finishing,25.72,26.37,42.9,Routine progress update
PR-01931,MPL-0392,2026-09-21,Inspection,32.15,42.84,53.62,Routine progress update
PR-01932,MPL-0392,2026-11-05,Completion,38.57,48.64,64.35,Routine progress update
PR-01933,MPL-0392,2026-12-20,Completion,45.0,56.32,75.07,Routine progress update
PR-01934,MPL-0393,2026-06-29,Planning,11.34,0.0,12.63,Routine progress update
PR-01935,MPL-0393,2026-08-13,Foundation,22.67,15.86,25.26,Routine progress update
PR-01936,MPL-0393,2026-09-27,Execution,34.01,9.86,37.89,Routine progress update
PR-01937,MPL-0393,2026-11-11,Finishing,45.35,19.23,50.52,Routine progress update
PR-01938,MPL-0393,2026-12-26,Inspection,56.68,30.25,63.15,Routine progress update
PR-01939,MPL-0393,2027-02-09,Completion,68.02,32.8,75.78,Routine progress update
PR-01940,MPL-0394,2026-03-15,Planning,15.45,9.13,22.89,Routine progress update
PR-01941,MPL-0394,2026-04-29,Foundation,30.91,20.29,45.78,Routine progress update
PR-01942,MPL-0394,2026-06-13,Execution,46.36,44.83,68.68,Routine progress update
PR-01943,MPL-0395,2026-03-05,Planning,13.24,13.25,23.73,Routine progress update
PR-01944,MPL-0395,2026-04-19,Foundation,26.48,23.35,47.46,Routine progress update
PR-01945,MPL-0395,2026-06-03,Execution,39.72,40.52,71.19,Routine progress update
PR-01946,MPL-0396,2026-01-14,Planning,13.62,13.31,15.14,Routine progress update
PR-01947,MPL-0396,2026-02-28,Foundation,27.24,30.72,30.28,Routine progress update
PR-01948,MPL-0396,2026-04-14,Execution,40.86,42.14,45.41,Routine progress update
PR-01949,MPL-0396,2026-05-29,Finishing,54.49,58.72,60.55,Routine progress update
PR-01950,MPL-0397,2026-01-11,Planning,8.87,4.65,17.33,Routine progress update
PR-01951,MPL-0397,2026-02-25,Foundation,17.74,22.15,34.67,Routine progress update
PR-01952,MPL-0397,2026-04-11,Execution,26.62,27.46,52.0,Routine progress update
PR-01953,MPL-0397,2026-05-26,Finishing,35.49,35.48,69.33,Routine progress update
PR-01954,MPL-0397,2026-07-10,Inspection,44.36,36.65,86.67,Routine progress update
PR-01955,MPL-0397,2026-08-24,Completion,53.23,56.14,100.0,Routine progress update
PR-01956,MPL-0397,2026-10-08,Completion,62.11,57.51,100.0,Routine progress update
PR-01957,MPL-0398,2026-03-14,Planning,16.5,17.71,24.1,Routine progress update
PR-01958,MPL-0398,2026-04-28,Foundation,33.0,28.3,48.21,Routine progress update
PR-01959,MPL-0398,2026-06-12,Execution,49.51,45.44,72.31,Routine progress update
PR-01960,MPL-0399,2026-02-16,Planning,20.23,18.27,24.15,Routine progress update
PR-01961,MPL-0399,2026-04-02,Foundation,40.46,22.88,48.3,Routine progress update
PR-01962,MPL-0399,2026-05-17,Execution,60.69,53.57,72.44,Routine progress update
PR-01963,MPL-0400,2026-02-22,Planning,9.0,16.0,10.32,Routine progress update
PR-01964,MPL-0400,2026-04-08,Foundation,17.99,18.44,20.63,Routine progress update
PR-01965,MPL-0400,2026-05-23,Execution,26.99,20.59,30.95,Routine progress update
PR-01966,MPL-0400,2026-07-07,Finishing,35.99,35.16,41.27,Routine progress update
PR-01967,MPL-0400,2026-08-21,Inspection,44.99,44.94,51.58,Routine progress update
PR-01968,MPL-0400,2026-10-05,Completion,53.98,50.89,61.9,Routine progress update
PR-01969,MPL-0400,2026-11-19,Completion,62.98,56.69,72.22,Routine progress update
PR-01970,MPL-0401,2026-01-07,Planning,14.17,13.45,18.85,Routine progress update
PR-01971,MPL-0401,2026-02-21,Foundation,28.34,27.85,37.71,Routine progress update
PR-01972,MPL-0401,2026-04-07,Execution,42.51,46.04,56.56,Routine progress update
PR-01973,MPL-0401,2026-05-22,Finishing,56.68,52.04,75.41,Routine progress update
PR-01974,MPL-0402,2026-03-26,Planning,13.22,12.75,15.98,Routine progress update
PR-01975,MPL-0402,2026-05-10,Foundation,26.44,34.86,31.96,Routine progress update
PR-01976,MPL-0402,2026-06-24,Execution,39.65,49.26,47.94,Routine progress update
PR-01977,MPL-0402,2026-08-08,Finishing,52.87,51.05,63.92,Routine progress update
PR-01978,MPL-0403,2026-04-08,Planning,14.68,11.33,4.95,Routine progress update
PR-01979,MPL-0403,2026-05-23,Foundation,29.36,30.62,9.91,Routine progress update
PR-01980,MPL-0403,2026-07-07,Execution,44.04,51.13,14.86,Routine progress update
PR-01981,MPL-0403,2026-08-21,Finishing,58.72,56.1,19.82,Routine progress update
PR-01982,MPL-0403,2026-10-05,Inspection,73.4,79.05,24.77,Routine progress update
PR-01983,MPL-0403,2026-11-19,Completion,88.08,93.22,29.73,Routine progress update
PR-01984,MPL-0404,2026-04-21,Planning,18.25,12.35,14.83,Routine progress update
PR-01985,MPL-0404,2026-06-05,Foundation,36.5,7.38,29.65,Routine progress update
PR-01986,MPL-0404,2026-07-20,Execution,54.75,21.51,44.48,Routine progress update
PR-01987,MPL-0405,2026-06-11,Planning,29.51,28.9,19.77,Routine progress update
PR-01988,MPL-0405,2026-07-26,Foundation,59.02,66.82,39.55,Routine progress update
PR-01989,MPL-0405,2026-09-09,Execution,88.53,93.8,59.32,Routine progress update
PR-01990,MPL-0406,2026-02-02,Planning,9.11,0.0,10.59,Routine progress update
PR-01991,MPL-0406,2026-03-19,Foundation,18.22,8.0,21.19,Routine progress update
PR-01992,MPL-0406,2026-05-03,Execution,27.33,5.32,31.78,Routine progress update
PR-01993,MPL-0406,2026-06-17,Finishing,36.44,13.16,42.37,Routine progress update
PR-01994,MPL-0406,2026-08-01,Inspection,45.55,10.51,52.97,Routine progress update
PR-01995,MPL-0406,2026-09-15,Completion,54.66,17.96,63.56,Routine progress update
PR-01996,MPL-0406,2026-10-30,Completion,63.77,17.78,74.15,Routine progress update
PR-01997,MPL-0407,2026-05-09,Planning,6.41,18.31,17.88,Routine progress update
PR-01998,MPL-0407,2026-06-23,Foundation,12.82,10.33,35.76,Routine progress update
PR-01999,MPL-0407,2026-08-07,Execution,19.23,17.34,53.64,Routine progress update
PR-02000,MPL-0407,2026-09-21,Finishing,25.64,19.16,71.52,Routine progress update
PR-02001,MPL-0407,2026-11-05,Inspection,32.05,26.36,89.4,Routine progress update
PR-02002,MPL-0407,2026-12-20,Completion,38.46,20.81,100.0,Routine progress update
PR-02003,MPL-0407,2027-02-03,Completion,44.88,38.75,100.0,Routine progress update
PR-02004,MPL-0408,2026-06-04,Planning,12.88,9.76,6.24,Routine progress update
PR-02005,MPL-0408,2026-07-19,Foundation,25.76,10.36,12.47,Routine progress update
PR-02006,MPL-0408,2026-09-02,Execution,38.63,7.9,18.71,Routine progress update
PR-02007,MPL-0408,2026-10-17,Finishing,51.51,14.34,24.95,Routine progress update
PR-02008,MPL-0408,2026-12-01,Inspection,64.39,12.21,31.18,Routine progress update
PR-02009,MPL-0409,2026-03-19,Planning,8.23,9.82,15.29,Routine progress update
PR-02010,MPL-0409,2026-05-03,Foundation,16.46,7.78,30.58,Routine progress update
PR-02011,MPL-0409,2026-06-17,Execution,24.69,17.59,45.86,Routine progress update
PR-02012,MPL-0409,2026-08-01,Finishing,32.92,22.99,61.15,Routine progress update
PR-02013,MPL-0409,2026-09-15,Inspection,41.16,35.46,76.44,Routine progress update
PR-02014,MPL-0410,2026-04-29,Planning,7.36,6.26,10.37,Routine progress update
PR-02015,MPL-0410,2026-06-13,Foundation,14.71,15.07,20.75,Routine progress update
PR-02016,MPL-0410,2026-07-28,Execution,22.07,19.93,31.12,Routine progress update
PR-02017,MPL-0410,2026-09-11,Finishing,29.42,29.1,41.49,Routine progress update
PR-02018,MPL-0410,2026-10-26,Inspection,36.78,28.62,51.86,Routine progress update
PR-02019,MPL-0410,2026-12-10,Completion,44.14,42.97,62.24,Routine progress update
PR-02020,MPL-0411,2026-01-27,Planning,14.47,6.25,13.92,Routine progress update
PR-02021,MPL-0411,2026-03-13,Foundation,28.93,31.81,27.83,Routine progress update
PR-02022,MPL-0411,2026-04-27,Execution,43.4,39.11,41.75,Routine progress update
PR-02023,MPL-0411,2026-06-11,Finishing,57.86,54.8,55.67,Routine progress update
PR-02024,MPL-0412,2026-05-16,Planning,5.5,8.87,6.73,Routine progress update
PR-02025,MPL-0412,2026-06-30,Foundation,11.0,15.43,13.46,Routine progress update
PR-02026,MPL-0412,2026-08-14,Execution,16.5,22.2,20.19,Routine progress update
PR-02027,MPL-0412,2026-09-28,Finishing,22.0,20.82,26.92,Routine progress update
PR-02028,MPL-0412,2026-11-12,Inspection,27.5,38.75,33.65,Routine progress update
PR-02029,MPL-0412,2026-12-27,Completion,32.99,35.94,40.38,Routine progress update
PR-02030,MPL-0412,2027-02-10,Completion,38.49,43.07,47.11,Routine progress update
PR-02031,MPL-0413,2026-03-01,Planning,13.41,16.28,17.41,Routine progress update
PR-02032,MPL-0413,2026-04-15,Foundation,26.83,26.3,34.83,Routine progress update
PR-02033,MPL-0413,2026-05-30,Execution,40.24,42.41,52.24,Routine progress update
PR-02034,MPL-0413,2026-07-14,Finishing,53.65,46.27,69.65,Routine progress update
PR-02035,MPL-0414,2026-06-09,Planning,23.9,21.98,11.86,Routine progress update
PR-02036,MPL-0414,2026-07-24,Foundation,47.79,42.56,23.72,Routine progress update
PR-02037,MPL-0414,2026-09-07,Execution,71.69,60.49,35.57,Routine progress update
PR-02038,MPL-0415,2026-04-02,Planning,21.05,9.93,7.09,Routine progress update
PR-02039,MPL-0415,2026-05-17,Foundation,42.1,35.6,14.19,Routine progress update
PR-02040,MPL-0415,2026-07-01,Execution,63.15,54.52,21.28,Routine progress update
PR-02041,MPL-0415,2026-08-15,Finishing,84.2,71.43,28.37,Routine progress update
PR-02042,MPL-0416,2026-03-10,Planning,17.06,7.29,6.92,Routine progress update
PR-02043,MPL-0416,2026-04-24,Foundation,34.12,35.64,13.84,Routine progress update
PR-02044,MPL-0416,2026-06-08,Execution,51.18,41.34,20.75,Routine progress update
PR-02045,MPL-0416,2026-07-23,Finishing,68.24,57.64,27.67,Routine progress update
PR-02046,MPL-0417,2026-01-27,Planning,14.18,3.12,6.75,Routine progress update
PR-02047,MPL-0417,2026-03-13,Foundation,28.37,31.9,13.49,Routine progress update
PR-02048,MPL-0417,2026-04-27,Execution,42.55,36.41,20.24,Routine progress update
PR-02049,MPL-0417,2026-06-11,Finishing,56.74,51.43,26.99,Routine progress update
PR-02050,MPL-0417,2026-07-26,Inspection,70.92,68.28,33.74,Routine progress update
PR-02051,MPL-0417,2026-09-09,Completion,85.1,73.85,40.48,Routine progress update
PR-02052,MPL-0418,2026-03-04,Planning,5.67,8.98,9.29,Routine progress update
PR-02053,MPL-0418,2026-04-18,Foundation,11.34,2.01,18.57,Routine progress update
PR-02054,MPL-0418,2026-06-02,Execution,17.01,17.58,27.86,Routine progress update
PR-02055,MPL-0418,2026-07-17,Finishing,22.68,26.79,37.15,Routine progress update
PR-02056,MPL-0418,2026-08-31,Inspection,28.35,23.31,46.43,Routine progress update
PR-02057,MPL-0418,2026-10-15,Completion,34.02,35.23,55.72,Routine progress update
PR-02058,MPL-0418,2026-11-29,Completion,39.69,43.22,65.01,Routine progress update
PR-02059,MPL-0419,2026-04-28,Planning,7.33,4.55,5.11,Routine progress update
PR-02060,MPL-0419,2026-06-12,Foundation,14.65,9.79,10.21,Routine progress update
PR-02061,MPL-0419,2026-07-27,Execution,21.98,13.11,15.32,Routine progress update
PR-02062,MPL-0419,2026-09-10,Finishing,29.31,20.23,20.42,Routine progress update
PR-02063,MPL-0419,2026-10-25,Inspection,36.64,24.58,25.53,Routine progress update
PR-02064,MPL-0420,2026-06-19,Planning,12.68,10.45,9.62,Routine progress update
PR-02065,MPL-0420,2026-08-03,Foundation,25.36,32.89,19.24,Routine progress update
PR-02066,MPL-0420,2026-09-17,Execution,38.05,38.98,28.86,Routine progress update
PR-02067,MPL-0420,2026-11-01,Finishing,50.73,57.23,38.49,Routine progress update
PR-02068,MPL-0420,2026-12-16,Inspection,63.41,70.39,48.11,Routine progress update
PR-02069,MPL-0420,2027-01-30,Completion,76.09,90.28,57.73,Routine progress update
PR-02070,MPL-0420,2027-03-16,Completion,88.78,96.32,67.35,Routine progress update
PR-02071,MPL-0421,2026-05-16,Planning,11.91,11.94,10.77,Routine progress update
PR-02072,MPL-0421,2026-06-30,Foundation,23.82,23.99,21.54,Routine progress update
PR-02073,MPL-0421,2026-08-14,Execution,35.72,37.19,32.31,Routine progress update
PR-02074,MPL-0421,2026-09-28,Finishing,47.63,39.57,43.08,Routine progress update
PR-02075,MPL-0421,2026-11-12,Inspection,59.54,49.58,53.85,Routine progress update
PR-02076,MPL-0422,2026-03-27,Planning,8.39,6.1,23.54,Routine progress update
PR-02077,MPL-0422,2026-05-11,Foundation,16.77,29.65,47.08,Routine progress update
PR-02078,MPL-0422,2026-06-25,Execution,25.16,36.59,70.61,Routine progress update
PR-02079,MPL-0422,2026-08-09,Finishing,33.54,41.23,94.15,Routine progress update
PR-02080,MPL-0422,2026-09-23,Inspection,41.93,59.48,100.0,Routine progress update
PR-02081,MPL-0423,2026-01-16,Planning,6.97,7.33,12.48,Routine progress update
PR-02082,MPL-0423,2026-03-02,Foundation,13.94,18.38,24.96,Routine progress update
PR-02083,MPL-0423,2026-04-16,Execution,20.9,23.27,37.45,Routine progress update
PR-02084,MPL-0423,2026-05-31,Finishing,27.87,32.56,49.93,Routine progress update
PR-02085,MPL-0423,2026-07-15,Inspection,34.84,39.88,62.41,Routine progress update
PR-02086,MPL-0423,2026-08-29,Completion,41.81,44.75,74.89,Routine progress update
PR-02087,MPL-0424,2026-03-18,Planning,22.17,23.56,15.01,Routine progress update
PR-02088,MPL-0424,2026-05-02,Foundation,44.33,41.25,30.01,Routine progress update
PR-02089,MPL-0424,2026-06-16,Execution,66.5,61.69,45.02,Routine progress update
PR-02090,MPL-0425,2026-04-16,Planning,7.03,7.09,4.86,Routine progress update
PR-02091,MPL-0425,2026-05-31,Foundation,14.05,8.0,9.71,Routine progress update
PR-02092,MPL-0425,2026-07-15,Execution,21.08,24.28,14.57,Routine progress update
PR-02093,MPL-0425,2026-08-29,Finishing,28.1,22.2,19.43,Routine progress update
PR-02094,MPL-0425,2026-10-13,Inspection,35.13,30.52,24.28,Routine progress update
PR-02095,MPL-0425,2026-11-27,Completion,42.15,37.42,29.14,Routine progress update
PR-02096,MPL-0426,2026-02-11,Planning,20.06,24.59,17.4,Routine progress update
PR-02097,MPL-0426,2026-03-28,Foundation,40.12,49.98,34.8,Routine progress update
PR-02098,MPL-0426,2026-05-12,Execution,60.17,73.76,52.2,Routine progress update
PR-02099,MPL-0427,2026-01-29,Planning,10.63,8.16,6.86,Routine progress update
PR-02100,MPL-0427,2026-03-15,Foundation,21.25,24.62,13.72,Routine progress update
PR-02101,MPL-0427,2026-04-29,Execution,31.88,26.1,20.58,Routine progress update
PR-02102,MPL-0427,2026-06-13,Finishing,42.5,37.58,27.44,Routine progress update
PR-02103,MPL-0427,2026-07-28,Inspection,53.13,43.74,34.3,Routine progress update
PR-02104,MPL-0427,2026-09-11,Completion,63.75,51.65,41.16,Routine progress update
PR-02105,MPL-0428,2026-05-06,Planning,13.81,17.52,9.23,Routine progress update
PR-02106,MPL-0428,2026-06-20,Foundation,27.62,39.17,18.46,Routine progress update
PR-02107,MPL-0428,2026-08-04,Execution,41.44,38.58,27.69,Routine progress update
PR-02108,MPL-0428,2026-09-18,Finishing,55.25,58.23,36.91,Routine progress update
PR-02109,MPL-0428,2026-11-02,Inspection,69.06,65.41,46.14,Routine progress update
PR-02110,MPL-0428,2026-12-17,Completion,82.87,80.02,55.37,Routine progress update
PR-02111,MPL-0429,2026-04-26,Planning,7.56,15.39,8.6,Routine progress update
PR-02112,MPL-0429,2026-06-10,Foundation,15.11,12.42,17.21,Routine progress update
PR-02113,MPL-0429,2026-07-25,Execution,22.67,19.71,25.81,Routine progress update
PR-02114,MPL-0429,2026-09-08,Finishing,30.22,33.07,34.41,Routine progress update
PR-02115,MPL-0429,2026-10-23,Inspection,37.78,44.43,43.01,Routine progress update
PR-02116,MPL-0429,2026-12-07,Completion,45.33,51.98,51.62,Routine progress update
PR-02117,MPL-0429,2027-01-21,Completion,52.89,59.93,60.22,Routine progress update
PR-02118,MPL-0430,2026-01-07,Planning,7.43,7.88,18.14,Routine progress update
PR-02119,MPL-0430,2026-02-21,Foundation,14.85,18.63,36.28,Routine progress update
PR-02120,MPL-0430,2026-04-07,Execution,22.28,11.57,54.42,Routine progress update
PR-02121,MPL-0430,2026-05-22,Finishing,29.71,27.96,72.55,Routine progress update
PR-02122,MPL-0430,2026-07-06,Inspection,37.13,38.33,90.69,Routine progress update
PR-02123,MPL-0430,2026-08-20,Completion,44.56,49.26,100.0,Routine progress update
PR-02124,MPL-0430,2026-10-04,Completion,51.99,60.14,100.0,Routine progress update
PR-02125,MPL-0431,2026-02-22,Planning,22.29,15.37,17.76,Routine progress update
PR-02126,MPL-0431,2026-04-08,Foundation,44.58,43.65,35.52,Routine progress update
PR-02127,MPL-0431,2026-05-23,Execution,66.88,54.93,53.28,Routine progress update
PR-02128,MPL-0432,2026-03-07,Planning,11.06,8.33,28.01,Routine progress update
PR-02129,MPL-0432,2026-04-21,Foundation,22.12,20.03,56.03,Routine progress update
PR-02130,MPL-0432,2026-06-05,Execution,33.19,25.75,84.04,Routine progress update
PR-02131,MPL-0432,2026-07-20,Finishing,44.25,39.86,100.0,Routine progress update
PR-02132,MPL-0433,2026-02-06,Planning,12.4,1.09,1.15,Routine progress update
PR-02133,MPL-0433,2026-03-23,Foundation,24.8,3.86,2.31,Routine progress update
PR-02134,MPL-0433,2026-05-07,Execution,37.19,12.33,3.46,Routine progress update
PR-02135,MPL-0433,2026-06-21,Finishing,49.59,7.78,4.61,Routine progress update
PR-02136,MPL-0433,2026-08-05,Inspection,61.99,14.54,5.77,Routine progress update
PR-02137,MPL-0433,2026-09-19,Completion,74.39,9.61,6.92,Routine progress update
PR-02138,MPL-0433,2026-11-03,Completion,86.79,26.23,8.07,Routine progress update
PR-02139,MPL-0434,2026-01-05,Planning,8.12,13.9,23.61,Routine progress update
PR-02140,MPL-0434,2026-02-19,Foundation,16.23,29.15,47.23,Routine progress update
PR-02141,MPL-0434,2026-04-05,Execution,24.35,32.57,70.84,Routine progress update
PR-02142,MPL-0434,2026-05-20,Finishing,32.47,31.78,94.46,Routine progress update
PR-02143,MPL-0434,2026-07-04,Inspection,40.58,48.04,100.0,Routine progress update
PR-02144,MPL-0435,2026-05-18,Planning,9.32,7.12,18.98,Routine progress update
PR-02145,MPL-0435,2026-07-02,Foundation,18.65,27.9,37.97,Routine progress update
PR-02146,MPL-0435,2026-08-16,Execution,27.97,27.98,56.95,Routine progress update
PR-02147,MPL-0435,2026-09-30,Finishing,37.3,38.58,75.94,Routine progress update
PR-02148,MPL-0436,2026-05-30,Planning,12.87,4.34,5.95,Routine progress update
PR-02149,MPL-0436,2026-07-14,Foundation,25.75,19.61,11.9,Routine progress update
PR-02150,MPL-0436,2026-08-28,Execution,38.62,29.59,17.85,Routine progress update
PR-02151,MPL-0436,2026-10-12,Finishing,51.5,38.08,23.8,Routine progress update
PR-02152,MPL-0436,2026-11-26,Inspection,64.37,61.87,29.75,Routine progress update
PR-02153,MPL-0437,2026-04-26,Planning,17.93,12.42,28.31,Routine progress update
PR-02154,MPL-0437,2026-06-10,Foundation,35.86,22.26,56.62,Routine progress update
PR-02155,MPL-0437,2026-07-25,Execution,53.79,37.27,84.93,Routine progress update
PR-02156,MPL-0438,2026-06-16,Planning,11.54,12.96,8.66,Routine progress update
PR-02157,MPL-0438,2026-07-31,Foundation,23.08,20.87,17.32,Routine progress update
PR-02158,MPL-0438,2026-09-14,Execution,34.61,29.0,25.98,Routine progress update
PR-02159,MPL-0438,2026-10-29,Finishing,46.15,44.52,34.65,Routine progress update
PR-02160,MPL-0438,2026-12-13,Inspection,57.69,65.69,43.31,Routine progress update
PR-02161,MPL-0438,2027-01-27,Completion,69.23,66.58,51.97,Routine progress update
PR-02162,MPL-0438,2027-03-13,Completion,80.76,84.95,60.63,Routine progress update
PR-02163,MPL-0439,2026-04-24,Planning,16.82,23.71,39.7,Routine progress update
PR-02164,MPL-0439,2026-06-08,Foundation,33.64,40.3,79.41,Routine progress update
PR-02165,MPL-0439,2026-07-23,Execution,50.46,60.33,100.0,Routine progress update
PR-02166,MPL-0440,2026-06-13,Planning,15.63,16.19,8.82,Routine progress update
PR-02167,MPL-0440,2026-07-28,Foundation,31.26,28.65,17.63,Routine progress update
PR-02168,MPL-0440,2026-09-11,Execution,46.89,47.14,26.45,Routine progress update
PR-02169,MPL-0440,2026-10-26,Finishing,62.52,50.11,35.27,Routine progress update
PR-02170,MPL-0441,2026-03-12,Planning,14.72,16.17,9.59,Routine progress update
PR-02171,MPL-0441,2026-04-26,Foundation,29.45,23.14,19.19,Routine progress update
PR-02172,MPL-0441,2026-06-10,Execution,44.17,37.33,28.78,Routine progress update
PR-02173,MPL-0441,2026-07-25,Finishing,58.89,60.51,38.38,Routine progress update
PR-02174,MPL-0441,2026-09-08,Inspection,73.62,78.21,47.97,Routine progress update
PR-02175,MPL-0441,2026-10-23,Completion,88.34,97.77,57.57,Routine progress update
PR-02176,MPL-0442,2026-03-12,Planning,9.15,12.04,1.74,Routine progress update
PR-02177,MPL-0442,2026-04-26,Foundation,18.29,10.0,3.49,Routine progress update
PR-02178,MPL-0442,2026-06-10,Execution,27.44,9.99,5.23,Routine progress update
PR-02179,MPL-0442,2026-07-25,Finishing,36.59,10.09,6.97,Routine progress update
PR-02180,MPL-0442,2026-09-08,Inspection,45.73,5.68,8.72,Routine progress update
PR-02181,MPL-0442,2026-10-23,Completion,54.88,13.58,10.46,Routine progress update
PR-02182,MPL-0443,2026-01-20,Planning,5.49,10.91,3.78,Routine progress update
PR-02183,MPL-0443,2026-03-06,Foundation,10.99,15.08,7.56,Routine progress update
PR-02184,MPL-0443,2026-04-20,Execution,16.48,12.09,11.35,Routine progress update
PR-02185,MPL-0443,2026-06-04,Finishing,21.98,25.43,15.13,Routine progress update
PR-02186,MPL-0443,2026-07-19,Inspection,27.47,30.84,18.91,Routine progress update
PR-02187,MPL-0443,2026-09-02,Completion,32.96,35.87,22.69,Routine progress update
PR-02188,MPL-0443,2026-10-17,Completion,38.46,40.1,26.48,Routine progress update
PR-02189,MPL-0444,2026-05-14,Planning,9.87,13.22,8.31,Routine progress update
PR-02190,MPL-0444,2026-06-28,Foundation,19.74,23.9,16.61,Routine progress update
PR-02191,MPL-0444,2026-08-12,Execution,29.6,29.1,24.92,Routine progress update
PR-02192,MPL-0444,2026-09-26,Finishing,39.47,44.04,33.22,Routine progress update
PR-02193,MPL-0444,2026-11-10,Inspection,49.34,52.02,41.53,Routine progress update
PR-02194,MPL-0444,2026-12-25,Completion,59.21,57.38,49.84,Routine progress update
PR-02195,MPL-0444,2027-02-08,Completion,69.08,71.64,58.14,Routine progress update
PR-02196,MPL-0445,2026-01-15,Planning,13.53,3.69,9.26,Routine progress update
PR-02197,MPL-0445,2026-03-01,Foundation,27.07,23.81,18.51,Routine progress update
PR-02198,MPL-0445,2026-04-15,Execution,40.6,31.25,27.77,Routine progress update
PR-02199,MPL-0446,2026-04-29,Planning,13.42,14.15,16.62,Routine progress update
PR-02200,MPL-0446,2026-06-13,Foundation,26.84,36.83,33.25,Routine progress update
PR-02201,MPL-0446,2026-07-28,Execution,40.26,47.0,49.87,Routine progress update
PR-02202,MPL-0446,2026-09-11,Finishing,53.68,56.58,66.5,Routine progress update
PR-02203,MPL-0447,2026-03-07,Planning,9.91,1.94,13.45,Routine progress update
PR-02204,MPL-0447,2026-04-21,Foundation,19.82,13.92,26.91,Routine progress update
PR-02205,MPL-0447,2026-06-05,Execution,29.73,8.41,40.36,Routine progress update
PR-02206,MPL-0447,2026-07-20,Finishing,39.64,15.88,53.81,Routine progress update
PR-02207,MPL-0447,2026-09-03,Inspection,49.55,21.45,67.26,Routine progress update
PR-02208,MPL-0447,2026-10-18,Completion,59.45,24.53,80.72,Routine progress update
PR-02209,MPL-0448,2026-01-15,Planning,11.75,13.17,2.17,Routine progress update
PR-02210,MPL-0448,2026-03-01,Foundation,23.49,2.05,4.35,Routine progress update
PR-02211,MPL-0448,2026-04-15,Execution,35.24,5.82,6.52,Routine progress update
PR-02212,MPL-0448,2026-05-30,Finishing,46.99,8.86,8.69,Routine progress update
PR-02213,MPL-0448,2026-07-14,Inspection,58.73,15.69,10.86,Routine progress update
PR-02214,MPL-0448,2026-08-28,Completion,70.48,24.65,13.04,Routine progress update
PR-02215,MPL-0448,2026-10-12,Completion,82.23,19.5,15.21,Routine progress update
PR-02216,MPL-0449,2026-03-18,Planning,13.86,19.66,8.55,Routine progress update
PR-02217,MPL-0449,2026-05-02,Foundation,27.73,30.55,17.09,Routine progress update
PR-02218,MPL-0449,2026-06-16,Execution,41.59,41.17,25.64,Routine progress update
PR-02219,MPL-0449,2026-07-31,Finishing,55.46,53.81,34.19,Routine progress update
PR-02220,MPL-0449,2026-09-14,Inspection,69.32,69.9,42.74,Routine progress update
PR-02221,MPL-0449,2026-10-29,Completion,83.19,88.55,51.28,Routine progress update
PR-02222,MPL-0450,2026-02-17,Planning,5.24,2.84,5.77,Routine progress update
PR-02223,MPL-0450,2026-04-03,Foundation,10.47,12.42,11.54,Routine progress update
PR-02224,MPL-0450,2026-05-18,Execution,15.71,13.76,17.31,Routine progress update
PR-02225,MPL-0450,2026-07-02,Finishing,20.94,10.73,23.09,Routine progress update
PR-02226,MPL-0450,2026-08-16,Inspection,26.18,19.24,28.86,Routine progress update
PR-02227,MPL-0450,2026-09-30,Completion,31.42,27.73,34.63,Routine progress update
PR-02228,MPL-0450,2026-11-14,Completion,36.65,32.14,40.4,Routine progress update
PR-02229,MPL-0451,2026-03-04,Planning,8.23,5.35,20.01,Routine progress update
PR-02230,MPL-0451,2026-04-18,Foundation,16.47,17.04,40.02,Routine progress update
PR-02231,MPL-0451,2026-06-02,Execution,24.7,25.37,60.03,Routine progress update
PR-02232,MPL-0451,2026-07-17,Finishing,32.93,20.39,80.04,Routine progress update
PR-02233,MPL-0451,2026-08-31,Inspection,41.17,30.97,100.0,Routine progress update
PR-02234,MPL-0451,2026-10-15,Completion,49.4,48.5,100.0,Routine progress update
PR-02235,MPL-0452,2026-04-22,Planning,14.3,14.02,5.86,Routine progress update
PR-02236,MPL-0452,2026-06-06,Foundation,28.61,18.72,11.72,Routine progress update
PR-02237,MPL-0452,2026-07-21,Execution,42.91,45.17,17.58,Routine progress update
PR-02238,MPL-0452,2026-09-04,Finishing,57.22,65.38,23.44,Routine progress update
PR-02239,MPL-0452,2026-10-19,Inspection,71.52,76.12,29.3,Routine progress update
PR-02240,MPL-0452,2026-12-03,Completion,85.83,94.18,35.16,Routine progress update
PR-02241,MPL-0453,2026-03-25,Planning,11.86,16.57,10.9,Routine progress update
PR-02242,MPL-0453,2026-05-09,Foundation,23.72,24.22,21.81,Routine progress update
PR-02243,MPL-0453,2026-06-23,Execution,35.57,36.38,32.71,Routine progress update
PR-02244,MPL-0453,2026-08-07,Finishing,47.43,51.89,43.61,Routine progress update
PR-02245,MPL-0453,2026-09-21,Inspection,59.29,64.81,54.52,Routine progress update
PR-02246,MPL-0453,2026-11-05,Completion,71.15,77.14,65.42,Routine progress update
PR-02247,MPL-0453,2026-12-20,Completion,83.01,90.12,76.32,Routine progress update
PR-02248,MPL-0454,2026-04-06,Planning,14.84,11.76,10.12,Routine progress update
PR-02249,MPL-0454,2026-05-21,Foundation,29.67,32.5,20.25,Routine progress update
PR-02250,MPL-0454,2026-07-05,Execution,44.51,46.65,30.37,Routine progress update
PR-02251,MPL-0454,2026-08-19,Finishing,59.35,53.65,40.49,Routine progress update
PR-02252,MPL-0454,2026-10-03,Inspection,74.19,72.19,50.61,Routine progress update
PR-02253,MPL-0455,2026-04-26,Planning,20.97,21.48,18.65,Routine progress update
PR-02254,MPL-0455,2026-06-10,Foundation,41.94,40.09,37.29,Routine progress update
PR-02255,MPL-0455,2026-07-25,Execution,62.91,65.89,55.94,Routine progress update
PR-02256,MPL-0455,2026-09-08,Finishing,83.88,84.18,74.58,Routine progress update
PR-02257,MPL-0456,2026-06-09,Planning,14.37,16.47,10.45,Routine progress update
PR-02258,MPL-0456,2026-07-24,Foundation,28.75,29.99,20.9,Routine progress update
PR-02259,MPL-0456,2026-09-07,Execution,43.12,39.42,31.35,Routine progress update
PR-02260,MPL-0456,2026-10-22,Finishing,57.49,54.99,41.8,Routine progress update
PR-02261,MPL-0457,2026-06-14,Planning,13.47,6.68,3.09,Routine progress update
PR-02262,MPL-0457,2026-07-29,Foundation,26.94,9.7,6.19,Routine progress update
PR-02263,MPL-0457,2026-09-12,Execution,40.41,14.7,9.28,Routine progress update
PR-02264,MPL-0458,2026-03-14,Planning,14.33,15.06,14.93,Routine progress update
PR-02265,MPL-0458,2026-04-28,Foundation,28.66,29.9,29.87,Routine progress update
PR-02266,MPL-0458,2026-06-12,Execution,42.99,47.43,44.8,Routine progress update
PR-02267,MPL-0458,2026-07-27,Finishing,57.32,59.85,59.73,Routine progress update
PR-02268,MPL-0459,2026-04-30,Planning,5.67,10.78,6.82,Routine progress update
PR-02269,MPL-0459,2026-06-14,Foundation,11.35,13.92,13.64,Routine progress update
PR-02270,MPL-0459,2026-07-29,Execution,17.02,18.65,20.45,Routine progress update
PR-02271,MPL-0459,2026-09-12,Finishing,22.7,27.25,27.27,Routine progress update
PR-02272,MPL-0459,2026-10-27,Inspection,28.37,29.75,34.09,Routine progress update
PR-02273,MPL-0459,2026-12-11,Completion,34.05,38.19,40.91,Routine progress update
PR-02274,MPL-0459,2027-01-25,Completion,39.72,47.04,47.73,Routine progress update
PR-02275,MPL-0460,2026-05-08,Planning,14.51,15.94,11.59,Routine progress update
PR-02276,MPL-0460,2026-06-22,Foundation,29.03,30.14,23.19,Routine progress update
PR-02277,MPL-0460,2026-08-06,Execution,43.54,40.3,34.78,Routine progress update
PR-02278,MPL-0460,2026-09-20,Finishing,58.05,63.69,46.38,Routine progress update
PR-02279,MPL-0461,2026-06-05,Planning,6.6,5.15,7.62,Routine progress update
PR-02280,MPL-0461,2026-07-20,Foundation,13.21,10.21,15.24,Routine progress update
PR-02281,MPL-0461,2026-09-03,Execution,19.81,7.22,22.85,Routine progress update
PR-02282,MPL-0461,2026-10-18,Finishing,26.42,7.27,30.47,Routine progress update
PR-02283,MPL-0461,2026-12-02,Inspection,33.02,5.03,38.09,Routine progress update
PR-02284,MPL-0461,2027-01-16,Completion,39.63,16.87,45.71,Routine progress update
PR-02285,MPL-0461,2027-03-02,Completion,46.23,13.71,53.33,Routine progress update
PR-02286,MPL-0462,2026-05-06,Planning,29.32,28.18,12.45,Routine progress update
PR-02287,MPL-0462,2026-06-20,Foundation,58.64,53.79,24.9,Routine progress update
PR-02288,MPL-0462,2026-08-04,Execution,87.96,80.94,37.35,Routine progress update
PR-02289,MPL-0463,2026-02-03,Planning,8.06,11.94,5.13,Routine progress update
PR-02290,MPL-0463,2026-03-20,Foundation,16.11,14.28,10.27,Routine progress update
PR-02291,MPL-0463,2026-05-04,Execution,24.17,34.05,15.4,Routine progress update
PR-02292,MPL-0463,2026-06-18,Finishing,32.23,42.36,20.54,Routine progress update
PR-02293,MPL-0463,2026-08-02,Inspection,40.28,44.49,25.67,Routine progress update
PR-02294,MPL-0463,2026-09-16,Completion,48.34,51.64,30.81,Routine progress update
PR-02295,MPL-0463,2026-10-31,Completion,56.39,56.21,35.94,Routine progress update
PR-02296,MPL-0464,2026-01-02,Planning,11.38,5.28,7.07,Routine progress update
PR-02297,MPL-0464,2026-02-16,Foundation,22.76,23.49,14.14,Routine progress update
PR-02298,MPL-0464,2026-04-02,Execution,34.13,32.11,21.22,Routine progress update
PR-02299,MPL-0464,2026-05-17,Finishing,45.51,43.11,28.29,Routine progress update
PR-02300,MPL-0464,2026-07-01,Inspection,56.89,44.03,35.36,Routine progress update
PR-02301,MPL-0464,2026-08-15,Completion,68.27,60.11,42.43,Routine progress update
PR-02302,MPL-0465,2026-04-11,Planning,8.26,12.58,8.25,Routine progress update
PR-02303,MPL-0465,2026-05-26,Foundation,16.52,13.84,16.5,Routine progress update
PR-02304,MPL-0465,2026-07-10,Execution,24.78,16.24,24.75,Routine progress update
PR-02305,MPL-0465,2026-08-24,Finishing,33.04,28.0,32.99,Routine progress update
PR-02306,MPL-0465,2026-10-08,Inspection,41.31,32.47,41.24,Routine progress update
PR-02307,MPL-0465,2026-11-22,Completion,49.57,44.0,49.49,Routine progress update
PR-02308,MPL-0465,2027-01-06,Completion,57.83,49.86,57.74,Routine progress update
PR-02309,MPL-0466,2026-03-16,Planning,10.68,11.82,7.31,Routine progress update
PR-02310,MPL-0466,2026-04-30,Foundation,21.35,14.42,14.62,Routine progress update
PR-02311,MPL-0466,2026-06-14,Execution,32.03,27.14,21.92,Routine progress update
PR-02312,MPL-0466,2026-07-29,Finishing,42.7,42.94,29.23,Routine progress update
PR-02313,MPL-0466,2026-09-12,Inspection,53.38,42.81,36.54,Routine progress update
PR-02314,MPL-0466,2026-10-27,Completion,64.06,53.86,43.85,Routine progress update
PR-02315,MPL-0466,2026-12-11,Completion,74.73,68.31,51.15,Routine progress update
PR-02316,MPL-0467,2026-02-23,Planning,14.03,15.75,9.9,Routine progress update
PR-02317,MPL-0467,2026-04-09,Foundation,28.06,27.25,19.79,Routine progress update
PR-02318,MPL-0467,2026-05-24,Execution,42.08,42.69,29.69,Routine progress update
PR-02319,MPL-0467,2026-07-08,Finishing,56.11,60.53,39.58,Routine progress update
PR-02320,MPL-0467,2026-08-22,Inspection,70.14,76.4,49.48,Routine progress update
PR-02321,MPL-0468,2026-05-05,Planning,9.67,7.17,6.49,Routine progress update
PR-02322,MPL-0468,2026-06-19,Foundation,19.33,24.35,12.97,Routine progress update
PR-02323,MPL-0468,2026-08-03,Execution,29.0,40.38,19.46,Routine progress update
PR-02324,MPL-0468,2026-09-17,Finishing,38.66,45.32,25.95,Routine progress update
PR-02325,MPL-0468,2026-11-01,Inspection,48.33,52.91,32.43,Routine progress update
PR-02326,MPL-0469,2026-06-21,Planning,13.67,7.36,6.71,Routine progress update
PR-02327,MPL-0469,2026-08-05,Foundation,27.35,23.09,13.41,Routine progress update
PR-02328,MPL-0469,2026-09-19,Execution,41.02,39.74,20.12,Routine progress update
PR-02329,MPL-0469,2026-11-03,Finishing,54.69,47.3,26.83,Routine progress update
PR-02330,MPL-0470,2026-04-24,Planning,11.15,10.4,7.65,Routine progress update
PR-02331,MPL-0470,2026-06-08,Foundation,22.3,15.29,15.29,Routine progress update
PR-02332,MPL-0470,2026-07-23,Execution,33.45,32.85,22.94,Routine progress update
PR-02333,MPL-0470,2026-09-06,Finishing,44.61,33.97,30.59,Routine progress update
PR-02334,MPL-0470,2026-10-21,Inspection,55.76,46.18,38.23,Routine progress update
PR-02335,MPL-0471,2026-06-20,Planning,12.64,16.35,8.42,Routine progress update
PR-02336,MPL-0471,2026-08-04,Foundation,25.28,19.49,16.84,Routine progress update
PR-02337,MPL-0471,2026-09-18,Execution,37.91,42.17,25.26,Routine progress update
PR-02338,MPL-0471,2026-11-02,Finishing,50.55,51.15,33.68,Routine progress update
PR-02339,MPL-0471,2026-12-17,Inspection,63.19,69.2,42.1,Routine progress update
PR-02340,MPL-0472,2026-01-04,Planning,10.17,3.64,11.46,Routine progress update
PR-02341,MPL-0472,2026-02-18,Foundation,20.34,18.53,22.92,Routine progress update
PR-02342,MPL-0472,2026-04-04,Execution,30.51,13.58,34.38,Routine progress update
PR-02343,MPL-0472,2026-05-19,Finishing,40.68,27.58,45.84,Routine progress update
PR-02344,MPL-0472,2026-07-03,Inspection,50.85,27.61,57.3,Routine progress update
PR-02345,MPL-0472,2026-08-17,Completion,61.02,27.11,68.76,Routine progress update
PR-02346,MPL-0472,2026-10-01,Completion,71.19,36.69,80.22,Routine progress update
PR-02347,MPL-0473,2026-03-25,Planning,29.49,29.36,14.2,Routine progress update
PR-02348,MPL-0473,2026-05-09,Foundation,58.99,62.13,28.4,Routine progress update
PR-02349,MPL-0473,2026-06-23,Execution,88.48,88.89,42.6,Routine progress update
PR-02350,MPL-0474,2026-05-09,Planning,9.04,10.87,2.04,Routine progress update
PR-02351,MPL-0474,2026-06-23,Foundation,18.08,11.92,4.08,Routine progress update
PR-02352,MPL-0474,2026-08-07,Execution,27.13,12.45,6.12,Routine progress update
PR-02353,MPL-0474,2026-09-21,Finishing,36.17,23.34,8.17,Routine progress update
PR-02354,MPL-0475,2026-04-24,Planning,19.57,17.09,16.74,Routine progress update
PR-02355,MPL-0475,2026-06-08,Foundation,39.14,37.97,33.48,Routine progress update
PR-02356,MPL-0475,2026-07-23,Execution,58.71,50.52,50.22,Routine progress update
PR-02357,MPL-0475,2026-09-06,Finishing,78.28,68.73,66.96,Routine progress update
PR-02358,MPL-0476,2026-06-25,Planning,18.66,11.34,24.47,Routine progress update
PR-02359,MPL-0476,2026-08-09,Foundation,37.32,23.72,48.93,Routine progress update
PR-02360,MPL-0476,2026-09-23,Execution,55.98,35.69,73.4,Routine progress update
PR-02361,MPL-0477,2026-01-21,Planning,10.67,0.0,1.55,Routine progress update
PR-02362,MPL-0477,2026-03-07,Foundation,21.34,2.48,3.09,Routine progress update
PR-02363,MPL-0477,2026-04-21,Execution,32.01,5.25,4.64,Routine progress update
PR-02364,MPL-0477,2026-06-05,Finishing,42.68,9.08,6.19,Routine progress update
PR-02365,MPL-0477,2026-07-20,Inspection,53.35,10.08,7.73,Routine progress update
PR-02366,MPL-0477,2026-09-03,Completion,64.02,16.93,9.28,Routine progress update
PR-02367,MPL-0477,2026-10-18,Completion,74.69,17.67,10.83,Routine progress update
PR-02368,MPL-0478,2026-04-23,Planning,19.2,5.16,22.27,Routine progress update
PR-02369,MPL-0478,2026-06-07,Foundation,38.41,17.41,44.54,Routine progress update
PR-02370,MPL-0478,2026-07-22,Execution,57.61,25.32,66.81,Routine progress update
PR-02371,MPL-0478,2026-09-05,Finishing,76.82,15.6,89.08,Routine progress update
PR-02372,MPL-0479,2026-06-05,Planning,12.16,9.03,17.3,Routine progress update
PR-02373,MPL-0479,2026-07-20,Foundation,24.32,7.83,34.6,Routine progress update
PR-02374,MPL-0479,2026-09-03,Execution,36.49,19.11,51.9,Routine progress update
PR-02375,MPL-0479,2026-10-18,Finishing,48.65,26.17,69.21,Routine progress update
PR-02376,MPL-0479,2026-12-02,Inspection,60.81,23.01,86.51,Routine progress update
PR-02377,MPL-0480,2026-01-19,Planning,13.95,9.38,11.2,Routine progress update
PR-02378,MPL-0480,2026-03-05,Foundation,27.9,36.91,22.4,Routine progress update
PR-02379,MPL-0480,2026-04-19,Execution,41.85,50.89,33.61,Routine progress update
PR-02380,MPL-0481,2026-03-05,Planning,13.72,7.93,6.62,Routine progress update
PR-02381,MPL-0481,2026-04-19,Foundation,27.44,39.33,13.25,Routine progress update
PR-02382,MPL-0481,2026-06-03,Execution,41.16,46.31,19.87,Routine progress update
PR-02383,MPL-0481,2026-07-18,Finishing,54.88,61.1,26.5,Routine progress update
PR-02384,MPL-0482,2026-01-24,Planning,14.77,22.12,5.85,Routine progress update
PR-02385,MPL-0482,2026-03-10,Foundation,29.53,30.98,11.7,Routine progress update
PR-02386,MPL-0482,2026-04-24,Execution,44.3,50.48,17.56,Routine progress update
PR-02387,MPL-0482,2026-06-08,Finishing,59.07,61.33,23.41,Routine progress update
PR-02388,MPL-0482,2026-07-23,Inspection,73.83,80.83,29.26,Routine progress update
PR-02389,MPL-0483,2026-04-16,Planning,19.72,6.85,3.52,Routine progress update
PR-02390,MPL-0483,2026-05-31,Foundation,39.43,3.95,7.04,Routine progress update
PR-02391,MPL-0483,2026-07-15,Execution,59.15,13.37,10.57,Routine progress update
PR-02392,MPL-0483,2026-08-29,Finishing,78.86,17.51,14.09,Routine progress update
PR-02393,MPL-0484,2026-04-21,Planning,8.48,8.79,23.61,Routine progress update
PR-02394,MPL-0484,2026-06-05,Foundation,16.96,18.74,47.22,Routine progress update
PR-02395,MPL-0484,2026-07-20,Execution,25.43,27.62,70.83,Routine progress update
PR-02396,MPL-0484,2026-09-03,Finishing,33.91,36.87,94.43,Routine progress update
PR-02397,MPL-0484,2026-10-18,Inspection,42.39,46.58,100.0,Routine progress update
PR-02398,MPL-0485,2026-01-28,Planning,18.59,19.05,14.38,Routine progress update
PR-02399,MPL-0485,2026-03-14,Foundation,37.18,40.79,28.76,Routine progress update
PR-02400,MPL-0485,2026-04-28,Execution,55.78,50.34,43.13,Routine progress update
PR-02401,MPL-0486,2026-01-25,Planning,17.04,18.78,16.34,Routine progress update
PR-02402,MPL-0486,2026-03-11,Foundation,34.08,41.37,32.68,Routine progress update
PR-02403,MPL-0486,2026-04-25,Execution,51.12,57.54,49.01,Routine progress update
PR-02404,MPL-0486,2026-06-09,Finishing,68.16,85.29,65.35,Routine progress update
PR-02405,MPL-0487,2026-04-07,Planning,13.29,15.37,12.3,Routine progress update
PR-02406,MPL-0487,2026-05-22,Foundation,26.58,24.69,24.61,Routine progress update
PR-02407,MPL-0487,2026-07-06,Execution,39.87,33.05,36.91,Routine progress update
PR-02408,MPL-0487,2026-08-20,Finishing,53.16,41.74,49.22,Routine progress update
PR-02409,MPL-0488,2026-06-25,Planning,10.19,11.29,8.4,Routine progress update
PR-02410,MPL-0488,2026-08-09,Foundation,20.38,12.46,16.81,Routine progress update
PR-02411,MPL-0488,2026-09-23,Execution,30.56,31.59,25.21,Routine progress update
PR-02412,MPL-0488,2026-11-07,Finishing,40.75,33.22,33.61,Routine progress update
PR-02413,MPL-0488,2026-12-22,Inspection,50.94,43.64,42.01,Routine progress update
PR-02414,MPL-0488,2027-02-05,Completion,61.13,47.26,50.42,Routine progress update
PR-02415,MPL-0488,2027-03-22,Completion,71.31,62.27,58.82,Routine progress update
PR-02416,MPL-0489,2026-06-06,Planning,28.93,26.6,19.96,Routine progress update
PR-02417,MPL-0489,2026-07-21,Foundation,57.85,59.43,39.93,Routine progress update
PR-02418,MPL-0489,2026-09-04,Execution,86.78,88.29,59.89,Routine progress update
PR-02419,MPL-0490,2026-05-08,Planning,21.73,21.55,11.3,Routine progress update
PR-02420,MPL-0490,2026-06-22,Foundation,43.45,43.79,22.6,Routine progress update
PR-02421,MPL-0490,2026-08-06,Execution,65.18,78.55,33.91,Routine progress update
PR-02422,MPL-0491,2026-02-11,Planning,9.42,7.39,10.05,Routine progress update
PR-02423,MPL-0491,2026-03-28,Foundation,18.85,17.21,20.1,Routine progress update
PR-02424,MPL-0491,2026-05-12,Execution,28.27,26.41,30.15,Routine progress update
PR-02425,MPL-0491,2026-06-26,Finishing,37.7,27.62,40.2,Routine progress update
PR-02426,MPL-0491,2026-08-10,Inspection,47.12,42.64,50.24,Routine progress update
PR-02427,MPL-0492,2026-06-03,Planning,10.64,11.63,6.46,Routine progress update
PR-02428,MPL-0492,2026-07-18,Foundation,21.27,19.9,12.92,Routine progress update
PR-02429,MPL-0492,2026-09-01,Execution,31.91,29.08,19.38,Routine progress update
PR-02430,MPL-0492,2026-10-16,Finishing,42.55,47.37,25.84,Routine progress update
PR-02431,MPL-0492,2026-11-30,Inspection,53.19,60.69,32.31,Routine progress update
PR-02432,MPL-0492,2027-01-14,Completion,63.82,68.13,38.77,Routine progress update
PR-02433,MPL-0492,2027-02-28,Completion,74.46,72.91,45.23,Routine progress update
PR-02434,MPL-0493,2026-01-30,Planning,17.49,1.23,17.79,Routine progress update
PR-02435,MPL-0493,2026-03-16,Foundation,34.99,9.2,35.58,Routine progress update
PR-02436,MPL-0493,2026-04-30,Execution,52.48,22.65,53.37,Routine progress update
PR-02437,MPL-0493,2026-06-14,Finishing,69.98,20.87,71.15,Routine progress update
PR-02438,MPL-0493,2026-07-29,Inspection,87.47,25.44,88.94,Routine progress update
PR-02439,MPL-0494,2026-01-28,Planning,10.48,0.0,1.38,Routine progress update
PR-02440,MPL-0494,2026-03-14,Foundation,20.95,5.45,2.77,Routine progress update
PR-02441,MPL-0494,2026-04-28,Execution,31.43,7.19,4.15,Routine progress update
PR-02442,MPL-0494,2026-06-12,Finishing,41.9,12.15,5.53,Routine progress update
PR-02443,MPL-0494,2026-07-27,Inspection,52.38,20.68,6.92,Routine progress update
PR-02444,MPL-0495,2026-05-07,Planning,29.65,5.39,5.18,Routine progress update
PR-02445,MPL-0495,2026-06-21,Foundation,59.31,20.79,10.36,Routine progress update
PR-02446,MPL-0495,2026-08-05,Execution,88.96,25.3,15.54,Routine progress update
PR-02447,MPL-0496,2026-03-28,Planning,10.95,11.85,7.57,Routine progress update
PR-02448,MPL-0496,2026-05-12,Foundation,21.91,24.9,15.14,Routine progress update
PR-02449,MPL-0496,2026-06-26,Execution,32.86,48.39,22.7,Routine progress update
PR-02450,MPL-0496,2026-08-10,Finishing,43.81,63.78,30.27,Routine progress update
PR-02451,MPL-0496,2026-09-24,Inspection,54.77,62.65,37.84,Routine progress update
PR-02452,MPL-0496,2026-11-08,Completion,65.72,86.09,45.41,Routine progress update
PR-02453,MPL-0496,2026-12-23,Completion,76.67,98.99,52.98,Routine progress update
PR-02454,MPL-0497,2026-05-28,Planning,16.87,7.85,13.53,Routine progress update
PR-02455,MPL-0497,2026-07-12,Foundation,33.74,18.28,27.05,Routine progress update
PR-02456,MPL-0497,2026-08-26,Execution,50.61,13.83,40.58,Routine progress update
PR-02457,MPL-0497,2026-10-10,Finishing,67.48,12.78,54.1,Routine progress update
PR-02458,MPL-0497,2026-11-24,Inspection,84.35,28.6,67.63,Routine progress update
PR-02459,MPL-0498,2026-05-02,Planning,15.84,12.58,12.0,Routine progress update
PR-02460,MPL-0498,2026-06-16,Foundation,31.67,12.82,24.0,Routine progress update
PR-02461,MPL-0498,2026-07-31,Execution,47.51,18.23,35.99,Routine progress update
PR-02462,MPL-0498,2026-09-14,Finishing,63.35,26.31,47.99,Routine progress update
PR-02463,MPL-0499,2026-04-29,Planning,9.91,11.36,19.96,Routine progress update
PR-02464,MPL-0499,2026-06-13,Foundation,19.83,14.09,39.92,Routine progress update
PR-02465,MPL-0499,2026-07-28,Execution,29.74,25.18,59.88,Routine progress update
PR-02466,MPL-0499,2026-09-11,Finishing,39.65,31.94,79.83,Routine progress update
PR-02467,MPL-0499,2026-10-26,Inspection,49.57,39.48,99.79,Routine progress update
PR-02468,MPL-0499,2026-12-10,Completion,59.48,50.54,100.0,Routine progress update
PR-02469,MPL-0500,2026-05-04,Planning,5.98,3.38,8.98,Routine progress update
PR-02470,MPL-0500,2026-06-18,Foundation,11.97,8.86,17.95,Routine progress update
PR-02471,MPL-0500,2026-08-02,Execution,17.95,19.07,26.93,Routine progress update
PR-02472,MPL-0500,2026-09-16,Finishing,23.94,17.22,35.9,Routine progress update
PR-02473,MPL-0500,2026-10-31,Inspection,29.92,22.94,44.88,Routine progress update
PR-02474,MPL-0500,2026-12-15,Completion,35.9,26.71,53.85,Routine progress update
PR-02475,MPL-0500,2027-01-29,Completion,41.89,40.44,62.83,Routine progress update
