project_id,mp_name,state,constituency,district,work_name,work_category,recommendation_date,sanction_date,start_date,estimated_cost_lakh,sanctioned_amount_lakh,expected_completion_date,actual_completion_date,status,agency_id,vendor_id,latitude,longitude,planned_progress_pct,physical_progress_pct,expenditure_lakh,prototype_anomaly_seed
MPL-0001,MP-204,Karnataka,Constituency-092,District-21,Road Project 0001,Road,2026-02-05,2026-03-04,2026-03-04,18.05,16.81,2026-10-27,,Ongoing,AG024,V036,13.444776,77.767767,75.73672595672217,17.154990516816625,12.885405923579668,financial_physical_mismatch
MPL-0002,MP-353,West Bengal,Constituency-078,District-09,Road Project 0001 - Duplicate Candidate,Road,2026-01-11,2026-02-10,2026-02-10,38.43,16.076969125049356,2027-02-03,2027-02-21,Completed,AG026,V001,13.445376,77.768367,46.84225691591738,51.63912775406091,11.11138294267314,estimate_revision;duplicate_candidate
MPL-0003,MP-104,Karnataka,Constituency-049,District-09,Street Lighting Project 0003,Street Lighting,2026-02-26,2026-03-17,2026-03-17,52.53,53.31,2027-02-20,,Ongoing,AG003,V071,14.479176,75.969567,66.75436798912192,14.340819454031609,3.218482337673816,low_expenditure
MPL-0004,MP-333,Tamil Nadu,Constituency-108,District-25,Street Lighting Project 0003 - Duplicate Candidate,Street Lighting,2026-05-31,2026-06-29,2026-06-29,54.66,55.00966996317992,2027-06-18,,Ongoing,AG007,V035,14.479776,75.970167,44.412625650895336,48.45341520580302,18.1597492053817,estimate_revision;duplicate_candidate
MPL-0005,MP-253,Tamil Nadu,Constituency-096,District-18,Street Lighting Project 0005,Street Lighting,2026-02-02,2026-02-24,2026-02-24,71.1,67.87,2027-01-15,2026-09-07,Completed,AG009,V009,10.398076,78.847767,71.0491265912184,67.75302841455301,49.86478280531607,normal
MPL-0006,MP-395,West Bengal,Constituency-049,District-20,Street Lighting Project 0005 - Duplicate Candidate,Street Lighting,2026-01-17,2026-02-05,2026-02-05,43.53,65.88455661275296,2026-12-12,,Ongoing,AG012,V029,10.398676,78.848367,82.36066003166661,73.72316905732836,14.620299428066286,normal;duplicate_candidate
MPL-0007,MP-520,Maharashtra,Constituency-117,District-04,Community Hall Project 0007,Community Hall,2026-02-13,2026-03-10,2026-03-10,32.49,30.94,2027-02-17,,Ongoing,AG022,V069,19.890976,75.391067,43.69867648895684,31.77007344319488,19.57601003977218,normal
MPL-0008,MP-060,West Bengal,Constituency-031,District-29,Community Hall Project 0007 - Duplicate Candidate,Community Hall,2026-01-19,2026-02-11,2026-02-11,76.65,32.06003865152317,2026-12-26,2026-09-20,Completed,AG005,V048,19.891576,75.391667,85.51714219176363,86.69392304988867,88.75192063616143,cost_overrun;duplicate_candidate
MPL-0009,MP-320,Madhya Pradesh,Constituency-052,District-22,Community Hall Project 0009,Community Hall,2026-01-08,2026-02-02,2026-02-02,55.5,56.84,2026-09-02,,Ongoing,AG025,V069,24.714776,80.247767,44.08198274357702,43.690806066778606,32.483763082947696,normal
MPL-0010,MP-527,Madhya Pradesh,Constituency-031,District-09,Community Hall Project 0009 - Duplicate Candidate,Community Hall,2025-12-22,2026-01-17,2026-01-17,9.51,56.54007167975691,2026-10-10,2026-07-14,Completed,AG008,V029,24.715376,80.248367,67.3642062925693,16.550207546537074,6.776216579726932,financial_physical_mismatch;duplicate_candidate
MPL-0011,MP-063,West Bengal,Constituency-052,District-24,Sports Facility Project 0011,Sports Facility,2026-04-17,2026-05-02,2026-05-02,21.71,20.2,2027-02-10,,Ongoing,AG016,V032,22.264776,88.417767,58.707815032350766,56.02654473878902,10.049966096000642,normal
MPL-0012,MP-052,Rajasthan,Constituency-084,District-18,Sports Facility Project 0011 - Duplicate Candidate,Sports Facility,2026-01-31,2026-02-05,2026-02-05,21.21,20.351663679753127,2026-11-20,,Ongoing,AG018,V058,22.265376,88.418367,83.0967274738819,72.75519501811627,13.965204350083653,normal;duplicate_candidate
MPL-0013,MP-293,Rajasthan,Constituency-055,District-23,School Infrastructure Project 0013,School Infrastructure,2026-04-06,2026-05-04,2026-05-04,70.25,71.6,2026-12-24,,Under Review,AG014,V063,25.144776,73.927767,44.05504167708398,32.10246000081536,32.71572485694233,normal
MPL-0014,MP-059,Madhya Pradesh,Constituency-066,District-03,School Infrastructure Project 0013 - Duplicate Candidate,School Infrastructure,2026-02-15,2026-02-25,2026-02-25,49.7,69.85840506804274,2026-09-07,,Ongoing,AG007,V038,25.145376,73.928367,76.13865582084853,65.39629182481315,27.24761174932987,normal;duplicate_candidate
MPL-0015,MP-322,Rajasthan,Constituency-031,District-09,Street Lighting Project 0015,Street Lighting,2026-02-16,2026-03-05,2026-03-05,50.81,50.21,2027-01-27,,Ongoing,AG004,V073,27.229976,77.540767,58.05737034347298,58.89816070787992,26.46442767783562,normal
MPL-0016,MP-251,Madhya Pradesh,Constituency-048,District-10,Street Lighting Project 0015 - Duplicate Candidate,Street Lighting,2025-12-24,2026-01-03,2026-01-03,52.72,48.32570466015764,2026-10-27,,Ongoing,AG030,V010,27.230576,77.541367,40.498968690852365,40.32692558108817,58.51418309880598,cost_overrun;duplicate_candidate
MPL-0017,MP-279,Uttar Pradesh,Constituency-037,District-20,Sports Facility Project 0017,Sports Facility,2025-12-23,2026-01-03,2026-01-03,66.83,63.68,2026-12-19,,Ongoing,AG026,V068,28.544776,77.437767,71.48637932313426,80.14283940953055,68.43169174392321,cost_overrun
MPL-0018,MP-453,Uttar Pradesh,Constituency-071,District-23,Sports Facility Project 0017 - Duplicate Candidate,Sports Facility,2025-12-27,2026-01-14,2026-01-14,53.67,61.588769168183134,2026-08-05,,Ongoing,AG016,V033,28.545376,77.438367,37.42477189894775,32.76301574825969,17.33027898272913,normal;duplicate_candidate
MPL-0019,MP-256,Gujarat,Constituency-086,District-04,Public Library Project 0019,Public Library,2026-05-14,2026-05-30,2026-05-30,18.66,17.43,2027-04-16,2026-12-29,Completed,AG002,V048,22.318676,70.849967,51.95420924615735,59.731801998494326,11.71199824032524,normal
MPL-0020,MP-255,Telangana,Constituency-035,District-06,Public Library Project 0019 - Duplicate Candidate,Public Library,2026-01-31,2026-03-02,2026-03-02,78.29,16.9913515388142,2026-10-09,,Under Review,AG024,V020,22.319276,70.850567,83.47789125648285,72.023191218243,50.59635822408559,payment_milestone_issue;duplicate_candidate
MPL-0021,MP-286,Maharashtra,Constituency-045,District-21,Drainage Project 0021,Drainage,2026-04-07,2026-04-28,2026-04-28,29.97,30.19,2027-01-22,,Ongoing,AG008,V026,19.974476,79.343867,47.51775180742737,36.03836937085931,10.637711804095169,payment_milestone_issue
MPL-0022,MP-524,Bihar,Constituency-015,District-13,Drainage Project 0021 - Duplicate Candidate,Drainage,2026-02-13,2026-03-08,2026-03-08,49.8,31.411546310724905,2026-10-19,,Under Review,AG001,V015,19.975076,79.344467,37.10414585442945,38.22871346415983,22.18056546254306,normal;duplicate_candidate
MPL-0023,MP-128,Telangana,Constituency-093,District-29,Road Project 0023,Road,2026-06-11,2026-06-25,2026-06-25,75.7,75.78,2027-06-24,2027-05-20,Completed,AG017,V069,17.314776,78.897767,45.83693210059539,43.3254748923451,57.05502552986029,normal
MPL-0024,MP-001,Tamil Nadu,Constituency-039,District-10,Road Project 0023 - Duplicate Candidate,Road,2026-05-11,2026-05-22,2026-05-22,21.81,73.05082154161519,2026-12-20,,Under Review,AG023,V038,17.315376,78.898367,55.8529902417398,60.31195056523538,7.412799094581515,normal;duplicate_candidate
MPL-0025,MP-241,Tamil Nadu,Constituency-087,District-10,Drainage Project 0025,Drainage,2026-06-10,2026-06-22,2026-06-22,44.8,45.13,2027-02-11,2026-12-22,Completed,AG015,V057,10.435557,77.995822,87.79076020256699,100.0,27.041485084542757,sudden_progress_jump
MPL-0026,MP-436,Maharashtra,Constituency-029,District-06,Water Supply Project 0026,Water Supply,2025-12-20,2026-01-19,2026-01-19,37.84,37.43,2026-11-11,,Ongoing,AG016,V079,20.946776,77.800067,45.693938020684016,19.84087016667676,1.8984805305778487,low_expenditure
MPL-0027,MP-457,Maharashtra,Constituency-115,District-06,Public Library Project 0027,Public Library,2026-03-30,2026-04-27,2026-04-27,65.7,65.27,2026-11-27,,Under Review,AG008,V016,20.911314,77.685426,89.33408491865464,90.43403592498188,49.18231517883494,normal
MPL-0028,MP-142,Rajasthan,Constituency-020,District-08,Sanitation Project 0028,Sanitation,2026-04-18,2026-05-05,2026-05-05,25.23,24.43,2027-04-10,,Ongoing,AG025,V067,27.567776,76.682367,74.2449674436081,67.40382615993008,10.45602031941911,normal
MPL-0029,MP-489,Karnataka,Constituency-001,District-12,Street Lighting Project 0029,Street Lighting,2026-05-05,2026-05-19,2026-05-19,37.94,35.77,2027-03-14,,Under Review,AG014,V043,12.536576,76.942867,58.10789347753841,66.0143400010223,20.015535942425124,normal
MPL-0030,MP-479,Telangana,Constituency-118,District-05,Public Library Project 0030,Public Library,2026-05-11,2026-06-04,2026-06-04,43.15,40.99,2027-01-26,,Ongoing,AG024,V070,17.262076,80.199167,61.71030965891752,58.26516813033234,24.77857874594669,normal
MPL-0031,MP-389,West Bengal,Constituency-036,District-25,Sports Facility Project 0031,Sports Facility,2026-01-04,2026-01-22,2026-01-22,38.86,39.46,2027-01-01,2027-01-11,Completed,AG022,V004,22.194776,88.227767,44.99509645823877,38.71853536446348,16.711188205886042,normal
MPL-0032,MP-245,Maharashtra,Constituency-017,District-16,Public Library Project 0032,Public Library,2026-02-01,2026-02-27,2026-02-27,12.94,13.27,2027-02-08,,Ongoing,AG002,V045,20.470876,74.578167,37.214197564742165,25.896857540117832,5.056668203483698,normal
MPL-0033,MP-385,Madhya Pradesh,Constituency-051,District-23,Sanitation Project 0033,Sanitation,2026-02-01,2026-02-12,2026-02-12,51.72,51.84,2027-01-13,2026-12-16,Completed,AG025,V048,23.844776,80.447767,41.29930792583937,47.323933760683246,54.73816900289139,cost_overrun
MPL-0034,MP-519,Rajasthan,Constituency-083,District-11,Community Hall Project 0034,Community Hall,2026-06-20,2026-06-25,2026-06-25,66.0,66.5,2027-05-24,,Ongoing,AG023,V039,28.304776,75.007767,66.12629054520238,55.02981140973738,35.401606170968584,normal
MPL-0035,MP-447,Karnataka,Constituency-106,District-24,Street Lighting Project 0035,Street Lighting,2026-01-17,2026-02-09,2026-02-09,20.68,20.21,2026-11-27,,Under Review,AG012,V059,12.434776,75.777767,70.77515777092077,72.32522956009889,14.90280060838261,normal
MPL-0036,MP-265,Karnataka,Constituency-044,District-09,Sanitation Project 0036,Sanitation,2026-02-08,2026-03-04,2026-03-04,49.03,48.71,2026-12-27,2027-03-03,Completed,AG029,V058,14.511971,75.870448,53.50181409402564,52.376557173575925,20.56816326246658,normal
MPL-0037,MP-096,Maharashtra,Constituency-038,District-08,Public Library Project 0037,Public Library,2026-02-14,2026-03-03,2026-03-03,37.26,36.55,2027-03-02,,Ongoing,AG007,V011,19.153076,77.368767,48.21781648683185,46.69186492408348,22.926955176986347,normal
MPL-0038,MP-324,West Bengal,Constituency-016,District-24,Health Facility Project 0038,Health Facility,2026-04-24,2026-05-16,2026-05-16,38.64,38.72,2027-02-08,,Ongoing,AG016,V071,22.297571,88.318648,53.19352134577616,80.60663904082227,15.239638547834712,sudden_progress_jump
MPL-0039,MP-547,Rajasthan,Constituency-017,District-09,Water Supply Project 0039,Water Supply,2026-03-06,2026-03-12,2026-03-12,50.45,50.63,2027-03-12,2027-02-16,Completed,AG024,V062,27.282074,77.472314,67.8234907281766,100.0,35.000166238682205,sudden_progress_jump
MPL-0040,MP-411,Gujarat,Constituency-063,District-03,Drainage Project 0040,Drainage,2026-05-04,2026-05-27,2026-05-27,41.8,40.48,2027-02-03,,Ongoing,AG004,V002,22.321976,73.228967,45.140001871454494,34.27028964949321,30.309954830501592,normal
MPL-0041,MP-305,Gujarat,Constituency-111,District-19,Sports Facility Project 0041,Sports Facility,2026-02-15,2026-03-05,2026-03-05,48.18,46.53,2026-10-01,,Under Review,AG010,V011,21.884776,73.597767,67.7869764975514,69.3921802524914,30.76180081314377,estimate_revision
MPL-0042,MP-299,West Bengal,Constituency-005,District-08,Community Hall Project 0042,Community Hall,2026-05-27,2026-06-10,2026-06-10,27.05,25.13,2027-01-30,,Under Review,AG025,V027,24.113576,88.299167,48.19258477210808,48.33641417481879,8.367342251825614,normal
MPL-0043,MP-074,Madhya Pradesh,Constituency-008,District-06,Community Hall Project 0043,Community Hall,2026-02-07,2026-03-09,2026-03-09,50.46,50.89,2026-07-25,,Delayed,AG022,V030,23.853576,78.785567,45.880056756605526,16.640811791016006,18.78599304974012,delay
MPL-0044,MP-331,West Bengal,Constituency-078,District-09,Sanitation Project 0044,Sanitation,2026-04-25,2026-04-30,2026-04-30,29.89,28.82,2027-04-21,,Under Review,AG015,V016,22.415793,87.325191,49.97354062293447,49.85313500009078,13.891591537510733,normal
MPL-0045,MP-504,West Bengal,Constituency-012,District-16,Sports Facility Project 0045,Sports Facility,2026-05-12,2026-05-28,2026-05-28,62.94,59.12,2026-12-04,,Under Review,AG001,V035,23.914776,87.577767,63.543011254318216,61.27205815156268,23.49564677828184,normal
MPL-0046,MP-414,Karnataka,Constituency-111,District-17,School Infrastructure Project 0046,School Infrastructure,2026-06-22,2026-06-27,2026-06-27,28.75,29.44,2027-04-29,2027-01-02,Completed,AG011,V053,17.284776,77.197767,79.7461319105885,79.84825730796773,14.456739617094506,payment_milestone_issue
MPL-0047,MP-497,Telangana,Constituency-016,District-01,Road Project 0047,Road,2026-03-09,2026-04-03,2026-04-03,62.46,61.76,2027-03-08,,Under Review,AG007,V067,17.399776,78.534467,76.79947948335592,69.27776072706195,33.41749660225235,normal
MPL-0048,MP-299,Gujarat,Constituency-066,District-23,Sanitation Project 0048,Sanitation,2026-05-09,2026-05-22,2026-05-22,14.71,15.14,2027-03-02,,Under Review,AG018,V002,22.814776,70.877767,85.21114331662923,83.36299698856247,4.727571873524427,normal
MPL-0049,MP-349,Madhya Pradesh,Constituency-120,District-26,Water Supply Project 0049,Water Supply,2026-01-17,2026-02-07,2026-02-07,21.72,21.41,2026-11-12,,Under Review,AG015,V071,24.214776,82.717767,76.04609000208187,67.04927358308089,6.14465591631578,normal
MPL-0050,MP-245,Uttar Pradesh,Constituency-074,District-13,Sports Facility Project 0050,Sports Facility,2026-01-27,2026-02-08,2026-02-08,46.78,44.81,2026-11-29,,Ongoing,AG019,V063,27.584776,80.727767,65.3554579388946,65.31091932398542,22.0166159093476,payment_milestone_issue
MPL-0051,MP-451,Tamil Nadu,Constituency-013,District-17,Drainage Project 0051,Drainage,2026-03-21,2026-04-09,2026-04-09,65.05,64.51,2027-03-24,2026-10-11,Completed,AG023,V049,11.424976,79.122467,43.36579261156227,52.591930255722296,20.443897838663947,normal
MPL-0052,MP-500,Gujarat,Constituency-112,District-18,Community Hall Project 0052,Community Hall,2026-03-22,2026-03-28,2026-03-28,57.87,57.38,2027-03-02,2027-02-11,Completed,AG016,V034,22.834776,74.307767,81.84709107928802,88.59860048373767,40.47879889961482,estimate_revision
MPL-0053,MP-442,Uttar Pradesh,Constituency-019,District-08,Water Supply Project 0053,Water Supply,2026-04-01,2026-04-22,2026-04-22,62.75,62.59,2026-11-13,2027-01-02,Completed,AG024,V012,27.912176,78.135767,40.52789821775496,22.46061733596995,45.76730049741848,financial_physical_mismatch
MPL-0054,MP-477,Gujarat,Constituency-116,District-10,School Infrastructure Project 0054,School Infrastructure,2026-05-11,2026-06-06,2026-06-06,52.62,49.8,2027-03-10,2027-06-06,Completed,AG006,V011,23.256776,69.714667,85.20559588129552,100.0,24.621590813091807,sudden_progress_jump
MPL-0055,MP-303,Tamil Nadu,Constituency-090,District-10,Sports Facility Project 0055,Sports Facility,2026-06-21,2026-06-26,2026-06-26,40.89,38.98,2027-02-25,2027-04-29,Completed,AG010,V055,10.428463,77.914276,89.96554610250985,96.73892619303392,11.948392512985524,estimate_revision
MPL-0056,MP-100,Uttar Pradesh,Constituency-116,District-21,Road Project 0056,Road,2026-05-11,2026-06-05,2026-06-05,67.96,69.27,2027-04-08,,Ongoing,AG019,V007,28.684776,77.467767,77.66575387818594,12.851979839156323,5.720419397072766,low_expenditure
MPL-0057,MP-169,Maharashtra,Constituency-033,District-30,Sports Facility Project 0057,Sports Facility,2026-01-04,2026-01-24,2026-01-24,31.52,30.44,2026-10-06,2027-01-31,Completed,AG012,V017,21.314776,80.247767,46.04371370575419,51.34699554842531,21.750114098787574,estimate_revision
MPL-0058,MP-271,Tamil Nadu,Constituency-069,District-04,Community Hall Project 0058,Community Hall,2026-01-18,2026-02-06,2026-02-06,69.93,69.91,2026-10-01,,Ongoing,AG015,V010,10.805276,78.752467,88.89682335300469,98.1767577936054,47.28932276254306,estimate_revision
MPL-0059,MP-419,Uttar Pradesh,Constituency-015,District-05,Sports Facility Project 0059,Sports Facility,2026-01-22,2026-01-28,2026-01-28,24.84,22.92,2027-01-15,2026-12-20,Completed,AG013,V048,27.191476,78.055867,83.63291648681687,10.948255617402932,3.6007594050029783,low_expenditure
MPL-0060,MP-425,Madhya Pradesh,Constituency-084,District-04,Community Hall Project 0060,Community Hall,2026-04-28,2026-05-18,2026-05-18,35.98,34.57,2026-12-18,,Ongoing,AG004,V031,26.233076,78.230567,87.2159422626548,90.53859007868272,18.539960920499134,normal
MPL-0061,MP-408,Uttar Pradesh,Constituency-036,District-07,Road Project 0061,Road,2026-02-17,2026-02-25,2026-02-25,40.02,37.86,2026-12-15,2026-08-19,Completed,AG023,V048,28.381776,79.478167,54.94773213166374,64.52814193479321,16.835869810212724,normal
MPL-0062,MP-222,Karnataka,Constituency-105,District-28,Water Supply Project 0062,Water Supply,2025-12-25,2026-01-06,2026-01-06,64.65,61.21,2026-07-17,,Ongoing,AG021,V077,16.594776,77.187767,41.92581369194236,42.34652916191755,17.528302550820776,normal
MPL-0063,MP-332,West Bengal,Constituency-003,District-06,Road Project 0063,Road,2026-01-21,2026-02-03,2026-02-03,26.05,24.47,2026-12-18,,Ongoing,AG009,V019,23.247176,87.909267,71.35817034285242,59.92533363814879,6.310225069887786,normal
MPL-0064,MP-032,Bihar,Constituency-008,District-16,Community Hall Project 0064,Community Hall,2026-04-15,2026-05-02,2026-05-02,64.02,62.51,2027-02-20,2027-02-03,Completed,AG024,V009,24.894776,86.967767,40.99797055021151,33.01422090754873,55.8461953088135,financial_physical_mismatch
MPL-0065,MP-518,Madhya Pradesh,Constituency-078,District-14,Community Hall Project 0065,Community Hall,2026-03-16,2026-03-24,2026-03-24,18.68,17.44,2027-02-22,2026-12-25,Completed,AG029,V011,22.764776,77.767767,69.33746218546644,70.2154853335251,10.942570727927642,estimate_revision
MPL-0066,MP-486,Bihar,Constituency-009,District-03,Water Supply Project 0066,Water Supply,2026-02-21,2026-02-28,2026-02-28,32.4,31.42,2026-12-10,2026-09-15,Completed,AG014,V058,25.257276,87.031967,57.87943076438224,47.97131922844611,14.96173029066123,normal
MPL-0067,MP-295,Tamil Nadu,Constituency-077,District-10,School Infrastructure Project 0067,School Infrastructure,2026-05-15,2026-05-31,2026-05-31,48.44,48.13,2027-04-19,,Ongoing,AG018,V008,10.334793,77.875213,57.5944748107187,64.8138369998737,36.039687711564646,normal
MPL-0068,MP-274,Gujarat,Constituency-004,District-06,Drainage Project 0068,Drainage,2026-03-18,2026-03-31,2026-03-31,34.46,34.59,2027-02-16,,Ongoing,AG008,V014,22.485476,70.105467,66.57550023823045,72.33437040358203,24.141476026084398,normal
MPL-0069,MP-430,Tamil Nadu,Constituency-059,District-11,Health Facility Project 0069,Health Facility,2026-01-27,2026-02-06,2026-02-06,55.33,51.33,2026-12-27,,Under Review,AG001,V024,11.762776,79.819167,75.75329825151309,85.1331252641895,15.32875859172788,normal
MPL-0070,MP-280,West Bengal,Constituency-028,District-25,Sports Facility Project 0070,Sports Facility,2026-01-19,2026-02-09,2026-02-09,62.32,57.68,2026-09-17,,Under Review,AG003,V007,22.159314,88.113126,39.48698401425523,37.2354694495224,27.38230121997351,normal
MPL-0071,MP-008,Uttar Pradesh,Constituency-064,District-24,Sports Facility Project 0071,Sports Facility,2026-06-02,2026-06-20,2026-06-20,11.27,10.86,2027-03-05,2026-12-27,Completed,AG016,V068,29.964776,77.597767,67.96287263194478,12.058522078859903,0.9037424357774962,low_expenditure
MPL-0072,MP-428,Rajasthan,Constituency-038,District-04,Public Library Project 0072,Public Library,2026-01-02,2026-01-19,2026-01-19,70.05,64.77,2026-10-27,,Under Review,AG018,V046,28.037676,73.359667,36.03078451221052,44.29635807126359,45.78709875827637,normal
MPL-0073,MP-342,West Bengal,Constituency-100,District-06,Drainage Project 0073,Drainage,2026-01-16,2026-01-23,2026-01-23,68.8,65.14,2026-11-10,2026-08-27,Completed,AG027,V047,23.299274,87.840814,67.38792085666014,66.91509680267404,29.948528595710982,payment_milestone_issue
MPL-0074,MP-182,Bihar,Constituency-099,District-21,Water Supply Project 0074,Water Supply,2026-03-11,2026-03-31,2026-03-31,66.68,63.08,2027-03-11,,Ongoing,AG029,V045,26.164776,87.517767,43.05443200527319,35.394411667400824,35.909643835246584,normal
MPL-0075,MP-282,West Bengal,Constituency-076,District-02,Drainage Project 0075,Drainage,2026-05-29,2026-06-14,2026-06-14,79.03,75.52,2027-05-22,2027-06-12,Completed,AG022,V073,22.610576,88.311367,88.40351853144881,83.35857421024157,36.48177058177291,normal
MPL-0076,MP-461,Madhya Pradesh,Constituency-117,District-26,Road Project 0076,Road,2026-02-20,2026-03-15,2026-03-15,54.42,55.92,2026-09-30,,Ongoing,AG002,V048,24.247571,82.618648,39.966307720731656,41.0360637305748,25.375137847960463,normal
MPL-0077,MP-373,Madhya Pradesh,Constituency-048,District-30,Public Library Project 0077,Public Library,2026-04-12,2026-04-26,2026-04-26,66.39,67.19,2026-11-18,,Ongoing,AG005,V008,22.064776,75.947767,89.03120696013686,31.275299199435413,61.69367017232888,financial_physical_mismatch
MPL-0078,MP-342,West Bengal,Constituency-011,District-19,Road Project 0078,Road,2025-12-22,2026-01-17,2026-01-17,14.8,14.72,2026-10-08,,Ongoing,AG026,V043,23.184776,86.417767,50.62808356329626,54.55022397335041,8.802250376539986,normal
MPL-0079,MP-434,Telangana,Constituency-066,District-12,School Infrastructure Project 0079,School Infrastructure,2026-03-16,2026-03-21,2026-03-21,35.12,35.37,2027-02-07,,Ongoing,AG020,V011,17.614776,78.177767,79.72516310981405,82.46772390969794,24.38224780177692,normal
MPL-0080,MP-345,Rajasthan,Constituency-113,District-25,Health Facility Project 0080,Health Facility,2026-01-26,2026-02-19,2026-02-19,80.0,74.96,2026-10-14,,Ongoing,AG025,V063,25.234776,76.587767,51.2685655910042,56.607209411775,38.90990305889492,normal
MPL-0081,MP-245,Gujarat,Constituency-040,District-26,School Infrastructure Project 0081,School Infrastructure,2026-01-13,2026-02-12,2026-02-12,39.51,38.13,2027-02-11,2026-12-05,Completed,AG027,V080,23.234776,72.727767,72.19996072036932,100.0,18.50926730658384,sudden_progress_jump
MPL-0082,MP-493,Tamil Nadu,Constituency-112,District-12,Sports Facility Project 0082,Sports Facility,2026-02-20,2026-03-14,2026-03-14,44.21,42.71,2026-12-16,,Ongoing,AG015,V060,12.696676,80.036567,43.91319952852293,36.3065496203059,24.364843198381596,normal
MPL-0083,MP-425,Bihar,Constituency-007,District-13,Community Hall Project 0083,Community Hall,2026-01-21,2026-02-11,2026-02-11,40.35,39.4,2026-10-18,2026-07-27,Completed,AG010,V011,24.816874,84.349314,80.70756952510021,70.72526805760026,28.86316444373576,normal
MPL-0084,MP-481,Karnataka,Constituency-058,District-20,Health Facility Project 0084,Health Facility,2026-03-18,2026-03-23,2026-03-23,68.42,67.84,2026-10-14,,Ongoing,AG008,V004,13.174776,77.577767,78.52593506151968,69.55312599148886,27.27480610627802,normal
MPL-0085,MP-065,Rajasthan,Constituency-015,District-27,School Infrastructure Project 0085,School Infrastructure,2026-04-26,2026-05-16,2026-05-16,16.01,15.24,2027-02-28,,Under Review,AG018,V078,26.014776,76.397767,51.5633157022421,40.61380352785683,7.20101488200531,normal
MPL-0086,MP-539,Bihar,Constituency-070,District-17,Sports Facility Project 0086,Sports Facility,2026-02-14,2026-03-16,2026-03-16,8.11,7.78,2026-12-30,2026-09-09,Completed,AG008,V019,25.384776,86.517767,66.38650438123358,58.507410440798,4.700317330698822,normal
MPL-0087,MP-046,Telangana,Constituency-046,District-18,Drainage Project 0087,Drainage,2026-03-22,2026-04-06,2026-04-06,61.81,59.29,2026-12-06,2026-10-17,Completed,AG002,V050,19.364776,79.527767,38.71577567580444,32.02054601228862,70.18974102509188,cost_overrun
MPL-0088,MP-528,Madhya Pradesh,Constituency-051,District-27,Drainage Project 0088,Drainage,2026-01-13,2026-02-04,2026-02-04,59.56,60.98,2026-08-19,2026-10-01,Completed,AG021,V024,22.964776,80.197767,37.03410846098767,29.469110303395087,40.81317510603476,normal
MPL-0089,MP-509,Rajasthan,Constituency-089,District-16,Sanitation Project 0089,Sanitation,2026-06-01,2026-06-17,2026-06-17,27.67,27.89,2027-03-08,2027-01-10,Completed,AG012,V007,25.764776,71.447767,59.0323260718715,55.83280511404966,13.472554998479508,normal
MPL-0090,MP-171,Karnataka,Constituency-089,District-15,Street Lighting Project 0090,Street Lighting,2026-05-19,2026-06-04,2026-06-04,47.27,45.16,2027-01-16,,Under Review,AG003,V056,14.804776,75.447767,39.40379010912474,41.94401298120375,18.62591701636094,normal
MPL-0091,MP-449,Tamil Nadu,Constituency-005,District-05,Sports Facility Project 0091,Sports Facility,2026-06-06,2026-06-13,2026-06-13,13.4,13.27,2026-12-24,,Ongoing,AG014,V036,11.679076,78.193767,54.98211218580403,60.60622364817176,8.095862745821496,normal
MPL-0092,MP-322,Tamil Nadu,Constituency-084,District-09,Street Lighting Project 0092,Street Lighting,2026-05-23,2026-06-04,2026-06-04,56.89,58.28,2027-01-09,,Under Review,AG019,V005,10.801776,79.185567,55.4607358158876,60.24859419545635,32.2975254578887,normal
MPL-0093,MP-205,Gujarat,Constituency-016,District-05,Drainage Project 0093,Drainage,2026-05-17,2026-05-24,2026-05-24,26.85,25.47,2026-12-20,,Under Review,AG017,V050,21.779276,72.199667,59.545021182308886,69.46505364971362,10.222530829735204,normal
MPL-0094,MP-371,Madhya Pradesh,Constituency-066,District-08,Community Hall Project 0094,Community Hall,2026-06-12,2026-06-20,2026-06-20,59.09,57.94,2027-03-15,,Ongoing,AG026,V041,24.594776,80.877767,50.96992555277975,45.56897247398799,19.3217026971696,normal
MPL-0095,MP-539,Rajasthan,Constituency-053,District-25,Drainage Project 0095,Drainage,2026-05-04,2026-05-22,2026-05-22,34.56,34.85,2027-04-13,,Under Review,AG001,V047,25.289993,76.540991,65.34058136595351,66.80344534360498,10.304943053852025,payment_milestone_issue
MPL-0096,MP-515,Tamil Nadu,Constituency-117,District-28,Community Hall Project 0096,Community Hall,2026-06-18,2026-06-24,2026-06-24,32.81,33.35,2027-05-02,,Under Review,AG015,V060,12.844776,79.747767,77.91446108610697,79.98992753217355,11.553789420127304,normal
MPL-0097,MP-311,Uttar Pradesh,Constituency-079,District-18,School Infrastructure Project 0097,School Infrastructure,2026-02-20,2026-02-27,2026-02-27,76.22,74.47,2026-11-22,2026-09-07,Completed,AG006,V042,27.884776,78.697767,50.62265706454481,40.35757496982568,26.36536009026938,normal
MPL-0098,MP-216,West Bengal,Constituency-099,District-19,School Infrastructure Project 0098,School Infrastructure,2026-05-17,2026-06-04,2026-06-04,68.66,67.42,2027-02-25,2027-04-26,Completed,AG006,V080,23.217571,86.318648,80.38799470296476,69.01221143674007,18.479468432288204,normal
MPL-0099,MP-476,Bihar,Constituency-027,District-11,Sanitation Project 0099,Sanitation,2026-04-10,2026-05-04,2026-05-04,65.94,65.63,2027-01-01,,Under Review,AG021,V039,25.104776,85.357767,51.35886292863583,40.96426948975344,18.49150894629623,normal
MPL-0100,MP-429,Tamil Nadu,Constituency-032,District-28,Health Facility Project 0100,Health Facility,2026-03-26,2026-04-05,2026-04-05,48.44,46.27,2027-02-10,,Under Review,AG013,V017,12.898257,79.715522,60.655991187235,54.54036802522702,51.67196517809019,cost_overrun
MPL-0101,MP-221,Tamil Nadu,Constituency-075,District-12,Water Supply Project 0101,Water Supply,2026-05-02,2026-05-08,2026-05-08,41.61,42.3,2027-03-15,,Ongoing,AG025,V021,12.748774,79.968114,62.355365017613,52.33644510857625,19.39109652563601,normal
MPL-0102,MP-396,Madhya Pradesh,Constituency-065,District-15,Sanitation Project 0102,Sanitation,2025-12-30,2026-01-28,2026-01-28,17.64,16.74,2026-11-14,2026-07-25,Completed,AG018,V002,22.614776,76.947767,55.117770187647054,27.921787898816703,13.266529601861462,financial_physical_mismatch
MPL-0103,MP-513,West Bengal,Constituency-006,District-02,Sports Facility Project 0103,Sports Facility,2026-01-19,2026-01-25,2026-01-25,34.87,35.87,2026-11-01,,Under Review,AG004,V017,22.575114,88.196726,65.68075110496707,61.72409131565246,11.710181195698746,normal
MPL-0104,MP-522,Madhya Pradesh,Constituency-069,District-16,Public Library Project 0104,Public Library,2026-05-09,2026-06-05,2026-06-05,18.06,18.47,2027-04-12,2027-03-21,Completed,AG015,V020,23.544776,76.507767,52.51915174676189,49.16415267982452,10.652484921907416,normal
MPL-0105,MP-053,Maharashtra,Constituency-075,District-16,Health Facility Project 0105,Health Facility,2026-04-07,2026-04-17,2026-04-17,30.15,30.72,2027-03-12,,Ongoing,AG011,V015,20.503671,74.479048,82.96545127661824,100.0,17.39864360310352,sudden_progress_jump
MPL-0106,MP-514,Telangana,Constituency-100,District-20,School Infrastructure Project 0106,School Infrastructure,2025-12-20,2026-01-09,2026-01-09,76.27,71.09,2026-12-01,,Under Review,AG027,V032,18.264776,79.847767,36.04155521286369,30.942789848672504,23.47808151404326,normal
MPL-0107,MP-271,Maharashtra,Constituency-079,District-16,School Infrastructure Project 0107,School Infrastructure,2026-05-13,2026-05-24,2026-05-24,79.86,77.67,2027-02-11,2027-04-22,Completed,AG017,V027,20.36834,74.510443,55.72536269021327,64.77244351853733,38.339595261939486,normal
MPL-0108,MP-389,Uttar Pradesh,Constituency-115,District-13,Water Supply Project 0108,Water Supply,2026-06-14,2026-06-30,2026-06-30,57.7,56.19,2027-02-18,2027-01-07,Completed,AG010,V037,27.636874,80.659314,61.38918827611337,61.719915261310206,41.87712903187594,normal
MPL-0109,MP-112,Uttar Pradesh,Constituency-079,District-24,Road Project 0109,Road,2026-03-07,2026-03-30,2026-03-30,55.23,55.35,2027-01-17,2026-10-11,Completed,AG010,V011,29.929314,77.483126,46.76927444423541,52.98421192141216,21.791313966171614,normal
MPL-0110,MP-417,Bihar,Constituency-084,District-30,Water Supply Project 0110,Water Supply,2025-12-25,2026-01-14,2026-01-14,37.76,37.72,2026-08-07,,Ongoing,AG021,V030,25.694776,85.267767,40.529969762754135,45.48682304091628,9.53358540399278,normal
MPL-0111,MP-038,Uttar Pradesh,Constituency-108,District-13,Health Facility Project 0111,Health Facility,2025-12-24,2026-01-23,2026-01-23,49.34,48.3,2026-06-14,,Delayed,AG010,V008,27.543403,80.59402,74.77147230333328,32.056124329120834,35.45276774742255,delay
MPL-0112,MP-517,Uttar Pradesh,Constituency-060,District-09,Road Project 0112,Road,2026-05-15,2026-05-26,2026-05-26,15.73,16.17,2027-04-25,,Ongoing,AG001,V039,26.775376,83.420967,50.65089087925254,60.41107922120446,8.698639474131632,normal
MPL-0113,MP-528,Madhya Pradesh,Constituency-042,District-03,Sanitation Project 0113,Sanitation,2025-12-18,2026-01-04,2026-01-04,64.94,63.8,2026-09-27,,Under Review,AG023,V024,23.229071,79.935048,76.65055126416587,68.51143936861209,44.899737895502696,normal
MPL-0114,MP-369,Gujarat,Constituency-089,District-08,Drainage Project 0114,Drainage,2025-12-27,2026-01-02,2026-01-02,35.62,34.52,2026-09-05,2026-11-25,Completed,AG011,V032,22.579276,72.976667,49.68468798303541,44.93644465591552,19.28646892614938,normal
MPL-0115,MP-157,Gujarat,Constituency-059,District-24,Street Lighting Project 0115,Street Lighting,2026-06-06,2026-06-30,2026-06-30,57.7,57.14,2027-03-16,,Under Review,AG022,V065,23.114776,71.677767,86.73495930602452,82.82092517427226,20.97324255306076,normal
MPL-0116,MP-550,Madhya Pradesh,Constituency-020,District-06,Public Library Project 0116,Public Library,2026-02-18,2026-03-05,2026-03-05,62.34,63.34,2027-02-22,,Ongoing,AG026,V028,23.905674,78.717114,39.50286685603012,27.97588061228992,46.38715094644807,financial_physical_mismatch
MPL-0117,MP-023,Rajasthan,Constituency-051,District-09,Sports Facility Project 0117,Sports Facility,2026-05-06,2026-05-11,2026-05-11,66.23,64.23,2027-03-01,2027-04-21,Completed,AG016,V012,27.188603,77.40702,63.22863137609029,61.27819784175156,18.02296972282692,normal
MPL-0118,MP-384,Maharashtra,Constituency-115,District-13,Street Lighting Project 0118,Street Lighting,2026-04-30,2026-05-19,2026-05-19,75.29,69.84,2026-11-30,,Under Review,AG012,V009,19.177576,74.785067,86.35765594217119,75.05582310467894,32.59429140273664,normal
MPL-0119,MP-024,Telangana,Constituency-039,District-15,Community Hall Project 0119,Community Hall,2026-01-09,2026-02-04,2026-02-04,69.94,65.26,2027-01-17,,Ongoing,AG022,V070,18.164776,78.577767,89.60657268426729,86.2538625835162,20.719655586896923,normal
MPL-0120,MP-247,Telangana,Constituency-027,District-03,Water Supply Project 0120,Water Supply,2026-03-22,2026-03-30,2026-03-30,27.85,28.49,2026-11-04,,Ongoing,AG008,V059,18.687276,78.141867,74.87631702499051,65.35889907785301,19.34537772798677,normal
MPL-0121,MP-329,Maharashtra,Constituency-031,District-10,Water Supply Project 0121,Water Supply,2026-04-04,2026-04-13,2026-04-13,24.87,23.47,2027-01-30,2027-02-14,Completed,AG024,V006,17.695276,74.066067,82.5051633468531,100.0,12.135510854561176,sudden_progress_jump
MPL-0122,MP-538,Telangana,Constituency-041,District-23,Sanitation Project 0122,Sanitation,2026-05-05,2026-05-23,2026-05-23,71.34,72.79,2027-04-19,,Under Review,AG009,V008,17.344776,80.097767,69.42962257065815,66.82803538113811,37.317905674457016,normal
MPL-0123,MP-398,Gujarat,Constituency-032,District-09,Public Library Project 0123,Public Library,2026-02-16,2026-02-27,2026-02-27,69.74,65.27,2026-11-10,,Ongoing,AG016,V031,23.602776,72.417067,60.4663837724236,49.73411033066552,30.59329364407155,normal
MPL-0124,MP-491,Madhya Pradesh,Constituency-027,District-28,Health Facility Project 0124,Health Facility,2026-02-03,2026-02-18,2026-02-18,27.33,27.17,2026-08-30,,Ongoing,AG003,V069,22.614776,80.417767,68.16071247439918,75.38036256116905,9.502070248961072,normal
MPL-0125,MP-268,Rajasthan,Constituency-047,District-17,Water Supply Project 0125,Water Supply,2026-04-13,2026-05-03,2026-05-03,58.09,57.94,2026-12-31,2026-12-27,Completed,AG024,V016,25.364776,72.667767,56.81476328769293,91.13977250460503,24.361218014073632,sudden_progress_jump
MPL-0126,MP-303,Madhya Pradesh,Constituency-020,District-07,Health Facility Project 0126,Health Facility,2026-03-21,2026-04-05,2026-04-05,37.8,37.11,2026-12-21,,Under Review,AG030,V027,24.550976,81.351467,47.17007540739239,38.38037509564846,14.406483425938324,normal
MPL-0127,MP-189,Rajasthan,Constituency-118,District-29,Drainage Project 0127,Drainage,2026-02-13,2026-03-07,2026-03-07,77.59,76.86,2026-09-05,,Delayed,AG018,V044,26.184776,75.827767,61.98275704194303,28.007838269052343,51.59896355760677,delay
MPL-0128,MP-500,Bihar,Constituency-003,District-01,Road Project 0128,Road,2026-05-30,2026-06-21,2026-06-21,63.03,60.85,2026-12-30,,Under Review,AG027,V010,25.608876,85.185367,81.33995942539417,26.631857152940498,48.3538524299985,financial_physical_mismatch
MPL-0129,MP-540,Bihar,Constituency-033,District-27,Sanitation Project 0129,Sanitation,2025-12-20,2026-01-05,2026-01-05,66.55,66.16,2026-11-09,,Ongoing,AG018,V037,26.484776,84.477767,79.33922344210859,87.35423749408145,71.73374326101224,cost_overrun
MPL-0130,MP-416,Tamil Nadu,Constituency-049,District-13,Street Lighting Project 0130,Street Lighting,2026-02-10,2026-03-04,2026-03-04,24.26,24.14,2027-02-25,,Ongoing,AG015,V073,12.541376,78.262367,81.63269061173446,84.01487644203583,17.015227564348876,normal
MPL-0131,MP-278,Gujarat,Constituency-006,District-30,Community Hall Project 0131,Community Hall,2026-06-08,2026-06-15,2026-06-15,48.74,49.44,2027-03-06,,Under Review,AG016,V056,23.364776,70.097767,40.24490095089016,23.021753358724084,8.176489042172097,low_expenditure
MPL-0132,MP-247,Bihar,Constituency-073,District-27,Sports Facility Project 0132,Sports Facility,2026-01-29,2026-02-15,2026-02-15,9.13,8.61,2026-11-02,2026-09-04,Completed,AG022,V005,26.536874,84.409314,42.93053587059673,48.98573218326007,5.898523866179914,normal
MPL-0133,MP-335,Telangana,Constituency-004,District-21,School Infrastructure Project 0133,School Infrastructure,2026-04-26,2026-05-09,2026-05-09,11.87,11.49,2027-02-01,,Under Review,AG026,V011,18.014776,80.197767,81.12710616872462,76.62014659117696,7.555513727299535,normal
MPL-0134,MP-275,Rajasthan,Constituency-020,District-13,Health Facility Project 0134,Health Facility,2026-03-25,2026-04-21,2026-04-21,56.94,56.52,2026-12-04,,Ongoing,AG018,V049,29.594776,73.927767,39.713176470020464,41.322726055738,38.03622156436556,normal
MPL-0135,MP-106,Telangana,Constituency-004,District-03,Health Facility Project 0135,Health Facility,2026-01-08,2026-01-24,2026-01-24,75.89,73.53,2026-07-24,,Under Review,AG012,V014,18.720071,78.042748,76.87405701605346,67.12314812654486,21.784551712387994,normal
MPL-0136,MP-174,Tamil Nadu,Constituency-018,District-09,Street Lighting Project 0136,Street Lighting,2026-04-02,2026-04-16,2026-04-16,64.1,64.08,2027-01-20,,Under Review,AG001,V038,10.853874,79.117114,65.77451001693618,75.61457441975342,24.26411857353709,normal
MPL-0137,MP-110,Gujarat,Constituency-018,District-10,Street Lighting Project 0137,Street Lighting,2026-03-13,2026-03-18,2026-03-18,64.35,61.76,2027-01-15,,Under Review,AG009,V054,23.311993,69.667891,86.93222625972669,90.79201421374972,31.66900200076212,normal
MPL-0138,MP-491,West Bengal,Constituency-041,District-06,Street Lighting Project 0138,Street Lighting,2026-04-06,2026-04-23,2026-04-23,39.0,39.41,2027-01-13,,Ongoing,AG026,V043,23.205803,87.77552,70.80702721016404,71.88367142958293,16.127781921678253,normal
MPL-0139,MP-028,Madhya Pradesh,Constituency-094,District-15,Sports Facility Project 0139,Sports Facility,2026-02-26,2026-03-25,2026-03-25,28.18,28.36,2026-12-26,,Ongoing,AG026,V032,22.666874,76.879314,55.07585455673807,63.58133191368387,10.093154572159396,normal
MPL-0140,MP-411,Karnataka,Constituency-069,District-17,Street Lighting Project 0140,Street Lighting,2026-01-09,2026-02-05,2026-02-05,29.8,28.24,2027-01-13,,Under Review,AG022,V064,17.317571,77.098648,43.47787789507211,40.78669290764399,12.702496971743187,normal
MPL-0141,MP-340,Tamil Nadu,Constituency-102,District-14,Public Library Project 0141,Public Library,2026-01-20,2026-01-28,2026-01-28,55.35,53.08,2026-09-28,,Under Review,AG020,V011,12.098076,79.131067,70.58499163908724,59.55951889669993,40.94125949312355,normal
MPL-0142,MP-108,Bihar,Constituency-038,District-14,Public Library Project 0142,Public Library,2026-06-19,2026-06-26,2026-06-26,23.91,22.98,2026-12-24,,Delayed,AG018,V075,24.894776,85.577767,60.46847647040205,34.942568135366336,14.15411212131212,delay
MPL-0143,MP-352,Gujarat,Constituency-083,District-04,Health Facility Project 0143,Health Facility,2026-04-01,2026-04-27,2026-04-27,45.52,43.62,2026-12-15,,Ongoing,AG010,V044,22.283214,70.735326,40.369266711914,16.027710211532387,37.60723590662482,financial_physical_mismatch
MPL-0144,MP-406,Rajasthan,Constituency-004,District-24,Public Library Project 0144,Public Library,2026-01-17,2026-02-10,2026-02-10,48.31,49.54,2026-11-01,,Under Review,AG006,V071,25.454776,75.687767,47.75205510762757,44.66309870579313,17.228002698730023,normal
MPL-0145,MP-117,Telangana,Constituency-034,District-22,Street Lighting Project 0145,Street Lighting,2026-02-02,2026-02-22,2026-02-22,62.17,62.73,2026-08-19,,Delayed,AG001,V028,17.564776,80.667767,38.44100633080404,18.14962278997046,44.67310958690565,delay
MPL-0146,MP-321,West Bengal,Constituency-016,District-08,Street Lighting Project 0146,Street Lighting,2026-05-17,2026-05-31,2026-05-31,33.05,33.48,2026-12-26,2026-12-11,Completed,AG020,V051,24.078114,88.184526,68.95494736350338,100.0,20.897339871969844,sudden_progress_jump
MPL-0147,MP-171,Gujarat,Constituency-063,District-10,Public Library Project 0147,Public Library,2026-05-24,2026-06-02,2026-06-02,49.39,47.74,2027-01-03,,Ongoing,AG013,V054,23.271021,69.581707,61.76686186308108,61.58920580303754,35.19179537107423,normal
MPL-0148,MP-455,West Bengal,Constituency-063,District-06,Road Project 0148,Road,2025-12-27,2026-01-03,2026-01-03,17.83,18.0,2026-11-03,,Under Review,AG028,V046,23.127313,87.894007,88.0105999178217,87.13023635189644,9.222012348645489,normal
MPL-0149,MP-275,Rajasthan,Constituency-100,District-18,Sanitation Project 0149,Sanitation,2026-02-11,2026-02-27,2026-02-27,28.78,28.95,2027-01-10,,Ongoing,AG002,V036,25.836874,73.299314,66.11077536522227,71.10682340479443,14.837340278798516,normal
MPL-0150,MP-121,Madhya Pradesh,Constituency-100,District-26,Public Library Project 0150,Public Library,2026-01-15,2026-01-27,2026-01-27,62.1,59.17,2027-01-09,,Under Review,AG007,V055,24.11224,82.650043,89.96219681033992,87.85630835260902,25.723908850845444,normal
MPL-0151,MP-300,Tamil Nadu,Constituency-038,District-19,Sports Facility Project 0151,Sports Facility,2026-01-30,2026-02-12,2026-02-12,18.02,16.99,2027-01-15,2027-01-18,Completed,AG021,V055,10.781476,79.881067,46.38184964134713,82.1572205622999,7.406488143326556,sudden_progress_jump
MPL-0152,MP-502,Karnataka,Constituency-019,District-19,School Infrastructure Project 0152,School Infrastructure,2025-12-22,2026-01-16,2026-01-16,70.43,65.78,2026-09-23,,Under Review,AG025,V053,13.324776,75.817767,82.63433372451362,76.1272330471527,41.246643173019486,normal
MPL-0153,MP-470,Madhya Pradesh,Constituency-082,District-22,Community Hall Project 0153,Community Hall,2026-03-18,2026-04-14,2026-04-14,61.99,61.77,2027-02-19,,Ongoing,AG021,V012,24.747571,80.148648,83.25245462580706,81.25575890544432,31.420149005017645,normal
MPL-0154,MP-050,Bihar,Constituency-006,District-04,Street Lighting Project 0154,Street Lighting,2026-01-30,2026-02-24,2026-02-24,27.33,27.63,2026-12-27,2027-01-24,Completed,AG007,V055,26.135676,85.412467,53.576533534393306,54.29107362013424,15.198028458059513,normal
MPL-0155,MP-370,Karnataka,Constituency-033,District-03,School Infrastructure Project 0155,School Infrastructure,2025-12-16,2026-01-01,2026-01-01,22.57,22.47,2026-10-17,2026-07-03,Completed,AG015,V059,12.928876,74.903767,42.25521980612074,44.5551581916151,7.510778503491694,normal
MPL-0156,MP-010,Maharashtra,Constituency-002,District-23,Street Lighting Project 0156,Street Lighting,2026-06-14,2026-06-29,2026-06-29,38.9,36.18,2027-02-23,,Under Review,AG021,V040,21.384776,74.287767,40.23510228887011,32.930368181686795,10.539506161643352,normal
MPL-0157,MP-147,Telangana,Constituency-009,District-17,School Infrastructure Project 0157,School Infrastructure,2026-02-05,2026-02-28,2026-02-28,14.43,14.55,2026-12-03,,Ongoing,AG016,V010,18.814776,78.977767,40.67608432646343,36.762441498161024,5.945207457337324,estimate_revision
MPL-0158,MP-394,Madhya Pradesh,Constituency-045,District-14,Health Facility Project 0158,Health Facility,2026-05-26,2026-06-10,2026-06-10,74.23,73.32,2027-01-09,,Delayed,AG024,V028,22.797571,77.668648,59.33111281914964,13.078930562282707,53.17124322918678,delay
MPL-0159,MP-402,Karnataka,Constituency-038,District-21,Water Supply Project 0159,Water Supply,2026-05-28,2026-06-03,2026-06-03,51.75,52.04,2027-06-02,,Ongoing,AG018,V077,13.499993,77.720991,72.97618412580596,79.62981042348505,31.169610193392373,payment_milestone_issue
MPL-0160,MP-431,Rajasthan,Constituency-047,District-18,Drainage Project 0160,Drainage,2026-02-05,2026-03-03,2026-03-03,53.94,50.05,2027-01-04,,Under Review,AG013,V015,25.743403,73.23402,83.87984904477992,72.14532331738432,22.09117158907462,payment_milestone_issue
MPL-0161,MP-434,Karnataka,Constituency-090,District-13,Road Project 0161,Road,2025-12-28,2026-01-04,2026-01-04,23.53,24.04,2026-09-08,,Under Review,AG019,V009,16.844976,75.757767,87.17739983209185,83.93285035756516,9.66019835858006,normal
MPL-0162,MP-318,Gujarat,Constituency-090,District-14,Sanitation Project 0162,Sanitation,2025-12-24,2026-01-21,2026-01-21,74.31,76.33,2026-11-27,,Ongoing,AG003,V040,23.864776,72.177767,43.545742217462205,38.734248735737445,42.80675678595163,normal
MPL-0163,MP-356,Rajasthan,Constituency-067,District-17,Community Hall Project 0163,Community Hall,2025-12-31,2026-01-30,2026-01-30,52.09,48.24,2026-11-22,,Under Review,AG030,V056,25.416874,72.599314,71.63437683726208,18.15587134014436,34.8423106190194,financial_physical_mismatch
MPL-0164,MP-467,Tamil Nadu,Constituency-066,District-12,School Infrastructure Project 0164,School Infrastructure,2026-01-25,2026-01-31,2026-01-31,32.12,31.07,2026-08-06,,Under Review,AG024,V035,12.655303,79.90282,63.81198162967681,57.59687394785933,23.82375553400204,normal
MPL-0165,MP-184,Tamil Nadu,Constituency-120,District-28,School Infrastructure Project 0165,School Infrastructure,2026-05-21,2026-05-27,2026-05-27,60.04,56.75,2027-05-14,,Ongoing,AG009,V014,12.891163,79.633976,62.98536867008558,17.07646884366607,5.662931072145486,low_expenditure
MPL-0166,MP-411,Telangana,Constituency-009,District-29,Water Supply Project 0166,Water Supply,2026-03-29,2026-04-17,2026-04-17,31.04,31.38,2027-04-16,,Ongoing,AG011,V032,17.279314,78.783126,66.43447794396019,20.13325640186499,25.83059844416494,financial_physical_mismatch
MPL-0167,MP-201,Uttar Pradesh,Constituency-094,District-29,Health Facility Project 0167,Health Facility,2026-04-05,2026-04-27,2026-04-27,34.56,32.9,2026-10-26,,Under Review,AG003,V071,25.214776,81.047767,78.14789695080378,82.41856865893898,12.454937095593584,estimate_revision
MPL-0168,MP-211,Maharashtra,Constituency-068,District-08,Street Lighting Project 0168,Street Lighting,2026-05-01,2026-05-19,2026-05-19,53.79,53.59,2027-02-11,2026-11-21,Completed,AG001,V030,19.185871,77.269648,35.52771510410655,30.898097204689897,34.953137059982154,estimate_revision
MPL-0169,MP-077,Gujarat,Constituency-076,District-19,Sanitation Project 0169,Sanitation,2026-02-23,2026-03-01,2026-03-01,37.74,38.44,2027-01-08,,Under Review,AG003,V006,21.939993,73.550991,60.21519156992817,64.66897834441338,21.44215614566214,normal
MPL-0170,MP-160,Rajasthan,Constituency-014,District-06,Sanitation Project 0170,Sanitation,2026-03-23,2026-04-11,2026-04-11,67.9,64.9,2027-04-05,,Ongoing,AG009,V041,24.600176,73.760267,59.901681877356566,53.04112886339945,79.6409785991232,cost_overrun
MPL-0171,MP-221,Bihar,Constituency-107,District-28,Health Facility Project 0171,Health Facility,2026-04-11,2026-04-26,2026-04-26,41.36,41.93,2027-01-09,,Ongoing,AG025,V027,26.234776,84.397767,39.97314884266887,45.74028074564078,17.243039143155578,normal
MPL-0172,MP-097,Tamil Nadu,Constituency-060,District-04,Street Lighting Project 0172,Street Lighting,2026-05-24,2026-06-23,2026-06-23,26.73,27.5,2027-03-06,,Ongoing,AG017,V007,10.857374,78.684014,36.709515134731774,33.60614411656962,13.465832044020488,normal
MPL-0173,MP-132,Maharashtra,Constituency-012,District-29,Water Supply Project 0173,Water Supply,2026-03-14,2026-04-13,2026-04-13,57.41,58.74,2027-01-13,,Under Review,AG005,V026,20.114776,80.047767,39.62216833254552,37.9347128010009,44.61597095549795,financial_physical_mismatch
MPL-0174,MP-036,Madhya Pradesh,Constituency-079,District-20,Road Project 0174,Road,2026-03-28,2026-04-21,2026-04-21,36.44,33.64,2026-09-07,,Delayed,AG006,V074,24.884776,78.477767,72.57671042134255,16.996363857018096,12.2382163965608,delay
MPL-0175,MP-392,Telangana,Constituency-101,District-23,Public Library Project 0175,Public Library,2026-01-07,2026-01-23,2026-01-23,35.58,34.37,2026-10-01,,Ongoing,AG016,V008,17.309314,79.983126,70.34588891011393,75.88424363154022,13.13100042234648,normal
MPL-0176,MP-164,Tamil Nadu,Constituency-013,District-08,Sports Facility Project 0176,Sports Facility,2026-03-15,2026-04-10,2026-04-10,20.95,20.01,2026-12-15,,Ongoing,AG017,V042,12.931276,79.180267,47.0461103440202,37.80522043890313,16.525988032445657,financial_physical_mismatch
MPL-0177,MP-193,Maharashtra,Constituency-108,District-26,Water Supply Project 0177,Water Supply,2026-03-12,2026-04-01,2026-04-01,20.68,20.37,2026-11-11,,Ongoing,AG019,V050,19.734776,76.767767,79.34156239476636,31.11289847708262,18.52675428667524,financial_physical_mismatch
MPL-0178,MP-332,Maharashtra,Constituency-008,District-01,Community Hall Project 0178,Community Hall,2026-05-26,2026-06-04,2026-06-04,9.43,9.17,2027-01-26,,Ongoing,AG002,V030,18.535176,73.904467,53.24536964658119,54.75633453515549,6.2119053532279445,payment_milestone_issue
MPL-0179,MP-499,Karnataka,Constituency-084,District-11,Public Library Project 0179,Public Library,2026-01-09,2026-01-19,2026-01-19,58.73,58.31,2026-10-21,,Under Review,AG028,V047,13.355676,77.148367,67.23091647443749,62.63526003953519,24.54732620890173,normal
MPL-0180,MP-034,West Bengal,Constituency-024,District-20,Health Facility Project 0180,Health Facility,2026-01-30,2026-02-14,2026-02-14,30.09,29.96,2026-11-17,,Under Review,AG008,V076,22.866874,86.979314,42.00416005979445,46.03844109038643,22.555616549308983,normal
MPL-0181,MP-012,Rajasthan,Constituency-034,District-07,Sports Facility Project 0181,Sports Facility,2026-01-25,2026-02-06,2026-02-06,61.66,58.34,2026-10-28,2026-11-07,Completed,AG004,V064,25.355476,74.679067,89.03088102171964,80.72440419025449,70.77004507394525,cost_overrun
MPL-0182,MP-167,Karnataka,Constituency-058,District-03,Road Project 0182,Road,2026-03-24,2026-04-23,2026-04-23,77.78,79.13,2027-02-04,,Ongoing,AG002,V050,12.893414,74.789126,62.11950964106162,58.45118628609532,91.81315640830329,cost_overrun
MPL-0183,MP-032,Tamil Nadu,Constituency-056,District-21,Sanitation Project 0183,Sanitation,2026-03-19,2026-03-29,2026-03-29,71.93,67.45,2026-11-07,,Under Review,AG004,V010,8.814776,78.197767,39.12513315742868,47.84548431520369,51.82601738133917,payment_milestone_issue
MPL-0184,MP-158,Maharashtra,Constituency-007,District-12,Community Hall Project 0184,Community Hall,2026-02-13,2026-02-18,2026-02-18,58.2,58.17,2026-11-29,,Under Review,AG011,V027,18.200376,76.089667,75.14857031186594,10.744531645577649,7.232280464001028,low_expenditure
MPL-0185,MP-272,West Bengal,Constituency-012,District-21,Drainage Project 0185,Drainage,2025-12-16,2026-01-07,2026-01-07,20.3,19.33,2026-08-27,,Under Review,AG007,V013,22.434776,87.367767,39.50648520921458,46.06940484484719,7.991549748866126,estimate_revision
MPL-0186,MP-088,Telangana,Constituency-086,District-12,Health Facility Project 0186,Health Facility,2025-12-13,2026-01-12,2026-01-12,39.66,37.64,2026-09-16,,Ongoing,AG006,V058,17.647571,78.078648,81.03933136739514,81.45275630151461,12.424936050210066,normal
MPL-0187,MP-405,West Bengal,Constituency-116,District-28,Water Supply Project 0187,Water Supply,2026-03-14,2026-04-10,2026-04-10,38.14,37.34,2027-02-17,,Ongoing,AG018,V008,23.414776,88.547767,82.67917075380592,81.12530729248816,26.783106406548644,normal
MPL-0188,MP-446,Bihar,Constituency-026,District-27,Sports Facility Project 0188,Sports Facility,2026-01-13,2026-02-07,2026-02-07,76.35,74.01,2026-06-17,,Delayed,AG022,V080,26.443403,84.34402,87.1983815665561,11.066897515836152,26.813955077764497,delay
MPL-0189,MP-116,Tamil Nadu,Constituency-054,District-05,Community Hall Project 0189,Community Hall,2026-05-14,2026-05-23,2026-05-23,47.75,48.43,2027-02-28,,Under Review,AG003,V050,11.711871,78.094648,63.582849764813815,71.76041180204527,12.4248527133845,normal
MPL-0190,MP-283,Karnataka,Constituency-052,District-05,Community Hall Project 0190,Community Hall,2026-02-19,2026-03-15,2026-03-15,71.37,72.55,2027-01-26,,Ongoing,AG019,V013,15.864476,74.545467,49.52751465937041,51.9328434150685,40.1326516051144,normal
MPL-0191,MP-504,Maharashtra,Constituency-110,District-23,Street Lighting Project 0191,Street Lighting,2026-05-31,2026-06-26,2026-06-26,11.55,11.23,2027-02-21,2027-02-12,Completed,AG029,V043,21.417571,74.188648,49.77213952196184,45.965834832056224,4.818445130044961,normal
MPL-0192,MP-529,Gujarat,Constituency-112,District-12,Sanitation Project 0192,Sanitation,2026-03-18,2026-03-24,2026-03-24,60.47,59.66,2026-11-27,,Under Review,AG024,V057,20.964776,72.967767,39.91077676666127,37.62854192396293,43.79756262077949,normal
MPL-0193,MP-204,Uttar Pradesh,Constituency-036,District-12,Public Library Project 0193,Public Library,2026-04-26,2026-05-15,2026-05-15,10.08,9.49,2027-04-05,2027-04-20,Completed,AG013,V018,26.806976,82.247567,80.81114631921032,87.22463322660161,3.627361167382728,normal
MPL-0194,MP-093,Karnataka,Constituency-037,District-01,Road Project 0194,Road,2026-04-19,2026-05-06,2026-05-06,40.12,41.15,2027-04-03,2027-04-22,Completed,AG008,V048,12.986376,77.642367,61.10202589838514,61.23136775175579,17.795398649548368,normal
MPL-0195,MP-230,Rajasthan,Constituency-033,District-20,Water Supply Project 0195,Water Supply,2026-05-24,2026-06-23,2026-06-23,27.37,26.41,2027-02-10,,Ongoing,AG021,V029,24.044776,74.827767,36.10287966247384,35.964855075204554,22.43461654915248,financial_physical_mismatch
MPL-0196,MP-290,Uttar Pradesh,Constituency-039,District-22,Street Lighting Project 0196,Street Lighting,2026-03-23,2026-03-31,2026-03-31,26.14,25.39,2027-01-22,2027-01-28,Completed,AG029,V049,28.414776,77.897767,72.24578860130222,78.38062667365682,29.64658665589964,cost_overrun
MPL-0197,MP-328,Uttar Pradesh,Constituency-088,District-05,Health Facility Project 0197,Health Facility,2026-02-08,2026-03-08,2026-03-08,59.2,60.28,2027-02-18,,Under Review,AG028,V036,27.224271,77.956748,51.43351115554425,42.7319556753357,39.52568194727947,normal
MPL-0198,MP-368,Uttar Pradesh,Constituency-065,District-10,Sanitation Project 0198,Sanitation,2026-04-04,2026-04-14,2026-04-14,61.04,60.07,2027-01-18,,Under Review,AG030,V054,28.853376,78.821067,89.71145515488337,95.66377857804646,25.94294367595271,normal
MPL-0199,MP-364,Gujarat,Constituency-029,District-24,Sanitation Project 0199,Sanitation,2026-01-19,2026-02-02,2026-02-02,60.21,59.1,2026-10-06,,Ongoing,AG004,V061,23.169993,71.630991,85.19436195543975,94.02667631970668,42.95289383736265,normal
MPL-0200,MP-391,Tamil Nadu,Constituency-068,District-10,Sanitation Project 0200,Sanitation,2026-04-11,2026-04-29,2026-04-29,41.88,42.52,2026-11-25,,Ongoing,AG019,V038,10.240536,77.951474,67.09660408584193,75.87122573384363,12.234889371843291,normal
MPL-0201,MP-060,Gujarat,Constituency-001,District-15,Water Supply Project 0201,Water Supply,2026-05-13,2026-05-26,2026-05-26,18.31,18.58,2027-03-19,2027-04-13,Completed,AG011,V053,24.184776,72.477767,44.91962230087641,34.69747457331823,7.920535215565801,normal
MPL-0202,MP-330,West Bengal,Constituency-097,District-27,School Infrastructure Project 0202,School Infrastructure,2026-01-13,2026-02-03,2026-02-03,39.23,37.94,2027-01-06,2026-07-16,Completed,AG016,V012,23.194776,88.597767,58.59639967302256,57.0992057437151,9.578887952288897,normal
MPL-0203,MP-533,Rajasthan,Constituency-077,District-17,Water Supply Project 0203,Water Supply,2026-03-06,2026-03-21,2026-03-21,15.39,15.01,2026-10-20,,Under Review,AG023,V045,25.323403,72.53402,51.8363300650277,41.27264455937352,4.1162032035826766,normal
MPL-0204,MP-023,Gujarat,Constituency-076,District-17,Health Facility Project 0204,Health Facility,2026-03-23,2026-04-02,2026-04-02,19.87,20.26,2026-11-16,,Ongoing,AG029,V063,22.764776,73.657767,79.6604574262093,68.08120155492233,7.473717935097168,normal
MPL-0205,MP-455,Maharashtra,Constituency-049,District-04,Street Lighting Project 0205,Street Lighting,2026-04-25,2026-05-17,2026-05-17,11.5,11.84,2027-04-21,,Under Review,AG029,V033,19.855514,75.276426,71.40834537108421,73.78683297590077,3.083883533229564,normal
MPL-0206,MP-290,Rajasthan,Constituency-015,District-26,Road Project 0206,Road,2026-06-11,2026-06-19,2026-06-19,55.7,52.9,2027-01-10,,Ongoing,AG010,V054,24.614776,76.207767,68.30988853082023,59.32748603637603,64.29022865368822,cost_overrun
MPL-0207,MP-014,Uttar Pradesh,Constituency-086,District-03,Public Library Project 0207,Public Library,2026-06-22,2026-06-30,2026-06-30,29.27,27.06,2027-04-10,,Ongoing,AG007,V046,25.332376,83.021667,62.2995092352451,54.86877688922063,20.14768272612829,payment_milestone_issue
MPL-0208,MP-041,Gujarat,Constituency-110,District-10,Community Hall Project 0208,Community Hall,2026-01-04,2026-01-20,2026-01-20,60.1,61.27,2027-01-20,,Ongoing,AG025,V066,23.153933,69.60099,70.43852353627842,96.44012745253735,47.05316684330149,sudden_progress_jump
MPL-0209,MP-382,Karnataka,Constituency-105,District-11,Community Hall Project 0209,Community Hall,2025-12-24,2026-01-03,2026-01-03,55.76,52.35,2026-08-06,,Ongoing,AG028,V006,13.320214,77.033726,54.664007233075935,52.2937266022785,30.33984704332708,normal
MPL-0210,MP-495,Madhya Pradesh,Constituency-103,District-19,Sanitation Project 0210,Sanitation,2026-05-31,2026-06-26,2026-06-26,65.59,65.02,2027-04-24,,Under Review,AG027,V050,24.664776,77.367767,78.83002563694737,36.676740723997696,48.88717774885807,financial_physical_mismatch
MPL-0211,MP-347,Tamil Nadu,Constituency-067,District-17,Sports Facility Project 0211,Sports Facility,2026-04-07,2026-05-04,2026-05-04,16.13,15.57,2027-03-04,,Ongoing,AG001,V017,11.477074,79.054014,37.52847789588185,31.283960974908627,6.485622944893671,normal
MPL-0212,MP-170,Rajasthan,Constituency-010,District-25,Drainage Project 0212,Drainage,2026-01-19,2026-02-08,2026-02-08,72.23,71.32,2026-12-27,,Under Review,AG012,V050,25.249021,76.454807,35.64046770622528,44.19663895546891,36.94025199021416,normal
MPL-0213,MP-510,Uttar Pradesh,Constituency-096,District-21,Road Project 0213,Road,2026-05-16,2026-05-21,2026-05-21,35.26,35.61,2027-04-30,2026-11-27,Completed,AG017,V029,28.717571,77.368648,39.33568276651354,37.107838048621645,41.47300537400635,cost_overrun
MPL-0214,MP-229,Bihar,Constituency-109,District-15,Public Library Project 0214,Public Library,2026-05-20,2026-06-04,2026-06-04,53.9,54.87,2027-05-08,,Ongoing,AG001,V012,24.814776,86.267767,65.92829146516934,68.32940310350996,26.984528235989604,payment_milestone_issue
MPL-0215,MP-047,Madhya Pradesh,Constituency-115,District-06,Health Facility Project 0215,Health Facility,2026-01-10,2026-01-30,2026-01-30,62.67,59.19,2026-08-22,,Ongoing,AG023,V058,23.812203,78.65182,53.77464130172613,89.21434303380885,45.052459753541065,sudden_progress_jump
MPL-0216,MP-048,Telangana,Constituency-119,District-21,Community Hall Project 0216,Community Hall,2026-01-25,2026-02-20,2026-02-20,16.69,16.92,2026-10-06,,Under Review,AG009,V079,18.066874,80.129314,46.85742274029203,52.99761390185937,5.939034124558176,payment_milestone_issue
MPL-0217,MP-178,Madhya Pradesh,Constituency-094,District-27,Drainage Project 0217,Drainage,2026-05-01,2026-05-10,2026-05-10,77.4,71.24,2026-12-10,,Ongoing,AG022,V076,22.997571,80.098648,75.49176616721927,75.66274540311262,34.151708074222114,normal
MPL-0218,MP-142,West Bengal,Constituency-053,District-20,Health Facility Project 0218,Health Facility,2026-03-22,2026-04-18,2026-04-18,73.95,74.24,2027-03-19,,Ongoing,AG017,V050,22.773403,86.91402,50.04777339758612,59.24683122654068,56.7461290474214,normal
MPL-0219,MP-516,Bihar,Constituency-070,District-23,Health Facility Project 0219,Health Facility,2026-05-17,2026-06-11,2026-06-11,22.46,22.21,2027-02-01,,Ongoing,AG023,V071,26.364776,86.117767,50.98187225135879,46.57833103112757,13.467212688440968,normal
MPL-0220,MP-536,Tamil Nadu,Constituency-014,District-01,Public Library Project 0220,Public Library,2026-05-10,2026-05-27,2026-05-27,59.13,58.79,2027-05-12,,Ongoing,AG016,V075,13.097476,80.318467,84.1626300757856,83.90849175726493,42.03854992077351,normal
MPL-0221,MP-399,Rajasthan,Constituency-031,District-17,Sanitation Project 0221,Sanitation,2026-02-13,2026-03-15,2026-03-15,26.04,26.36,2027-03-04,,Ongoing,AG025,V021,25.244913,72.652507,72.98271677002055,33.72260300375278,19.51947459341381,financial_physical_mismatch
MPL-0222,MP-231,Maharashtra,Constituency-117,District-21,Street Lighting Project 0222,Street Lighting,2026-05-29,2026-06-25,2026-06-25,77.54,71.8,2027-03-12,,Under Review,AG013,V054,19.939014,79.229226,75.90184814351619,68.36976704356162,51.01321642797676,normal
MPL-0223,MP-042,West Bengal,Constituency-055,District-09,Public Library Project 0223,Public Library,2026-01-29,2026-02-20,2026-02-20,77.43,73.74,2026-08-07,,Delayed,AG024,V078,22.374821,87.239007,44.75842441685448,22.846171319364345,25.74245615476258,delay
MPL-0224,MP-367,Uttar Pradesh,Constituency-010,District-26,Road Project 0224,Road,2026-01-13,2026-02-09,2026-02-09,19.07,18.22,2026-08-18,,Under Review,AG011,V060,26.344776,80.847767,37.79704926573747,46.30945030830367,10.499686741620788,normal
MPL-0225,MP-544,Gujarat,Constituency-061,District-18,Public Library Project 0225,Public Library,2026-01-12,2026-02-10,2026-02-10,47.1,45.42,2026-11-23,2026-09-13,Completed,AG003,V065,22.886874,74.239314,54.21716229741196,61.65189055248855,27.32318551755621,payment_milestone_issue
MPL-0226,MP-530,Tamil Nadu,Constituency-106,District-25,Drainage Project 0226,Drainage,2026-05-24,2026-06-09,2026-06-09,77.04,76.66,2027-02-06,2026-11-22,Completed,AG008,V079,10.939314,78.013126,52.65153557788948,60.80204904446033,57.55966005211148,estimate_revision
MPL-0227,MP-219,Madhya Pradesh,Constituency-111,District-22,Road Project 0227,Road,2026-03-06,2026-03-24,2026-03-24,13.93,12.96,2027-01-29,,Ongoing,AG010,V025,24.61224,80.180043,88.43958234485382,93.45258974604783,6.902484151285532,normal
MPL-0228,MP-398,Telangana,Constituency-058,District-21,Community Hall Project 0228,Community Hall,2025-12-21,2026-01-07,2026-01-07,59.61,55.09,2026-10-31,,Under Review,AG024,V020,17.973403,80.06402,39.02864160377341,33.89724432852752,49.7020500770821,financial_physical_mismatch
MPL-0229,MP-289,Karnataka,Constituency-098,District-30,Public Library Project 0229,Public Library,2025-12-29,2026-01-17,2026-01-17,11.28,11.43,2026-12-12,,Ongoing,AG001,V080,14.914776,75.127767,54.67350763114263,53.73592055125242,4.613301132083032,normal
MPL-0230,MP-145,Maharashtra,Constituency-016,District-02,Drainage Project 0230,Drainage,2026-02-21,2026-02-26,2026-02-26,61.77,62.24,2026-09-28,2026-08-07,Completed,AG006,V069,21.160576,79.135967,81.72070909302568,100.0,36.47539129308946,sudden_progress_jump
MPL-0231,MP-118,Bihar,Constituency-024,District-22,Community Hall Project 0231,Community Hall,2026-02-28,2026-03-30,2026-03-30,37.71,37.37,2026-11-19,,Ongoing,AG010,V027,26.314776,87.027767,63.190398200117286,54.73139406653398,13.715448599889758,normal
MPL-0232,MP-103,Bihar,Constituency-037,District-20,Drainage Project 0232,Drainage,2026-01-12,2026-01-19,2026-01-19,56.36,53.41,2026-09-30,,Ongoing,AG021,V071,25.944776,87.097767,45.85796758463538,46.63107195962665,40.28802559085709,estimate_revision
MPL-0233,MP-447,Madhya Pradesh,Constituency-036,District-27,Health Facility Project 0233,Health Facility,2026-06-11,2026-06-27,2026-06-27,18.97,18.64,2027-05-22,,Ongoing,AG020,V040,22.86224,80.130043,79.42348705528917,88.51398333773825,6.32602345614236,payment_milestone_issue
MPL-0234,MP-079,Madhya Pradesh,Constituency-094,District-03,Drainage Project 0234,Drainage,2026-03-15,2026-03-20,2026-03-20,47.72,44.83,2026-08-20,,Delayed,AG015,V046,23.09374,79.966443,68.36452163389737,23.46545092695056,31.610450580244656,delay
MPL-0235,MP-298,West Bengal,Constituency-018,District-15,Sports Facility Project 0235,Sports Facility,2026-02-03,2026-02-24,2026-02-24,47.71,46.75,2026-09-01,,Ongoing,AG013,V076,24.194776,87.827767,89.93004962565185,88.31633654287621,30.894949585294377,estimate_revision
MPL-0236,MP-496,Bihar,Constituency-046,District-02,Road Project 0236,Road,2026-05-26,2026-06-07,2026-06-07,19.94,19.47,2027-05-28,,Ongoing,AG022,V031,24.806176,85.047967,59.542124411145096,51.48331845713476,14.657352261597484,normal
MPL-0237,MP-270,Uttar Pradesh,Constituency-075,District-18,Health Facility Project 0237,Health Facility,2026-05-29,2026-06-21,2026-06-21,45.29,45.61,2027-02-08,2027-06-29,Completed,AG008,V006,27.938257,78.665522,56.34512104713978,29.91606922040608,33.78081856764169,financial_physical_mismatch
MPL-0238,MP-007,Tamil Nadu,Constituency-065,District-29,Sports Facility Project 0238,Sports Facility,2026-05-04,2026-05-13,2026-05-13,35.1,35.79,2027-01-12,,Under Review,AG021,V010,9.594776,77.997767,63.40044801921637,59.16420418993033,25.407009397649126,normal
MPL-0239,MP-491,Bihar,Constituency-062,District-07,Sanitation Project 0239,Sanitation,2026-01-25,2026-02-17,2026-02-17,34.08,34.04,2026-09-25,,Under Review,AG007,V020,25.212976,85.562667,41.50816225529485,34.57578157247999,23.14452764104344,normal
MPL-0240,MP-020,Maharashtra,Constituency-113,District-24,Water Supply Project 0240,Water Supply,2026-04-29,2026-05-27,2026-05-27,19.6,19.39,2027-04-23,,Under Review,AG002,V017,21.294776,76.087767,37.1554975881716,65.75624837969754,5.422090893155637,sudden_progress_jump
MPL-0241,MP-172,Karnataka,Constituency-093,District-22,Water Supply Project 0241,Water Supply,2026-04-16,2026-05-01,2026-05-01,20.28,20.51,2026-10-01,,Delayed,AG015,V078,12.724776,77.327767,68.046129292616,26.49121875144633,14.046072203972548,delay
MPL-0242,MP-488,Karnataka,Constituency-116,District-20,Water Supply Project 0242,Water Supply,2026-01-10,2026-02-03,2026-02-03,9.19,8.98,2026-08-29,,Ongoing,AG013,V050,13.139314,77.463126,85.01365726992319,88.06974955629754,6.178711614893537,normal
MPL-0243,MP-380,Bihar,Constituency-112,District-02,Community Hall Project 0243,Community Hall,2026-05-22,2026-06-18,2026-06-18,72.94,71.43,2027-01-17,,Under Review,AG003,V062,24.858274,84.979514,35.06601131955752,43.69617781326504,43.54633240535148,normal
MPL-0244,MP-006,Madhya Pradesh,Constituency-091,District-24,Street Lighting Project 0244,Street Lighting,2026-05-29,2026-06-28,2026-06-28,15.04,14.06,2027-05-21,2027-01-22,Completed,AG012,V076,23.184776,81.397767,61.2427680352497,100.0,9.916492988240655,sudden_progress_jump
MPL-0245,MP-283,Bihar,Constituency-088,District-13,Road Project 0245,Road,2026-05-28,2026-06-26,2026-06-26,37.44,34.88,2027-03-13,2027-05-08,Completed,AG013,V027,24.723403,84.28402,58.43393739936259,59.312081466738846,13.550549833755534,normal
MPL-0246,MP-236,Bihar,Constituency-058,District-26,Drainage Project 0246,Drainage,2026-04-27,2026-05-24,2026-05-24,42.83,44.06,2027-04-11,,Ongoing,AG006,V048,26.664776,84.967767,66.77081341996488,71.8030920733547,55.01688579060912,cost_overrun
MPL-0247,MP-091,Bihar,Constituency-009,District-09,Street Lighting Project 0247,Street Lighting,2026-05-09,2026-05-21,2026-05-21,58.19,58.06,2027-04-23,,Under Review,AG026,V044,25.432976,86.174967,43.84059050232695,53.06113603256633,62.903686866463495,cost_overrun
MPL-0248,MP-035,Telangana,Constituency-101,District-20,Street Lighting Project 0248,Street Lighting,2026-02-22,2026-03-15,2026-03-15,77.37,71.67,2027-03-12,2026-10-10,Completed,AG020,V067,18.316874,79.779314,77.54846487278178,34.56305563530577,64.94389187093411,financial_physical_mismatch
MPL-0249,MP-531,Gujarat,Constituency-002,District-24,Road Project 0249,Road,2026-05-21,2026-06-17,2026-06-17,78.25,72.74,2026-12-14,,Ongoing,AG012,V031,23.129021,71.544807,50.17652785690135,46.96406903602791,44.001945145079766,normal
MPL-0250,MP-417,Uttar Pradesh,Constituency-065,District-04,Public Library Project 0250,Public Library,2026-03-09,2026-03-31,2026-03-31,77.36,73.52,2026-12-24,2026-10-21,Completed,AG030,V075,25.450576,81.894067,68.34998743957388,60.62954168746502,54.60685763554875,normal
MPL-0251,MP-472,Karnataka,Constituency-115,District-19,Public Library Project 0251,Public Library,2026-05-23,2026-05-28,2026-05-28,57.98,59.5,2027-01-27,,Under Review,AG009,V069,13.289314,75.703126,65.97427320927116,70.9135514494155,38.761920043946816,normal
MPL-0252,MP-183,Telangana,Constituency-061,District-11,Water Supply Project 0252,Water Supply,2026-03-06,2026-03-22,2026-03-22,76.79,75.01,2027-01-01,2026-09-17,Completed,AG022,V030,17.524776,78.317767,35.53477554429337,41.8426705326044,90.3833385696949,cost_overrun
MPL-0253,MP-505,Gujarat,Constituency-079,District-01,Water Supply Project 0253,Water Supply,2026-02-01,2026-03-02,2026-03-02,70.84,66.78,2026-07-10,,Delayed,AG016,V026,23.037276,72.619167,46.15216073335503,12.66723225263478,38.58924749150141,delay
MPL-0254,MP-490,Madhya Pradesh,Constituency-070,District-02,Health Facility Project 0254,Health Facility,2026-04-16,2026-05-07,2026-05-07,70.55,68.71,2027-03-30,,Under Review,AG020,V041,22.734376,75.905467,89.1417075472655,18.649977795211147,3.919167710402806,low_expenditure
MPL-0255,MP-270,Gujarat,Constituency-031,District-09,Drainage Project 0255,Drainage,2026-04-08,2026-04-28,2026-04-28,57.62,53.09,2027-01-13,2026-11-21,Completed,AG004,V067,23.654874,72.348614,46.59138121357962,47.37356203112745,22.429526162360297,normal
MPL-0256,MP-103,Gujarat,Constituency-093,District-09,Drainage Project 0256,Drainage,2026-03-19,2026-04-18,2026-04-18,62.16,59.68,2027-04-12,,Ongoing,AG014,V027,23.561403,72.28332,57.0325928582223,54.948630670735135,32.99391794989693,normal
MPL-0257,MP-308,Telangana,Constituency-033,District-18,Water Supply Project 0257,Water Supply,2026-04-09,2026-05-02,2026-05-02,20.72,20.2,2026-10-31,,Under Review,AG005,V020,19.397571,79.428648,89.75589736647808,96.4424755052046,10.58507667349888,normal
MPL-0258,MP-422,Gujarat,Constituency-016,District-12,Road Project 0258,Road,2026-04-06,2026-05-02,2026-05-02,14.93,14.96,2027-04-08,2026-10-14,Completed,AG007,V033,20.997571,72.868648,49.28730171064221,45.214046472166565,8.160238512012432,normal
MPL-0259,MP-346,West Bengal,Constituency-054,District-21,Public Library Project 0259,Public Library,2026-03-08,2026-04-01,2026-04-01,56.47,54.98,2026-12-20,2026-10-20,Completed,AG006,V037,22.486874,87.299314,75.50893906191853,100.0,24.84918025115128,sudden_progress_jump
MPL-0260,MP-534,Karnataka,Constituency-058,District-14,Community Hall Project 0260,Community Hall,2026-02-18,2026-02-28,2026-02-28,30.82,29.34,2026-11-15,2027-02-14,Completed,AG006,V044,16.194776,75.737767,49.710981497885086,51.89315594729923,11.552962225633747,normal
MPL-0261,MP-107,Rajasthan,Constituency-034,District-20,Sanitation Project 0261,Sanitation,2026-02-14,2026-02-23,2026-02-23,36.59,34.05,2026-10-03,,Ongoing,AG024,V011,24.077571,74.728648,86.52365139371159,84.93373892004449,9.48386077082004,normal
MPL-0262,MP-479,Telangana,Constituency-112,District-18,Sanitation Project 0262,Sanitation,2026-03-01,2026-03-14,2026-03-14,53.11,49.63,2027-01-01,2026-12-20,Completed,AG008,V032,19.26224,79.460043,81.1184778391081,69.74704628554618,29.861430100117747,normal
MPL-0263,MP-233,Bihar,Constituency-104,District-03,School Infrastructure Project 0263,School Infrastructure,2026-04-08,2026-04-27,2026-04-27,61.92,62.94,2027-04-03,,Under Review,AG019,V077,25.221814,86.917326,58.92375542812265,60.99905862554841,33.54107779981452,normal
MPL-0264,MP-441,Gujarat,Constituency-103,District-10,Sanitation Project 0264,Sanitation,2026-04-20,2026-05-14,2026-05-14,32.76,31.83,2026-12-14,,Ongoing,AG001,V001,23.135756,69.741815,35.45744108280053,43.74338578916969,23.93257852946407,normal
MPL-0265,MP-545,Tamil Nadu,Constituency-104,District-09,Water Supply Project 0265,Water Supply,2026-04-04,2026-04-22,2026-04-22,25.99,25.95,2027-01-28,2026-12-10,Completed,AG014,V072,10.760403,79.05182,70.52949396099731,29.38242932788969,21.36520622104372,financial_physical_mismatch
MPL-0266,MP-105,Gujarat,Constituency-037,District-09,Sanitation Project 0266,Sanitation,2026-05-30,2026-06-08,2026-06-08,27.59,27.27,2027-03-30,,Ongoing,AG004,V059,23.482913,72.401807,45.328419339920615,33.75511807935453,7.534837303047667,normal
MPL-0267,MP-150,Rajasthan,Constituency-008,District-09,Community Hall Project 0267,Community Hall,2026-04-08,2026-05-07,2026-05-07,32.62,31.13,2026-12-28,2026-11-03,Completed,AG005,V002,27.110113,77.525507,78.97042935648386,88.92562517212706,15.43278365594266,normal
MPL-0268,MP-204,Gujarat,Constituency-059,District-24,Water Supply Project 0268,Water Supply,2026-03-10,2026-04-08,2026-04-08,16.78,16.86,2026-10-08,,Ongoing,AG029,V033,23.011933,71.56409,48.69292982789787,53.65988715449923,8.173210386800704,normal
MPL-0269,MP-370,Rajasthan,Constituency-114,District-02,Drainage Project 0269,Drainage,2026-02-26,2026-03-24,2026-03-24,53.3,49.28,2026-10-30,,Ongoing,AG013,V040,26.253676,73.072067,86.55815079977286,86.01852836395807,18.936123477167985,normal
MPL-0270,MP-381,Telangana,Constituency-099,District-03,Health Facility Project 0270,Health Facility,2026-02-28,2026-03-12,2026-03-12,16.61,16.72,2027-02-04,,Ongoing,AG001,V022,18.58474,78.074143,35.49114207391382,24.41499619237792,11.122844189008791,normal
MPL-0271,MP-450,West Bengal,Constituency-094,District-07,Health Facility Project 0271,Health Facility,2026-01-11,2026-01-16,2026-01-16,54.41,54.25,2026-10-14,2027-01-17,Completed,AG030,V008,25.018476,88.193567,78.53064344008669,69.29884750872168,20.252477323688968,normal
MPL-0272,MP-282,Gujarat,Constituency-112,District-27,Sanitation Project 0272,Sanitation,2026-04-11,2026-05-05,2026-05-05,39.5,37.62,2027-04-30,,Under Review,AG029,V006,21.444776,70.407767,73.33707762476101,65.51214602159334,13.1260756978246,payment_milestone_issue
MPL-0273,MP-245,Karnataka,Constituency-042,District-24,Public Library Project 0273,Public Library,2026-03-10,2026-03-17,2026-03-17,47.0,45.59,2026-11-19,2027-03-10,Completed,AG005,V058,12.399314,75.663126,77.675484903838,76.8065550284862,29.12465190906457,normal
MPL-0274,MP-207,Telangana,Constituency-014,District-16,Water Supply Project 0274,Water Supply,2026-05-11,2026-05-22,2026-05-22,52.14,49.82,2026-12-27,,Ongoing,AG017,V064,18.344776,78.877767,70.24971613817902,34.209447231660704,37.16347078963486,financial_physical_mismatch
MPL-0275,MP-480,Telangana,Constituency-103,District-21,Drainage Project 0275,Drainage,2026-06-23,2026-06-29,2026-06-29,26.43,25.38,2027-05-26,,Ongoing,AG017,V080,17.894913,80.182507,68.32744933278475,17.37108252142411,4.204698312644341,low_expenditure
MPL-0276,MP-237,Telangana,Constituency-069,District-13,Health Facility Project 0276,Health Facility,2026-05-27,2026-06-07,2026-06-07,46.09,46.13,2027-02-10,,Ongoing,AG026,V008,17.364776,77.777767,80.89510740127228,70.6096856482031,16.81101905568532,normal
MPL-0277,MP-517,West Bengal,Constituency-044,District-22,School Infrastructure Project 0277,School Infrastructure,2026-04-07,2026-04-17,2026-04-17,63.17,62.12,2026-11-10,,Under Review,AG018,V072,21.944776,87.797767,72.09709100596332,75.55320016194108,76.54837432434734,cost_overrun
MPL-0278,MP-464,Tamil Nadu,Constituency-058,District-13,Health Facility Project 0278,Health Facility,2026-04-01,2026-04-06,2026-04-06,63.02,60.96,2027-01-16,2026-12-14,Completed,AG018,V042,12.574171,78.163248,74.92272259883433,21.485623294514276,10.387529132162292,low_expenditure
MPL-0279,MP-524,West Bengal,Constituency-072,District-19,Road Project 0279,Road,2026-02-24,2026-03-19,2026-03-19,29.62,27.97,2026-09-16,2027-01-14,Completed,AG017,V018,23.08224,86.350043,82.06462340295134,70.54205357501853,19.177019604348267,normal
MPL-0280,MP-178,Tamil Nadu,Constituency-063,District-27,School Infrastructure Project 0280,School Infrastructure,2026-03-08,2026-04-04,2026-04-04,25.99,24.64,2027-02-27,,Under Review,AG005,V034,11.234776,77.467767,51.51663374196575,11.158023482961266,2.2720535875009795,low_expenditure
MPL-0281,MP-233,Karnataka,Constituency-096,District-21,Sports Facility Project 0281,Sports Facility,2025-12-17,2026-01-10,2026-01-10,35.47,35.68,2026-12-03,,Ongoing,AG021,V039,13.459021,77.634807,85.70293230861114,81.0595044870231,25.55722814211604,normal
MPL-0282,MP-457,Telangana,Constituency-097,District-20,Road Project 0282,Road,2025-12-19,2026-01-11,2026-01-11,46.87,43.89,2026-09-29,,Under Review,AG010,V068,18.223403,79.71402,62.6320885745978,55.48962642064407,12.147676760715996,normal
MPL-0283,MP-139,Uttar Pradesh,Constituency-062,District-18,Street Lighting Project 0283,Street Lighting,2026-03-17,2026-03-28,2026-03-28,42.26,42.34,2026-10-15,,Ongoing,AG005,V017,27.931163,78.583976,65.14838227596522,58.9246577607636,19.528026423898424,normal
MPL-0284,MP-375,Rajasthan,Constituency-045,District-07,Public Library Project 0284,Public Library,2026-02-18,2026-03-05,2026-03-05,13.16,13.23,2026-11-02,,Under Review,AG020,V068,25.320014,74.564426,52.78764026359162,61.11867804328344,3.9357287131998553,normal
MPL-0285,MP-116,Uttar Pradesh,Constituency-095,District-02,School Infrastructure Project 0285,School Infrastructure,2026-04-12,2026-04-24,2026-04-24,18.5,17.11,2027-03-29,,Ongoing,AG012,V079,26.464676,80.379667,79.99945560724979,72.39253030657642,7.667419072864019,normal
MPL-0286,MP-145,Uttar Pradesh,Constituency-089,District-23,Road Project 0286,Road,2026-02-22,2026-03-20,2026-03-20,41.93,40.11,2027-01-09,,Under Review,AG011,V015,29.517571,77.648648,75.70071417533086,68.36197107340344,21.643549867842665,normal
MPL-0287,MP-020,Bihar,Constituency-038,District-28,Road Project 0287,Road,2025-12-22,2026-01-16,2026-01-16,22.45,22.37,2026-09-25,2026-07-22,Completed,AG009,V022,26.199314,84.283126,49.92047982603079,30.188574986458857,19.072579838211976,financial_physical_mismatch
MPL-0288,MP-403,Bihar,Constituency-096,District-06,Community Hall Project 0288,Community Hall,2026-04-30,2026-05-05,2026-05-05,46.27,43.52,2027-04-02,2027-02-14,Completed,AG029,V041,26.168976,85.939567,62.53579525778834,20.69001921424428,35.94243132699497,financial_physical_mismatch
MPL-0289,MP-403,Uttar Pradesh,Constituency-085,District-05,Water Supply Project 0289,Water Supply,2026-01-09,2026-01-16,2026-01-16,26.55,25.56,2026-12-22,2026-09-20,Completed,AG017,V036,27.08894,77.988143,89.99734904480893,99.78530394632722,19.18003102328816,normal
MPL-0290,MP-142,West Bengal,Constituency-040,District-23,Water Supply Project 0290,Water Supply,2026-04-30,2026-05-27,2026-05-27,38.71,36.94,2027-01-01,,Ongoing,AG014,V031,21.644776,87.567767,68.29528866790727,66.17701074510666,11.814861159973852,normal
MPL-0291,MP-424,Telangana,Constituency-053,District-10,School Infrastructure Project 0291,School Infrastructure,2026-01-22,2026-02-10,2026-02-10,12.88,12.6,2026-07-20,,Delayed,AG021,V073,17.158676,79.671667,74.56922781848385,10.73708365958836,8.75633132091331,delay
MPL-0292,MP-489,Uttar Pradesh,Constituency-018,District-17,School Infrastructure Project 0292,School Infrastructure,2026-01-04,2026-01-28,2026-01-28,21.3,21.38,2026-08-29,2026-07-27,Completed,AG025,V025,27.894776,79.957767,68.65898787179631,13.482738014040034,2.9794980940647364,low_expenditure
MPL-0293,MP-210,Gujarat,Constituency-009,District-06,Street Lighting Project 0293,Street Lighting,2026-01-17,2026-02-05,2026-02-05,21.91,20.23,2026-09-14,,Ongoing,AG016,V061,22.450014,69.990826,77.0496369770529,65.37995070699155,7.95089802390209,normal
MPL-0294,MP-534,Tamil Nadu,Constituency-014,District-15,Drainage Project 0294,Drainage,2026-04-01,2026-04-20,2026-04-20,63.89,63.05,2027-01-28,,Ongoing,AG029,V032,11.954876,79.533867,80.33806831330492,84.18248841020706,28.9336371573236,normal
MPL-0295,MP-171,Rajasthan,Constituency-055,District-10,Public Library Project 0295,Public Library,2025-12-18,2026-01-11,2026-01-11,35.89,36.04,2026-11-29,2026-10-16,Completed,AG018,V051,27.624176,75.187667,87.94257713639178,80.1192846157938,17.40600647173404,normal
MPL-0296,MP-026,Gujarat,Constituency-023,District-15,Drainage Project 0296,Drainage,2026-01-01,2026-01-24,2026-01-24,44.05,41.4,2027-01-23,2026-10-26,Completed,AG027,V058,24.217571,72.378648,67.19962463961045,74.87484104108694,22.33926468796208,estimate_revision
MPL-0297,MP-537,Madhya Pradesh,Constituency-091,District-13,Community Hall Project 0297,Community Hall,2026-05-30,2026-06-27,2026-06-27,73.32,73.88,2027-06-08,2026-12-25,Completed,AG009,V042,21.914776,77.947767,74.51060958452096,65.2285823549005,22.94028801057112,normal
MPL-0298,MP-316,Gujarat,Constituency-040,District-24,Street Lighting Project 0298,Street Lighting,2025-12-14,2026-01-12,2026-01-12,73.68,72.37,2026-07-04,,Delayed,AG018,V049,22.993756,71.704915,71.27416873311242,27.801187196990565,51.41699070536775,delay
MPL-0299,MP-465,Gujarat,Constituency-053,District-15,Community Hall Project 0299,Community Hall,2026-02-14,2026-02-21,2026-02-21,52.82,50.07,2026-08-20,,Under Review,AG029,V017,24.08224,72.410043,60.22534618056952,35.302167172355475,38.43251383715104,financial_physical_mismatch
MPL-0300,MP-090,Bihar,Constituency-007,District-04,Sanitation Project 0300,Sanitation,2026-02-05,2026-02-23,2026-02-23,21.31,19.73,2026-09-03,2026-10-25,Completed,AG020,V072,26.100214,85.297826,54.19609082504852,45.39432798179911,5.2716391400666245,normal
MPL-0301,MP-438,Uttar Pradesh,Constituency-108,District-18,Sports Facility Project 0301,Sports Facility,2026-05-20,2026-05-27,2026-05-27,20.77,20.15,2027-04-15,2026-11-20,Completed,AG022,V077,27.837493,78.544913,66.84314608432632,99.2145345938278,6.032042190792588,sudden_progress_jump
MPL-0302,MP-295,Uttar Pradesh,Constituency-055,District-20,Health Facility Project 0302,Health Facility,2026-04-30,2026-05-15,2026-05-15,58.1,57.36,2027-01-03,,Under Review,AG017,V053,28.577571,77.338648,41.011622893997945,45.0656503287769,33.461452594867346,normal
MPL-0303,MP-025,West Bengal,Constituency-060,District-21,Health Facility Project 0303,Health Facility,2026-05-08,2026-06-07,2026-06-07,43.74,43.75,2027-04-27,,Ongoing,AG030,V017,22.393403,87.23402,62.37576128607798,14.357320962018257,3.2883465481660625,low_expenditure
MPL-0304,MP-519,West Bengal,Constituency-071,District-11,Street Lighting Project 0304,Street Lighting,2026-02-26,2026-03-27,2026-03-27,48.35,47.87,2026-12-21,2026-11-18,Completed,AG014,V006,26.334776,89.497767,35.62134973879164,28.04746679525362,19.11267925083974,normal
MPL-0305,MP-140,Tamil Nadu,Constituency-062,District-05,Street Lighting Project 0305,Street Lighting,2026-05-13,2026-06-07,2026-06-07,67.91,63.93,2026-12-11,,Ongoing,AG024,V073,11.57654,78.126043,80.86039150943255,89.15054634497264,32.21607771537423,normal
MPL-0306,MP-153,Tamil Nadu,Constituency-036,District-27,Drainage Project 0306,Drainage,2026-01-10,2026-01-15,2026-01-15,29.55,29.54,2026-11-24,2026-07-10,Completed,AG026,V053,11.199314,77.353126,52.35265627901812,52.14213674475664,10.645598885885274,normal
MPL-0307,MP-381,Bihar,Constituency-058,District-27,School Infrastructure Project 0307,School Infrastructure,2026-03-27,2026-04-10,2026-04-10,50.85,51.62,2026-11-23,,Ongoing,AG019,V078,26.364913,84.462507,76.33471147682874,24.51900006082914,42.29798998071142,financial_physical_mismatch
MPL-0308,MP-336,Karnataka,Constituency-019,District-25,Health Facility Project 0308,Health Facility,2026-02-13,2026-02-21,2026-02-21,39.95,36.86,2026-09-12,2027-02-14,Completed,AG026,V005,13.354776,74.787767,61.54647551307505,60.54767029853373,12.930937310700386,normal
MPL-0309,MP-342,Gujarat,Constituency-060,District-29,Water Supply Project 0309,Water Supply,2026-04-22,2026-04-28,2026-04-28,59.38,58.04,2027-02-01,,Ongoing,AG024,V005,22.064776,73.247767,35.22604280787685,43.73746437633507,35.644554156152246,normal
MPL-0310,MP-016,Uttar Pradesh,Constituency-080,District-18,Road Project 0310,Road,2026-05-23,2026-06-13,2026-06-13,31.1,29.27,2027-02-01,2026-12-19,Completed,AG019,V040,27.743236,78.621174,50.215724626743565,45.23702001777653,31.738742037959984,cost_overrun
MPL-0311,MP-109,Bihar,Constituency-050,District-02,Health Facility Project 0311,Health Facility,2026-06-23,2026-06-30,2026-06-30,49.33,46.31,2027-03-09,,Ongoing,AG009,V019,24.764803,84.91422,52.12576578355922,15.666831782660768,41.709494279727664,financial_physical_mismatch
MPL-0312,MP-135,West Bengal,Constituency-012,District-27,Sports Facility Project 0312,Sports Facility,2026-05-08,2026-06-07,2026-06-07,30.5,30.8,2027-03-05,,Under Review,AG021,V058,23.159314,88.483126,74.20942766004904,76.96857349959564,16.408607979284067,normal
MPL-0313,MP-333,Madhya Pradesh,Constituency-059,District-16,Sanitation Project 0313,Sanitation,2026-04-26,2026-05-01,2026-05-01,76.22,71.33,2026-10-10,,Delayed,AG022,V060,23.577571,76.408648,84.26354739019136,32.9316105442458,31.57266616056061,delay
MPL-0314,MP-310,Madhya Pradesh,Constituency-069,District-15,Drainage Project 0314,Drainage,2026-02-25,2026-03-14,2026-03-14,51.52,48.12,2026-12-08,,Ongoing,AG028,V022,22.573403,76.81402,40.66127156699247,46.647435195943245,32.3501915487141,payment_milestone_issue
MPL-0315,MP-178,Rajasthan,Constituency-085,District-22,Public Library Project 0315,Public Library,2026-04-02,2026-04-09,2026-04-09,32.53,32.84,2026-10-22,,Ongoing,AG006,V062,23.554776,74.487767,67.5033609473196,72.75826843289792,15.787418358880462,normal
MPL-0316,MP-336,Madhya Pradesh,Constituency-064,District-21,Community Hall Project 0316,Community Hall,2026-04-03,2026-04-29,2026-04-29,47.97,48.47,2027-01-17,,Under Review,AG019,V077,24.934776,79.627767,44.68957012103471,53.719005941371805,59.968797201032096,cost_overrun
MPL-0317,MP-312,Gujarat,Constituency-118,District-30,Sports Facility Project 0317,Sports Facility,2026-01-20,2026-02-07,2026-02-07,18.74,18.34,2027-01-22,2026-10-01,Completed,AG029,V001,23.329314,69.983126,56.44904631269327,57.16353744040417,6.486918681449239,normal
MPL-0318,MP-289,Karnataka,Constituency-111,District-01,Sports Facility Project 0318,Sports Facility,2026-04-29,2026-05-11,2026-05-11,69.03,69.98,2027-02-18,,Ongoing,AG001,V079,12.950914,77.527726,38.43258071919723,27.88069593069945,64.08343243158451,financial_physical_mismatch
MPL-0319,MP-158,Tamil Nadu,Constituency-037,District-28,Street Lighting Project 0319,Street Lighting,2026-03-27,2026-04-22,2026-04-22,23.21,21.8,2027-03-07,,Under Review,AG013,V049,12.797493,79.594913,42.64878761285898,42.86806234578466,15.193807907577348,estimate_revision
MPL-0320,MP-185,Maharashtra,Constituency-059,District-17,School Infrastructure Project 0320,School Infrastructure,2026-05-31,2026-06-18,2026-06-18,78.2,73.11,2027-04-05,,Under Review,AG024,V063,17.004976,73.359767,42.54711475464224,48.27783027643099,51.60695726995941,normal
MPL-0321,MP-039,Tamil Nadu,Constituency-073,District-16,Water Supply Project 0321,Water Supply,2026-05-08,2026-06-04,2026-06-04,49.61,50.26,2026-12-02,2026-11-19,Completed,AG006,V055,11.248976,78.916467,48.02124820029102,47.05928190865114,23.50881551283776,normal
MPL-0322,MP-320,Karnataka,Constituency-079,District-02,School Infrastructure Project 0322,School Infrastructure,2026-02-26,2026-03-13,2026-03-13,45.22,44.21,2027-01-06,,Ongoing,AG024,V068,12.310576,76.687167,68.5538835068386,61.94897219731274,25.82975041637473,normal
MPL-0323,MP-267,Madhya Pradesh,Constituency-008,District-21,Public Library Project 0323,Public Library,2026-05-07,2026-05-27,2026-05-27,38.31,39.29,2027-02-15,2027-05-08,Completed,AG029,V061,24.967571,79.528648,78.90227721038451,73.26486296124135,10.558123027529096,normal
MPL-0324,MP-155,Uttar Pradesh,Constituency-085,District-15,Sports Facility Project 0324,Sports Facility,2026-04-19,2026-05-05,2026-05-05,17.13,15.9,2026-11-22,,Ongoing,AG001,V037,27.394776,79.667767,78.10695521743361,100.0,9.164327725170184,sudden_progress_jump
MPL-0325,MP-393,Rajasthan,Constituency-031,District-22,Drainage Project 0325,Drainage,2025-12-21,2026-01-09,2026-01-09,78.85,80.93,2026-10-03,,Under Review,AG006,V068,23.519314,74.373126,67.7549250525743,73.8328479435899,56.16020296011836,normal
MPL-0326,MP-400,West Bengal,Constituency-061,District-09,Health Facility Project 0326,Health Facility,2026-01-21,2026-01-30,2026-01-30,20.07,19.34,2026-08-11,,Under Review,AG002,V034,22.257733,87.25829,51.57519214745345,55.99050414604084,12.547535979498862,normal
MPL-0327,MP-277,Uttar Pradesh,Constituency-035,District-26,Drainage Project 0327,Drainage,2026-05-08,2026-05-16,2026-05-16,76.82,71.5,2027-05-05,2027-01-16,Completed,AG013,V041,26.309314,80.733126,64.2211343724901,60.00535245310044,49.8674476234058,normal
MPL-0328,MP-422,Madhya Pradesh,Constituency-013,District-17,Water Supply Project 0328,Water Supply,2026-02-11,2026-02-19,2026-02-19,32.29,32.16,2026-12-29,,Ongoing,AG024,V076,24.084776,75.117767,44.89541588149846,44.94289210038301,19.50777313889618,normal
MPL-0329,MP-089,Uttar Pradesh,Constituency-110,District-20,Sanitation Project 0329,Sanitation,2025-12-29,2026-01-07,2026-01-07,14.62,14.96,2026-12-11,,Ongoing,AG007,V005,28.44224,77.370043,71.11330352103846,77.49340453697984,11.276236860087542,normal
MPL-0330,MP-166,West Bengal,Constituency-100,District-03,School Infrastructure Project 0330,School Infrastructure,2026-06-15,2026-06-28,2026-06-28,26.24,25.49,2027-02-10,2027-02-08,Completed,AG029,V015,23.703676,87.013867,86.49001329514593,100.0,18.837837921694614,sudden_progress_jump
MPL-0331,MP-224,Tamil Nadu,Constituency-079,District-21,Road Project 0331,Road,2026-02-07,2026-02-15,2026-02-15,13.0,13.36,2026-12-04,,Under Review,AG009,V034,8.866874,78.129314,46.03680129026326,42.67475908616432,15.689254491398362,cost_overrun
MPL-0332,MP-004,Karnataka,Constituency-066,District-23,Road Project 0332,Road,2026-04-28,2026-05-27,2026-05-27,63.96,58.98,2027-01-26,2027-02-11,Completed,AG003,V010,13.144776,78.177767,62.37357577820856,23.981127881467632,44.25396176259704,financial_physical_mismatch
MPL-0333,MP-057,Karnataka,Constituency-081,District-21,Public Library Project 0333,Public Library,2026-04-02,2026-04-09,2026-04-09,66.89,65.09,2027-03-31,,Under Review,AG008,V001,13.341933,77.65409,66.19841370315643,74.76934182835336,28.65435675545263,normal
MPL-0334,MP-368,Tamil Nadu,Constituency-063,District-03,Community Hall Project 0334,Community Hall,2026-02-19,2026-03-16,2026-03-16,22.62,22.19,2027-02-24,,Ongoing,AG027,V059,9.939976,78.167567,88.21321283376963,90.74936278411056,9.06242446849244,estimate_revision
MPL-0335,MP-038,Maharashtra,Constituency-044,District-02,Water Supply Project 0335,Water Supply,2026-02-16,2026-03-03,2026-03-03,35.99,36.25,2027-01-02,,Ongoing,AG001,V076,21.125114,79.021326,70.38742007259427,69.38047140592246,27.601675766170278,normal
MPL-0336,MP-020,Karnataka,Constituency-061,District-30,Water Supply Project 0336,Water Supply,2026-04-04,2026-04-28,2026-04-28,70.65,69.17,2027-04-16,,Under Review,AG026,V067,14.879314,75.013126,75.75783246654282,68.88351698376209,19.93325431010752,normal
MPL-0337,MP-065,Gujarat,Constituency-103,District-07,Road Project 0337,Road,2026-03-02,2026-03-20,2026-03-20,40.85,38.35,2026-10-10,,Ongoing,AG006,V007,21.536976,70.505667,67.50733691094568,73.49894082175207,11.74873481084972,normal
MPL-0338,MP-379,Telangana,Constituency-071,District-06,Health Facility Project 0338,Health Facility,2026-05-01,2026-05-20,2026-05-20,31.15,31.96,2026-12-21,,Ongoing,AG004,V074,18.743514,79.450226,46.7277510615627,21.299547219637383,27.853460150951644,financial_physical_mismatch
MPL-0339,MP-488,Gujarat,Constituency-089,District-05,Community Hall Project 0339,Community Hall,2026-03-27,2026-04-07,2026-04-07,9.13,8.89,2026-11-13,2026-12-29,Completed,AG026,V079,21.812071,72.100548,35.34922682044893,27.296309655698632,2.6425067806076465,normal
MPL-0340,MP-005,Madhya Pradesh,Constituency-072,District-08,Street Lighting Project 0340,Street Lighting,2026-05-26,2026-06-06,2026-06-06,10.71,10.07,2027-05-29,2027-02-28,Completed,AG008,V023,24.559314,80.763126,62.493819919696,71.40037733017806,5.864884576803637,normal
MPL-0341,MP-510,Karnataka,Constituency-023,District-06,Sports Facility Project 0341,Sports Facility,2026-04-14,2026-05-10,2026-05-10,41.42,40.96,2026-11-06,,Delayed,AG012,V070,17.344476,76.882067,46.445978657927085,31.0945423633929,12.686128531556662,delay
MPL-0342,MP-030,Tamil Nadu,Constituency-063,District-17,Sanitation Project 0342,Sanitation,2026-02-26,2026-03-06,2026-03-06,52.41,53.35,2026-11-26,,Ongoing,AG007,V056,11.383603,78.98872,59.92311952548073,50.22038371616328,14.820736014857268,normal
MPL-0343,MP-076,Madhya Pradesh,Constituency-061,District-19,Sports Facility Project 0343,Sports Facility,2026-03-29,2026-04-18,2026-04-18,61.79,62.95,2026-12-04,,Ongoing,AG019,V042,24.697571,77.268648,47.65347795816988,16.18893186038952,4.783838545327405,low_expenditure
MPL-0344,MP-288,Rajasthan,Constituency-018,District-04,Sports Facility Project 0344,Sports Facility,2026-03-22,2026-04-10,2026-04-10,17.82,17.81,2027-01-10,,Ongoing,AG015,V023,28.070471,73.260548,69.76116142960235,79.22339103859468,21.536001992036592,cost_overrun
MPL-0345,MP-422,Tamil Nadu,Constituency-110,District-17,Water Supply Project 0345,Water Supply,2026-05-15,2026-06-04,2026-06-04,64.85,64.21,2027-01-10,,Ongoing,AG029,V038,11.305113,79.107207,68.63404497360285,60.37262562308808,49.06748387684965,normal
MPL-0346,MP-428,Madhya Pradesh,Constituency-006,District-02,Drainage Project 0346,Drainage,2026-03-31,2026-04-20,2026-04-20,25.84,25.01,2026-12-19,,Ongoing,AG009,V002,22.786474,75.837014,47.23236355222944,55.63691654107883,18.795358835920236,normal
MPL-0347,MP-368,Telangana,Constituency-038,District-08,Public Library Project 0347,Public Library,2026-06-03,2026-06-28,2026-06-28,40.58,38.41,2027-01-19,,Ongoing,AG013,V062,17.072476,79.316167,65.71678315415477,53.99008896700176,24.49969291723703,normal
MPL-0348,MP-476,Uttar Pradesh,Constituency-091,District-21,School Infrastructure Project 0348,School Infrastructure,2026-05-22,2026-05-27,2026-05-27,9.76,9.47,2027-04-21,2027-04-12,Completed,AG023,V059,28.58224,77.400043,77.45092542934653,84.6833042658365,4.40204424437181,normal
MPL-0349,MP-057,Tamil Nadu,Constituency-066,District-30,Public Library Project 0349,Public Library,2026-03-25,2026-04-20,2026-04-20,58.26,57.52,2026-12-25,2027-04-03,Completed,AG002,V038,10.024776,77.517767,66.63761521649607,59.1948366092559,35.25242885243956,normal
MPL-0350,MP-490,Telangana,Constituency-095,District-25,Health Facility Project 0350,Health Facility,2025-12-19,2026-01-11,2026-01-11,34.38,34.08,2026-10-11,,Ongoing,AG015,V080,16.594776,79.367767,73.76805125687514,74.10473184504168,38.40931277738883,cost_overrun
MPL-0351,MP-545,Rajasthan,Constituency-087,District-27,Health Facility Project 0351,Health Facility,2026-04-17,2026-05-09,2026-05-09,38.45,35.6,2027-04-28,,Under Review,AG012,V035,25.979314,76.283126,55.50475782891706,53.45779211584071,18.36136040235644,normal
MPL-0352,MP-210,Tamil Nadu,Constituency-067,District-21,Community Hall Project 0352,Community Hall,2026-01-18,2026-01-23,2026-01-23,36.13,33.95,2026-08-11,,Ongoing,AG007,V059,8.773403,78.06402,87.70410778086246,77.39694859847806,36.80279914455923,cost_overrun
MPL-0353,MP-352,Bihar,Constituency-084,District-21,School Infrastructure Project 0353,School Infrastructure,2026-03-19,2026-04-18,2026-04-18,61.12,56.37,2027-02-05,2027-01-08,Completed,AG016,V045,26.129314,87.403126,45.398336227701776,33.88314183534446,38.05280662832079,normal
MPL-0354,MP-152,Bihar,Constituency-046,District-10,Public Library Project 0354,Public Library,2026-02-28,2026-03-19,2026-03-19,17.5,17.62,2027-02-07,,Ongoing,AG015,V059,25.554376,87.619167,44.44554189897868,38.16570596694146,8.927152731262497,normal
MPL-0355,MP-452,Gujarat,Constituency-034,District-12,Public Library Project 0355,Public Library,2026-02-04,2026-02-14,2026-02-14,57.89,57.5,2027-02-10,,Ongoing,AG010,V024,20.86224,72.900043,43.44166400931037,36.675581145593455,15.62909063648606,payment_milestone_issue
MPL-0356,MP-328,Tamil Nadu,Constituency-020,District-01,Health Facility Project 0356,Health Facility,2026-03-28,2026-04-25,2026-04-25,78.23,76.56,2027-03-09,,Under Review,AG005,V048,13.130271,80.219348,41.68195128905675,30.23030580225765,56.91979718545035,normal
MPL-0357,MP-143,Uttar Pradesh,Constituency-087,District-18,Drainage Project 0357,Drainage,2026-05-19,2026-05-27,2026-05-27,18.59,18.26,2027-05-12,,Ongoing,AG029,V038,27.768062,78.760039,84.87844333593597,82.60476508868578,11.234426657368004,normal
MPL-0358,MP-090,Rajasthan,Constituency-066,District-13,Drainage Project 0358,Drainage,2026-03-14,2026-03-25,2026-03-25,51.79,48.76,2026-09-18,,Delayed,AG012,V012,29.559314,73.813126,63.95386131270163,12.089738759847783,32.013885788631555,delay
MPL-0359,MP-090,Bihar,Constituency-028,District-24,Road Project 0359,Road,2026-03-24,2026-04-12,2026-04-12,59.55,57.59,2026-11-15,,Under Review,AG030,V047,26.594776,85.547767,56.23619400341595,44.50439140772836,24.925396190160544,payment_milestone_issue
MPL-0360,MP-385,Madhya Pradesh,Constituency-012,District-01,Sanitation Project 0360,Sanitation,2026-03-30,2026-04-17,2026-04-17,68.16,67.19,2026-11-18,2026-10-10,Completed,AG006,V055,23.274676,77.460367,42.9001605617114,37.57124560974238,51.99449012512938,normal
MPL-0361,MP-475,Gujarat,Constituency-029,District-01,Public Library Project 0361,Public Library,2026-01-06,2026-02-05,2026-02-05,21.39,20.58,2026-09-24,2026-11-18,Completed,AG015,V073,23.070071,72.520048,65.46268095807886,54.391805075733295,14.157220765292324,normal
MPL-0362,MP-371,Madhya Pradesh,Constituency-075,District-16,Community Hall Project 0362,Community Hall,2026-03-25,2026-04-17,2026-04-17,43.42,43.23,2026-11-28,,Ongoing,AG021,V037,23.44224,76.440043,48.4612643835272,39.08706698110808,17.159068965857603,normal
MPL-0363,MP-430,Madhya Pradesh,Constituency-082,District-30,Community Hall Project 0363,Community Hall,2026-05-12,2026-05-28,2026-05-28,68.86,64.58,2026-11-28,2027-02-04,Completed,AG012,V066,22.029314,75.833126,38.21807166961984,33.25105612114451,70.23469169954785,cost_overrun
MPL-0364,MP-548,Karnataka,Constituency-075,District-12,Public Library Project 0364,Public Library,2026-01-16,2026-01-25,2026-01-25,62.19,60.93,2026-12-24,2026-07-28,Completed,AG007,V024,12.501114,76.828226,82.98437239521424,89.1744563205649,37.35207571967657,payment_milestone_issue
MPL-0365,MP-428,Tamil Nadu,Constituency-059,District-30,Drainage Project 0365,Drainage,2026-02-04,2026-02-11,2026-02-11,23.69,23.11,2026-09-05,,Ongoing,AG014,V044,10.057571,77.418648,80.73654551329406,86.22889375014731,12.620076662654837,normal
MPL-0366,MP-122,Maharashtra,Constituency-029,District-05,Drainage Project 0366,Drainage,2026-05-30,2026-06-26,2026-06-26,18.01,17.44,2027-01-27,,Delayed,AG012,V040,17.674676,75.954167,89.31699538879599,17.617106480292886,13.326934197080076,delay
MPL-0367,MP-526,Gujarat,Constituency-076,District-02,Water Supply Project 0367,Water Supply,2026-03-30,2026-04-19,2026-04-19,62.94,58.68,2026-11-09,,Delayed,AG005,V011,21.184976,72.878867,36.0343526125556,10.819817891913498,28.08196891177217,delay
MPL-0368,MP-357,Karnataka,Constituency-046,District-06,Sanitation Project 0368,Sanitation,2026-01-04,2026-01-25,2026-01-25,74.25,69.99,2026-08-24,2026-11-29,Completed,AG022,V002,17.309014,76.767426,84.56461769343423,76.62981783415792,87.1059250299839,cost_overrun
MPL-0369,MP-376,Bihar,Constituency-090,District-19,Sports Facility Project 0369,Sports Facility,2026-05-19,2026-05-29,2026-05-29,46.08,46.02,2026-11-28,,Under Review,AG003,V013,25.894776,86.647767,88.03450893984828,31.6830351074768,41.64103222147374,financial_physical_mismatch
MPL-0370,MP-042,Gujarat,Constituency-011,District-11,Health Facility Project 0370,Health Facility,2026-02-04,2026-02-24,2026-02-24,24.38,22.73,2027-01-01,2026-12-23,Completed,AG013,V055,20.624776,72.977767,89.15370127026301,79.87324012469689,27.85159056845666,cost_overrun
MPL-0371,MP-014,West Bengal,Constituency-087,District-16,Sanitation Project 0371,Sanitation,2026-02-01,2026-02-27,2026-02-27,37.32,38.38,2027-01-14,2026-09-20,Completed,AG022,V057,23.947571,87.478648,58.5378915100036,65.38691399927865,27.795562176982337,normal
MPL-0372,MP-414,Karnataka,Constituency-016,District-08,Community Hall Project 0372,Community Hall,2026-03-26,2026-04-13,2026-04-13,50.52,47.04,2027-04-05,2026-11-10,Completed,AG005,V051,15.154176,76.969167,85.8909673548007,95.4037405982273,13.373308202687848,normal
MPL-0373,MP-257,West Bengal,Constituency-063,District-16,Sports Facility Project 0373,Sports Facility,2026-03-21,2026-04-02,2026-04-02,56.0,57.37,2027-01-28,,Ongoing,AG009,V052,23.81224,87.510043,89.31377609557887,88.56489542711452,18.82357159934544,normal
MPL-0374,MP-533,Karnataka,Constituency-099,District-16,Road Project 0374,Road,2026-04-08,2026-05-08,2026-05-08,9.93,9.33,2027-04-26,,Ongoing,AG027,V009,14.634776,74.877767,68.25211582598268,63.44514531430934,3.82958138714629,normal
MPL-0375,MP-393,Madhya Pradesh,Constituency-058,District-11,Drainage Project 0375,Drainage,2026-05-02,2026-05-19,2026-05-19,66.28,64.92,2027-02-10,,Ongoing,AG017,V034,21.844776,76.397767,35.97187159502452,40.779099539571206,50.318007262552165,normal
MPL-0376,MP-488,Gujarat,Constituency-072,District-28,Public Library Project 0376,Public Library,2026-06-20,2026-06-30,2026-06-30,43.39,40.56,2027-02-07,,Under Review,AG022,V039,21.914776,70.777767,74.36477542966176,73.08878381705038,12.491362824605158,normal
MPL-0377,MP-350,Madhya Pradesh,Constituency-049,District-04,Sports Facility Project 0377,Sports Facility,2026-06-05,2026-06-23,2026-06-23,63.19,60.11,2027-03-20,,Ongoing,AG013,V079,26.197614,78.115926,38.37831848523084,39.36851361796774,19.111672371140862,estimate_revision
MPL-0378,MP-334,Tamil Nadu,Constituency-005,District-15,Road Project 0378,Road,2026-02-07,2026-03-05,2026-03-05,54.66,53.85,2026-10-31,,Ongoing,AG022,V032,11.919414,79.419226,85.07139602928996,74.51240122285633,22.164853957113387,payment_milestone_issue
MPL-0379,MP-515,Telangana,Constituency-104,District-25,Sanitation Project 0379,Sanitation,2026-05-05,2026-05-31,2026-05-31,78.98,75.94,2026-12-02,2027-03-14,Completed,AG001,V061,16.559314,79.253126,56.46654347131532,57.06239365699246,91.52862890643804,cost_overrun
MPL-0380,MP-095,Tamil Nadu,Constituency-092,District-28,Street Lighting Project 0380,Street Lighting,2026-05-20,2026-06-12,2026-06-12,68.51,67.07,2026-12-28,,Ongoing,AG007,V064,12.703236,79.671174,50.804555748280364,39.85024569276405,52.18050543865336,normal
MPL-0381,MP-425,Karnataka,Constituency-052,District-09,Sports Facility Project 0381,Sports Facility,2026-04-08,2026-05-02,2026-05-02,23.1,23.27,2027-02-15,2026-11-29,Completed,AG026,V068,14.37664,75.901843,70.83452474553616,65.47515906697296,15.73487515095478,normal
MPL-0382,MP-546,Bihar,Constituency-104,District-20,School Infrastructure Project 0382,School Infrastructure,2026-05-12,2026-06-10,2026-06-10,45.17,42.48,2027-06-05,2027-04-29,Completed,AG029,V003,25.909314,86.983126,62.456199725809725,64.99393647818997,29.16979425862408,normal
MPL-0383,MP-209,Maharashtra,Constituency-109,District-14,Public Library Project 0383,Public Library,2026-04-16,2026-04-29,2026-04-29,25.31,25.36,2026-12-02,,Ongoing,AG007,V047,19.004176,75.807867,77.10415450122328,83.67483840952602,11.854226135931563,normal
MPL-0384,MP-038,Uttar Pradesh,Constituency-026,District-06,Sports Facility Project 0384,Sports Facility,2026-02-18,2026-03-03,2026-03-03,18.8,17.35,2026-09-28,,Under Review,AG008,V052,28.999276,77.754167,78.83746181054104,73.6693543025039,8.800833422138327,normal
MPL-0385,MP-093,Uttar Pradesh,Constituency-051,District-27,Public Library Project 0385,Public Library,2026-04-07,2026-05-05,2026-05-05,11.98,12.2,2026-11-06,2027-04-01,Completed,AG006,V006,25.934776,80.847767,52.26476258105029,46.82030443225626,3.461119252168515,normal
MPL-0386,MP-400,West Bengal,Constituency-104,District-24,Public Library Project 0386,Public Library,2026-04-16,2026-05-14,2026-05-14,67.69,69.35,2027-04-29,2027-05-22,Completed,AG030,V016,22.16224,88.350043,86.23555938817044,11.834152501805598,10.740188862868033,low_expenditure
MPL-0387,MP-253,Gujarat,Constituency-036,District-29,Community Hall Project 0387,Community Hall,2026-02-10,2026-03-12,2026-03-12,37.4,37.96,2026-12-29,,Under Review,AG006,V028,22.029314,73.133126,38.07589714951606,37.81223649690472,44.62279073588811,cost_overrun
MPL-0388,MP-125,Tamil Nadu,Constituency-069,District-28,Sanitation Project 0388,Sanitation,2025-12-28,2026-01-09,2026-01-09,65.52,60.67,2026-12-24,2027-01-11,Completed,AG001,V078,12.728062,79.810039,85.46015086311212,88.23531990242762,23.302190326056788,estimate_revision
MPL-0389,MP-035,Telangana,Constituency-036,District-28,Sanitation Project 0389,Sanitation,2026-02-23,2026-03-02,2026-03-02,23.15,23.57,2026-11-13,,Under Review,AG010,V012,16.764776,77.647767,85.37399406832844,87.26375352676642,16.878892802716646,normal
MPL-0390,MP-029,Madhya Pradesh,Constituency-098,District-02,Street Lighting Project 0390,Street Lighting,2026-03-25,2026-04-19,2026-04-19,67.36,67.15,2026-11-10,2027-01-20,Completed,AG030,V043,22.693003,75.77172,62.84839826561658,58.5892378904622,38.21650531818336,normal
MPL-0391,MP-421,Gujarat,Constituency-102,District-11,Road Project 0391,Road,2026-05-22,2026-06-10,2026-06-10,30.59,28.42,2027-02-23,,Ongoing,AG013,V026,20.657571,72.878648,43.68023416942504,43.040283772547554,21.71066980572315,normal
MPL-0392,MP-022,Uttar Pradesh,Constituency-003,District-30,School Infrastructure Project 0392,School Infrastructure,2026-03-03,2026-03-25,2026-03-25,22.3,21.53,2026-12-02,,Ongoing,AG022,V076,25.514776,79.547767,45.00390895934537,52.2844892437996,16.163029418190114,normal
MPL-0393,MP-539,Karnataka,Constituency-056,District-25,Drainage Project 0393,Drainage,2026-06-10,2026-06-29,2026-06-29,11.58,11.44,2026-10-28,,Delayed,AG007,V034,13.387571,74.688648,68.02160020402579,24.181072473032497,8.668744861569802,delay
MPL-0394,MP-429,Rajasthan,Constituency-024,District-14,Water Supply Project 0394,Water Supply,2026-02-13,2026-03-15,2026-03-15,35.51,34.35,2027-01-15,,Ongoing,AG007,V035,29.934776,73.927767,46.3633274138313,39.10579256638226,23.59045025937677,normal
MPL-0395,MP-218,Uttar Pradesh,Constituency-092,District-13,Water Supply Project 0395,Water Supply,2026-02-06,2026-03-05,2026-03-05,49.97,49.53,2026-12-04,,Under Review,AG020,V058,27.464913,80.712507,39.71562706356952,38.03102244062812,35.258675523416684,normal
MPL-0396,MP-006,Karnataka,Constituency-033,District-17,Community Hall Project 0396,Community Hall,2025-12-21,2026-01-14,2026-01-14,75.04,72.92,2026-10-06,,Ongoing,AG018,V008,17.18224,77.130043,54.48659259692333,55.82683081541771,44.15448326723232,normal
MPL-0397,MP-146,Tamil Nadu,Constituency-034,District-04,School Infrastructure Project 0397,School Infrastructure,2025-12-27,2026-01-11,2026-01-11,20.91,19.63,2026-12-05,,Under Review,AG029,V072,10.763903,78.61872,62.10619051879631,57.56807870776736,23.818232894039976,cost_overrun
MPL-0398,MP-155,Uttar Pradesh,Constituency-072,District-28,Health Facility Project 0398,Health Facility,2026-02-16,2026-03-14,2026-03-14,52.13,52.33,2026-11-16,,Under Review,AG030,V056,25.494776,80.377767,49.50668672795219,44.39291367695149,37.84066337844438,payment_milestone_issue
MPL-0399,MP-366,Rajasthan,Constituency-091,District-18,School Infrastructure Project 0399,School Infrastructure,2026-01-27,2026-02-16,2026-02-16,41.86,39.26,2026-08-24,,Under Review,AG002,V030,25.664913,73.352507,60.69230619075628,51.24483522696853,28.44162690192851,normal
MPL-0400,MP-539,Gujarat,Constituency-099,District-19,Community Hall Project 0400,Community Hall,2026-02-12,2026-02-22,2026-02-22,21.01,19.72,2026-11-01,,Ongoing,AG012,V012,21.899021,73.464807,62.98057701618557,56.981991198903984,14.2412731886778,normal
MPL-0401,MP-030,Madhya Pradesh,Constituency-011,District-15,Community Hall Project 0401,Community Hall,2025-12-11,2026-01-07,2026-01-07,57.05,56.76,2026-09-16,,Ongoing,AG029,V043,22.494913,76.932507,56.679339152170016,57.666786104343615,42.8053565059489,normal
MPL-0402,MP-217,Uttar Pradesh,Constituency-111,District-02,Sports Facility Project 0402,Sports Facility,2026-02-24,2026-03-26,2026-03-26,55.24,56.6,2026-10-03,,Ongoing,AG022,V001,26.497471,80.280548,52.87035075655588,56.96434553790149,36.17811814695997,normal
MPL-0403,MP-398,Maharashtra,Constituency-100,District-13,Community Hall Project 0403,Community Hall,2026-03-25,2026-04-08,2026-04-08,36.72,34.5,2026-10-28,,Ongoing,AG018,V078,19.142114,74.670426,88.07771203963654,95.11905327569278,10.255808205865788,normal
MPL-0404,MP-488,Gujarat,Constituency-035,District-19,Community Hall Project 0404,Community Hall,2026-03-28,2026-04-21,2026-04-21,73.07,72.08,2026-10-07,,Delayed,AG010,V063,21.781933,73.48409,54.74743423315597,21.13606037300323,32.05773270333248,delay
MPL-0405,MP-540,Tamil Nadu,Constituency-081,District-21,Sports Facility Project 0405,Sports Facility,2026-05-21,2026-06-11,2026-06-11,14.69,14.34,2027-03-27,,Under Review,AG006,V056,8.694913,78.182507,88.52994848410687,91.41162918826144,8.506970213804655,normal
MPL-0406,MP-423,Karnataka,Constituency-013,District-15,Drainage Project 0406,Drainage,2026-01-07,2026-02-02,2026-02-02,73.01,73.93,2027-01-23,,Under Review,AG010,V020,14.769314,75.333126,63.77006313596107,16.037182784144086,54.8210492869414,financial_physical_mismatch
MPL-0407,MP-466,Tamil Nadu,Constituency-097,District-22,Sanitation Project 0407,Sanitation,2026-04-20,2026-05-09,2026-05-09,16.2,16.08,2026-11-09,2027-01-04,Completed,AG019,V011,8.194776,77.457767,44.87537077247902,36.883949732659424,20.126591975845944,cost_overrun
MPL-0408,MP-415,Gujarat,Constituency-112,District-22,Water Supply Project 0408,Water Supply,2026-05-07,2026-06-04,2026-06-04,70.76,65.93,2026-12-29,,Delayed,AG006,V011,21.314776,70.547767,64.39068016398949,21.92799684780892,20.55957678413988,delay
MPL-0409,MP-493,West Bengal,Constituency-084,District-05,Sports Facility Project 0409,Sports Facility,2026-02-22,2026-03-19,2026-03-19,17.01,15.68,2026-10-07,,Ongoing,AG012,V051,23.535176,87.359667,41.15518763570675,29.5046630590481,11.985412430162672,normal
MPL-0410,MP-021,Bihar,Constituency-111,District-15,Water Supply Project 0410,Water Supply,2026-04-06,2026-04-29,2026-04-29,42.13,38.86,2026-12-02,,Under Review,AG003,V039,24.847571,86.168648,44.13580212468537,35.48909140293321,24.18557006554609,normal
MPL-0411,MP-500,Telangana,Constituency-052,District-16,Road Project 0411,Road,2026-01-06,2026-01-27,2026-01-27,69.03,66.79,2027-01-03,2026-07-15,Completed,AG011,V002,18.309314,78.763126,57.86272482331018,56.76819546438468,37.18135660731752,normal
MPL-0412,MP-356,Madhya Pradesh,Constituency-058,District-23,Water Supply Project 0412,Water Supply,2026-04-28,2026-05-16,2026-05-16,38.38,36.64,2026-11-16,,Under Review,AG023,V008,23.877571,80.348648,38.493081292001065,46.13637960697929,17.260475726228947,normal
MPL-0413,MP-301,Rajasthan,Constituency-093,District-23,Drainage Project 0413,Drainage,2026-02-12,2026-03-01,2026-03-01,23.82,24.3,2027-01-04,,Ongoing,AG012,V057,25.109314,73.813126,53.65341492515398,54.89961784684242,16.92513422598727,normal
MPL-0414,MP-426,Tamil Nadu,Constituency-064,District-10,Drainage Project 0414,Drainage,2026-05-28,2026-06-09,2026-06-09,28.34,28.41,2027-01-28,,Ongoing,AG026,V021,10.265362,78.090339,71.68810487955017,62.52822906800614,10.106193787994744,normal
MPL-0415,MP-124,Maharashtra,Constituency-072,District-08,Health Facility Project 0415,Health Facility,2026-03-13,2026-04-02,2026-04-02,19.42,19.64,2027-03-21,,Ongoing,AG029,V034,19.05054,77.301043,84.19516088583573,72.89850105674029,5.572707820352528,normal
MPL-0416,MP-114,Tamil Nadu,Constituency-014,District-26,Road Project 0416,Road,2026-02-14,2026-03-10,2026-03-10,69.45,70.57,2026-10-14,,Under Review,AG025,V072,12.144776,78.207767,68.2359216497967,58.52704615416104,19.5283902593932,normal
MPL-0417,MP-102,Karnataka,Constituency-020,District-21,Public Library Project 0417,Public Library,2026-01-11,2026-01-27,2026-01-27,53.35,54.19,2026-09-06,,Under Review,AG002,V065,13.323756,77.794915,85.10421737946655,76.55893342132715,21.9374766933698,normal
MPL-0418,MP-156,Rajasthan,Constituency-097,District-25,Drainage Project 0418,Drainage,2026-02-11,2026-03-04,2026-03-04,32.58,31.78,2026-12-30,,Ongoing,AG014,V001,25.131933,76.47409,39.68786239348992,35.88146225635151,20.65915985242096,estimate_revision
MPL-0419,MP-087,Telangana,Constituency-044,District-11,Street Lighting Project 0419,Street Lighting,2026-04-11,2026-04-28,2026-04-28,65.21,62.59,2027-03-06,,Ongoing,AG030,V053,17.489314,78.203126,36.63696098582318,27.83981571558988,15.977525687118492,normal
MPL-0420,MP-412,Maharashtra,Constituency-114,District-22,Street Lighting Project 0420,Street Lighting,2026-05-23,2026-06-19,2026-06-19,18.87,18.55,2027-05-29,,Under Review,AG025,V005,20.918976,74.822667,88.77531368090521,98.33634932661462,12.493564231286536,normal
MPL-0421,MP-354,Tamil Nadu,Constituency-114,District-26,Health Facility Project 0421,Health Facility,2026-04-16,2026-05-16,2026-05-16,74.27,74.05,2027-04-17,,Under Review,AG001,V036,12.109314,78.093126,59.5403977886838,52.05333635911433,39.87928718340719,normal
MPL-0422,MP-164,Uttar Pradesh,Constituency-003,District-01,Community Hall Project 0422,Community Hall,2026-02-25,2026-03-27,2026-03-27,60.21,60.29,2026-12-31,2027-03-15,Completed,AG002,V069,26.861476,80.993967,41.93031052966292,51.75263785960688,70.95594886507101,cost_overrun
MPL-0423,MP-465,Uttar Pradesh,Constituency-044,District-08,Street Lighting Project 0423,Street Lighting,2025-12-17,2026-01-16,2026-01-16,26.7,26.05,2026-10-18,,Ongoing,AG017,V015,27.876714,78.021126,41.809716020713054,46.45403476764619,19.50915258170559,normal
MPL-0424,MP-336,Bihar,Constituency-067,District-19,Sports Facility Project 0424,Sports Facility,2026-03-07,2026-03-18,2026-03-18,56.02,56.56,2026-11-25,,Ongoing,AG008,V045,25.927571,86.548648,66.50211544322862,57.58148827925011,25.46120989774125,normal
MPL-0425,MP-532,Karnataka,Constituency-100,District-13,School Infrastructure Project 0425,School Infrastructure,2026-04-03,2026-04-16,2026-04-16,14.64,14.15,2026-11-02,,Under Review,AG023,V055,16.809514,75.643126,42.15348266954659,34.87873951352781,4.123006155342027,normal
MPL-0426,MP-467,Madhya Pradesh,Constituency-061,District-02,Drainage Project 0426,Drainage,2026-01-14,2026-02-11,2026-02-11,44.42,43.24,2026-09-15,,Ongoing,AG024,V054,22.614513,75.890207,60.174204015107335,69.47090375882183,22.570774400938816,normal
MPL-0427,MP-029,Karnataka,Constituency-102,District-05,Sports Facility Project 0427,Sports Facility,2026-01-20,2026-01-29,2026-01-29,34.61,32.94,2026-08-27,2026-11-09,Completed,AG028,V053,15.829014,74.430826,63.75276244008353,54.34309113475702,13.55843451744636,estimate_revision
MPL-0428,MP-387,Uttar Pradesh,Constituency-061,District-27,Sanitation Project 0428,Sanitation,2026-04-08,2026-05-06,2026-05-06,16.81,16.11,2026-11-02,2027-05-01,Completed,AG007,V024,25.899314,80.733126,82.8734594766612,80.06011287155312,8.92045044342449,normal
MPL-0429,MP-405,Gujarat,Constituency-044,District-18,Public Library Project 0429,Public Library,2026-04-20,2026-04-26,2026-04-26,40.33,40.95,2027-04-11,,Ongoing,AG021,V059,22.793403,74.17402,52.88689576024058,58.48275142652744,24.659525937580128,normal
MPL-0430,MP-535,Uttar Pradesh,Constituency-025,District-25,Community Hall Project 0430,Community Hall,2025-12-18,2026-01-07,2026-01-07,53.37,53.63,2026-11-29,,Ongoing,AG028,V022,29.544776,77.247767,51.986644386183016,54.18015729323502,68.09340578855166,cost_overrun
MPL-0431,MP-504,Bihar,Constituency-111,District-30,School Infrastructure Project 0431,School Infrastructure,2026-02-17,2026-02-22,2026-02-22,67.74,68.57,2026-10-22,,Ongoing,AG001,V036,25.659314,85.153126,66.87540128404365,56.73765606570902,36.5326045661336,payment_milestone_issue
MPL-0432,MP-174,Maharashtra,Constituency-008,District-20,Public Library Project 0432,Public Library,2026-02-20,2026-03-07,2026-03-07,16.25,15.13,2026-09-26,,Under Review,AG011,V049,20.760076,78.649967,44.24857959668595,35.41733316118315,16.95411320048003,cost_overrun
MPL-0433,MP-118,Uttar Pradesh,Constituency-035,District-02,Street Lighting Project 0433,Street Lighting,2026-01-22,2026-02-06,2026-02-06,72.3,68.57,2026-11-18,,Under Review,AG004,V041,26.36214,80.311943,86.78676333670151,18.95506928705004,5.536605471167475,low_expenditure
MPL-0434,MP-086,Madhya Pradesh,Constituency-109,District-21,Road Project 0434,Road,2025-12-15,2026-01-05,2026-01-05,47.89,47.15,2026-09-10,,Under Review,AG014,V030,24.83224,79.560043,40.58301790466447,45.36854044162444,55.66983981551197,cost_overrun
MPL-0435,MP-001,Tamil Nadu,Constituency-008,District-30,Public Library Project 0435,Public Library,2026-04-28,2026-05-18,2026-05-18,77.22,75.76,2027-03-02,,Ongoing,AG006,V032,9.92224,77.450043,37.29856438975824,43.1767261794016,57.53143598951697,normal
MPL-0436,MP-287,Telangana,Constituency-113,District-14,Health Facility Project 0436,Health Facility,2026-05-19,2026-05-30,2026-05-30,28.25,26.49,2027-04-05,,Ongoing,AG027,V028,18.014776,78.047767,64.37491074926768,53.91348558354028,7.882073142400846,normal
MPL-0437,MP-488,Tamil Nadu,Constituency-001,District-29,Health Facility Project 0437,Health Facility,2026-04-21,2026-04-26,2026-04-26,25.71,26.43,2026-12-31,,Ongoing,AG021,V034,9.627571,77.898648,53.78963926124807,30.91243638899693,22.44669924108576,financial_physical_mismatch
MPL-0438,MP-367,Madhya Pradesh,Constituency-050,District-06,Street Lighting Project 0438,Street Lighting,2026-05-18,2026-06-16,2026-06-16,13.58,12.54,2027-05-28,,Under Review,AG018,V011,23.733713,78.770307,80.76461255463298,83.54010027406366,7.602880788132881,estimate_revision
MPL-0439,MP-227,Karnataka,Constituency-030,District-16,Drainage Project 0439,Drainage,2026-04-08,2026-04-24,2026-04-24,23.95,22.09,2026-10-23,2027-04-25,Completed,AG012,V025,14.599314,74.763126,50.46239661001033,58.73316778267056,26.311218370294863,cost_overrun
MPL-0440,MP-067,West Bengal,Constituency-076,District-05,Water Supply Project 0440,Water Supply,2026-05-16,2026-06-13,2026-06-13,15.99,15.2,2027-03-21,,Ongoing,AG001,V026,23.499714,87.245026,62.51791013159321,54.26840625189168,5.361013191071586,normal
MPL-0441,MP-003,West Bengal,Constituency-055,District-21,Water Supply Project 0441,Water Supply,2026-02-14,2026-03-12,2026-03-12,69.03,63.68,2026-10-27,,Under Review,AG029,V067,22.314913,87.352507,88.33959134753212,91.24974948792854,36.6581543846502,normal
MPL-0442,MP-324,Tamil Nadu,Constituency-001,District-13,Street Lighting Project 0442,Street Lighting,2026-03-01,2026-03-12,2026-03-12,56.97,55.34,2026-10-09,,Under Review,AG028,V053,12.43884,78.194643,54.8809513706649,14.168995460688116,5.789010537456468,low_expenditure
MPL-0443,MP-343,Maharashtra,Constituency-108,District-09,Water Supply Project 0443,Water Supply,2026-01-08,2026-01-20,2026-01-20,22.18,21.21,2026-09-20,,Ongoing,AG023,V055,21.022476,75.610367,38.45642685465297,40.21291027633609,5.615825969856578,normal
MPL-0444,MP-063,Tamil Nadu,Constituency-118,District-02,Road Project 0444,Road,2026-04-27,2026-05-14,2026-05-14,75.94,76.34,2027-01-09,,Ongoing,AG027,V043,11.031576,77.003567,69.0761605584556,73.88632910865454,44.3867358003669,normal
MPL-0445,MP-099,Karnataka,Constituency-080,District-25,School Infrastructure Project 0445,School Infrastructure,2025-12-28,2026-01-15,2026-01-15,51.97,50.28,2026-09-29,,Under Review,AG002,V057,13.25224,74.720043,40.60051699925992,29.82789610005708,13.9611302452524,normal
MPL-0446,MP-198,West Bengal,Constituency-014,District-04,Road Project 0446,Road,2026-04-24,2026-04-29,2026-04-29,71.36,70.51,2027-02-12,2027-03-05,Completed,AG015,V050,26.741876,88.443067,53.67890611887484,62.3057728683036,46.88579674870957,normal
MPL-0447,MP-150,Rajasthan,Constituency-019,District-16,Sports Facility Project 0447,Sports Facility,2026-02-21,2026-03-07,2026-03-07,38.31,38.3,2026-12-02,2026-11-01,Completed,AG005,V066,25.729314,71.333126,59.45433724839826,22.168337735861638,30.91459666161644,financial_physical_mismatch
MPL-0448,MP-488,Maharashtra,Constituency-089,District-23,Public Library Project 0448,Public Library,2025-12-27,2026-01-15,2026-01-15,44.51,45.04,2026-09-12,2026-08-11,Completed,AG019,V019,21.28224,74.220043,82.22862130406052,23.627503276012227,6.849876643280072,low_expenditure
MPL-0449,MP-236,West Bengal,Constituency-060,District-20,Sports Facility Project 0449,Sports Facility,2026-03-07,2026-03-18,2026-03-18,31.66,29.49,2026-12-30,,Ongoing,AG011,V079,22.694913,87.032507,83.1858013078982,91.21774785469287,15.123747644892692,normal
MPL-0450,MP-369,Tamil Nadu,Constituency-006,District-01,Street Lighting Project 0450,Street Lighting,2026-02-06,2026-02-17,2026-02-17,34.12,31.67,2026-09-22,,Delayed,AG007,V052,12.99494,80.250743,36.65096737822918,24.642159810794286,12.794850832933143,delay
MPL-0451,MP-347,Uttar Pradesh,Constituency-120,District-07,School Infrastructure Project 0451,School Infrastructure,2026-02-18,2026-03-04,2026-03-04,22.11,20.77,2026-10-15,,Ongoing,AG011,V071,28.346314,79.363526,49.39837332878777,39.62455810269381,24.936875642016947,cost_overrun
MPL-0452,MP-440,Tamil Nadu,Constituency-082,District-08,School Infrastructure Project 0452,School Infrastructure,2026-04-16,2026-04-22,2026-04-22,12.71,11.9,2027-04-19,2026-12-19,Completed,AG017,V080,12.895814,79.065626,85.82855069781621,91.31630926106727,4.18393390959369,estimate_revision
MPL-0453,MP-084,Bihar,Constituency-101,District-16,Sanitation Project 0453,Sanitation,2026-02-23,2026-03-25,2026-03-25,11.83,11.92,2026-11-23,,Ongoing,AG026,V020,24.927571,86.868648,83.00683205541387,89.73989009959361,9.097864701089248,normal
MPL-0454,MP-275,Bihar,Constituency-075,District-13,Street Lighting Project 0454,Street Lighting,2026-03-12,2026-04-06,2026-04-06,45.36,42.62,2027-02-07,,Under Review,AG025,V066,24.644913,84.402507,74.18677803548671,73.74724279971825,21.57200386405534,normal
MPL-0455,MP-138,Maharashtra,Constituency-097,District-03,Water Supply Project 0455,Water Supply,2026-04-12,2026-04-26,2026-04-26,36.5,34.81,2026-12-22,,Ongoing,AG008,V026,20.012276,73.837567,83.87899112507375,84.4491396337611,25.961799984696317,estimate_revision
MPL-0456,MP-453,West Bengal,Constituency-030,District-09,Road Project 0456,Road,2026-05-15,2026-06-09,2026-06-09,38.68,37.57,2027-03-02,,Ongoing,AG015,V066,22.239556,87.399115,57.49240264455345,63.19150088100957,15.705042419467054,estimate_revision
MPL-0457,MP-282,Uttar Pradesh,Constituency-025,District-23,Public Library Project 0457,Public Library,2026-05-21,2026-06-14,2026-06-14,64.58,66.0,2026-12-31,2027-05-30,Completed,AG017,V070,29.38224,77.680043,40.41250103356192,12.94969484304346,6.124890290090463,low_expenditure
MPL-0458,MP-408,Bihar,Constituency-030,District-08,Sanitation Project 0458,Sanitation,2026-02-14,2026-03-14,2026-03-14,64.39,62.1,2026-12-07,,Ongoing,AG001,V039,25.568876,84.711467,57.31671661289313,58.07569978292365,37.093168906408245,normal
MPL-0459,MP-215,Bihar,Constituency-057,District-15,Sports Facility Project 0459,Sports Facility,2026-04-08,2026-04-30,2026-04-30,66.64,63.81,2027-04-29,,Under Review,AG026,V071,24.71224,86.200043,39.72317209258016,46.33080878370806,30.453978230004704,normal
MPL-0460,MP-024,Gujarat,Constituency-073,District-26,Sanitation Project 0460,Sanitation,2026-05-02,2026-05-08,2026-05-08,68.07,65.17,2027-04-21,2027-01-06,Completed,AG024,V002,23.199314,72.613126,58.053102369715006,61.1398840991582,30.22489582741129,normal
MPL-0461,MP-463,Tamil Nadu,Constituency-082,District-29,Sports Facility Project 0461,Sports Facility,2026-05-22,2026-06-05,2026-06-05,70.42,72.38,2026-12-14,,Delayed,AG021,V078,9.49224,77.930043,46.2312540201701,12.715958902396515,38.598806964602645,delay
MPL-0462,MP-466,Bihar,Constituency-008,District-12,School Infrastructure Project 0462,School Infrastructure,2026-04-15,2026-05-06,2026-05-06,21.44,19.89,2026-11-08,,Ongoing,AG002,V078,24.934776,84.227767,87.96470058131348,82.20868823493872,7.429131716982626,normal
MPL-0463,MP-487,Telangana,Constituency-021,District-20,Street Lighting Project 0463,Street Lighting,2026-01-11,2026-02-03,2026-02-03,38.13,38.2,2026-12-17,2026-10-31,Completed,AG006,V015,18.144913,79.832507,56.39460938073934,64.27353447359584,13.73038784295774,normal
MPL-0464,MP-472,Bihar,Constituency-060,District-19,Drainage Project 0464,Drainage,2025-12-27,2026-01-02,2026-01-02,40.09,40.52,2026-08-06,,Under Review,AG009,V026,25.79224,86.580043,68.26667297196478,61.69715568412068,17.193141500858168,normal
MPL-0465,MP-188,Madhya Pradesh,Constituency-090,District-19,Health Facility Project 0465,Health Facility,2026-04-03,2026-04-11,2026-04-11,67.29,68.2,2027-03-13,,Under Review,AG023,V039,24.56224,77.300043,57.82790171878349,49.77862013505128,39.37870412163314,normal
MPL-0466,MP-378,Rajasthan,Constituency-010,District-25,School Infrastructure Project 0466,School Infrastructure,2026-03-08,2026-03-16,2026-03-16,73.97,73.73,2027-03-01,,Ongoing,AG009,V069,25.113756,76.614915,74.73251640515707,67.51212352227503,37.71646470643859,normal
MPL-0467,MP-200,Telangana,Constituency-051,District-02,Drainage Project 0467,Drainage,2026-02-18,2026-02-23,2026-02-23,11.21,10.35,2026-12-29,,Under Review,AG006,V033,17.983676,79.641867,70.13766428974803,73.00134975232862,5.121274226355022,payment_milestone_issue
MPL-0468,MP-175,Gujarat,Constituency-108,District-01,Health Facility Project 0468,Health Facility,2026-04-11,2026-05-05,2026-05-05,12.91,12.66,2027-02-27,,Ongoing,AG022,V060,22.93474,72.551443,48.326148496918265,57.22655382660706,4.106088099681522,normal
MPL-0469,MP-453,Bihar,Constituency-090,District-02,Street Lighting Project 0469,Street Lighting,2026-05-27,2026-06-21,2026-06-21,56.77,53.19,2026-12-20,,Ongoing,AG006,V010,24.686313,85.032707,54.6947844310605,47.46157796311216,14.268524303593418,normal
MPL-0470,MP-094,Karnataka,Constituency-003,District-14,Street Lighting Project 0470,Street Lighting,2026-04-19,2026-04-24,2026-04-24,51.07,47.26,2026-11-03,,Ongoing,AG023,V040,16.159314,75.623126,55.756754220957184,48.19499135483306,18.069430190716872,normal
MPL-0471,MP-405,Rajasthan,Constituency-055,District-04,Community Hall Project 0471,Community Hall,2026-06-08,2026-06-20,2026-06-20,60.13,55.61,2027-01-28,,Ongoing,AG008,V013,27.93514,73.291943,63.18750553520479,69.13124093502553,23.41293194717385,normal
MPL-0472,MP-105,Gujarat,Constituency-092,District-18,Road Project 0472,Road,2025-12-05,2026-01-04,2026-01-04,23.32,22.02,2026-10-10,,Under Review,AG013,V041,22.714913,74.292507,71.18789363525562,35.3655811624743,17.664870465272344,financial_physical_mismatch
MPL-0473,MP-494,Gujarat,Constituency-009,District-11,Sanitation Project 0473,Sanitation,2026-03-20,2026-03-25,2026-03-25,58.13,57.81,2027-03-01,2027-04-06,Completed,AG004,V077,20.52224,72.910043,88.48017690649147,91.74203327560308,24.626173778168265,normal
MPL-0474,MP-062,Telangana,Constituency-018,District-12,Public Library Project 0474,Public Library,2026-04-19,2026-05-09,2026-05-09,58.73,54.12,2027-04-04,,Ongoing,AG021,V030,17.51224,78.110043,36.16673587932569,16.427468071570143,4.419490341922844,low_expenditure
MPL-0475,MP-025,Rajasthan,Constituency-030,District-28,Road Project 0475,Road,2026-03-27,2026-04-24,2026-04-24,17.67,16.87,2027-01-13,2027-04-11,Completed,AG008,V077,26.894776,76.377767,78.28339850028726,67.15476298545573,11.296882112992025,normal
MPL-0476,MP-054,Bihar,Constituency-082,District-05,Road Project 0476,Road,2026-06-14,2026-06-25,2026-06-25,59.8,59.02,2027-06-18,,Ongoing,AG030,V032,25.791876,87.523067,55.98172563076732,35.00693501761386,43.32050199541612,financial_physical_mismatch
MPL-0477,MP-279,Bihar,Constituency-111,District-26,Water Supply Project 0477,Water Supply,2026-01-01,2026-01-21,2026-01-21,60.2,57.45,2026-11-06,,Ongoing,AG008,V065,26.629314,84.853126,74.69205711681019,14.28029335026687,6.220413400213869,low_expenditure
MPL-0478,MP-157,Telangana,Constituency-071,District-24,Street Lighting Project 0478,Street Lighting,2026-04-13,2026-04-23,2026-04-23,44.38,44.42,2027-02-05,2027-03-01,Completed,AG006,V061,16.864776,80.047767,76.81784554253008,23.772644168363044,39.56971099634946,financial_physical_mismatch
MPL-0479,MP-415,Madhya Pradesh,Constituency-119,District-14,Sanitation Project 0479,Sanitation,2026-05-19,2026-06-05,2026-06-05,13.18,12.32,2027-04-04,,Under Review,AG013,V072,22.66224,77.700043,60.80921646777068,26.51609559952079,10.657651006321396,financial_physical_mismatch
MPL-0480,MP-357,Madhya Pradesh,Constituency-066,District-23,Sanitation Project 0480,Sanitation,2025-12-30,2026-01-19,2026-01-19,71.72,73.81,2026-10-30,2027-01-11,Completed,AG021,V076,23.74224,80.380043,41.84626297030918,50.35311326093092,24.804002779581182,normal
MPL-0481,MP-268,Maharashtra,Constituency-078,District-15,Street Lighting Project 0481,Street Lighting,2026-02-07,2026-03-05,2026-03-05,42.4,43.31,2026-11-02,,Ongoing,AG030,V055,19.849476,75.929367,54.87778585182427,58.42208286809744,11.476098509384451,normal
MPL-0482,MP-170,West Bengal,Constituency-107,District-14,School Infrastructure Project 0482,School Infrastructure,2026-01-11,2026-01-24,2026-01-24,59.24,57.01,2027-01-03,,Under Review,AG001,V015,25.244776,88.817767,73.83383745133,83.26504044279997,16.680248494134485,normal
MPL-0483,MP-173,Bihar,Constituency-105,District-16,Street Lighting Project 0483,Street Lighting,2026-04-11,2026-04-16,2026-04-16,15.87,15.6,2026-11-04,,Ongoing,AG019,V040,24.79224,86.900043,78.86436707482937,21.224353767704613,2.1975902440907618,low_expenditure
MPL-0484,MP-191,Telangana,Constituency-026,District-02,Public Library Project 0484,Public Library,2026-03-24,2026-04-21,2026-04-21,20.7,19.47,2026-11-30,,Ongoing,AG014,V037,17.948214,79.527226,42.38826342590994,41.090631134024136,22.982995286006723,cost_overrun
MPL-0485,MP-497,Uttar Pradesh,Constituency-087,District-25,Street Lighting Project 0485,Street Lighting,2026-01-20,2026-01-28,2026-01-28,19.96,19.01,2027-01-05,,Under Review,AG015,V080,29.509314,77.133126,55.77506957096969,49.863838033909055,8.199783216787878,normal
MPL-0486,MP-346,Maharashtra,Constituency-078,District-14,Sports Facility Project 0486,Sports Facility,2026-01-10,2026-01-25,2026-01-25,45.61,42.0,2026-09-16,,Under Review,AG026,V006,18.968714,75.693226,68.16416795256791,77.87589848614745,27.447961977403647,normal
MPL-0487,MP-027,Tamil Nadu,Constituency-078,District-04,Water Supply Project 0487,Water Supply,2026-03-17,2026-04-07,2026-04-07,12.12,11.63,2027-03-09,,Ongoing,AG012,V052,10.685413,78.737207,53.16403895128415,43.36794092813673,5.7239046227599,normal
MPL-0488,MP-369,Rajasthan,Constituency-112,District-02,Health Facility Project 0488,Health Facility,2026-05-26,2026-06-25,2026-06-25,70.63,68.98,2027-06-08,2026-12-06,Completed,AG015,V080,26.218214,72.957426,71.31256256503181,59.38140297705242,40.57257546068839,normal
MPL-0489,MP-395,Rajasthan,Constituency-038,District-20,Sports Facility Project 0489,Sports Facility,2026-05-26,2026-06-06,2026-06-06,33.08,33.85,2026-12-23,,Ongoing,AG016,V052,23.94224,74.760043,86.78126861301398,85.25595079293564,20.273430966282653,normal
MPL-0490,MP-494,West Bengal,Constituency-085,District-18,Public Library Project 0490,Public Library,2026-04-26,2026-05-08,2026-05-08,29.7,29.52,2026-11-26,,Ongoing,AG002,V017,23.244776,87.027767,65.18106631410924,72.42635340665835,10.009287691581624,normal
MPL-0491,MP-140,Karnataka,Constituency-119,District-18,Community Hall Project 0491,Community Hall,2026-01-17,2026-02-11,2026-02-11,72.99,73.3,2026-11-01,,Ongoing,AG014,V004,14.244776,76.447767,47.12068192328978,40.78850986216324,36.82886874862741,normal
MPL-0492,MP-239,Tamil Nadu,Constituency-029,District-09,Water Supply Project 0492,Water Supply,2026-05-26,2026-06-03,2026-06-03,54.37,52.28,2026-12-16,,Under Review,AG030,V074,10.681913,79.170307,74.45935037630223,78.65140510956829,23.64492484918436,normal
MPL-0493,MP-328,Tamil Nadu,Constituency-099,District-12,Sports Facility Project 0493,Sports Facility,2025-12-31,2026-01-30,2026-01-30,34.48,34.96,2026-12-22,,Under Review,AG030,V025,12.576813,80.021307,87.4737740375901,27.318869928767725,31.094253227736903,financial_physical_mismatch
MPL-0494,MP-036,Bihar,Constituency-077,District-11,Sports Facility Project 0494,Sports Facility,2026-01-14,2026-01-28,2026-01-28,8.66,8.78,2026-11-05,2026-08-13,Completed,AG019,V029,25.069314,85.243126,52.37594237892734,20.199713832413916,0.6072713036307141,low_expenditure
MPL-0495,MP-184,Uttar Pradesh,Constituency-110,District-16,Sports Facility Project 0495,Sports Facility,2026-04-09,2026-05-07,2026-05-07,58.7,56.44,2027-01-16,,Ongoing,AG016,V028,27.394776,79.077767,88.96285373390883,20.989871539298395,8.768203734810623,low_expenditure
MPL-0496,MP-404,Gujarat,Constituency-013,District-05,Road Project 0496,Road,2026-03-13,2026-03-28,2026-03-28,56.81,58.45,2027-01-10,2027-04-11,Completed,AG018,V051,21.67674,72.131943,76.67428017798773,100.0,30.96432881201631,sudden_progress_jump
MPL-0497,MP-105,Maharashtra,Constituency-087,District-26,Sanitation Project 0497,Sanitation,2026-05-19,2026-05-28,2026-05-28,39.82,38.75,2026-11-10,,Delayed,AG015,V021,19.699314,76.653126,84.34699477974519,26.28094986251229,26.20701152790268,delay
MPL-0498,MP-035,Gujarat,Constituency-016,District-08,Road Project 0498,Road,2026-04-15,2026-05-02,2026-05-02,76.04,70.94,2026-09-30,,Delayed,AG004,V046,22.543814,72.862026,63.34893484231367,28.06376043781526,34.045905247266504,delay
MPL-0499,MP-024,Gujarat,Constituency-076,District-19,Street Lighting Project 0499,Street Lighting,2026-04-06,2026-04-29,2026-04-29,35.51,35.14,2027-04-10,,Ongoing,AG025,V012,21.763756,73.624915,59.48150545509732,47.73675864072722,42.08099846754754,cost_overrun
MPL-0500,MP-416,Karnataka,Constituency-105,District-23,Sports Facility Project 0500,Sports Facility,2026-04-29,2026-05-04,2026-05-04,58.6,55.84,2027-04-14,,Ongoing,AG006,V050,13.109314,78.063126,41.88800406060568,37.04304150392287,35.08411104199366,normal
